,X2,gene_name,V2
1,ENSFALG00000000001,PRELP,PRELP
2,ENSFALG00000000002,Optc,OPTC
3,ENSFALG00000000003,ATP2B2,ATP2B4
4,ENSFALG00000000004,SLC6A11,SLC6A11
5,ENSFALG00000000005,SLC6A1,SLC6A1
6,ENSFALG00000000006,ATG7,ATG7
7,ENSFALG00000000006,ATG7,ATG7
8,ENSFALG00000000007,VGLL4,VGLL4
9,ENSFALG00000000008,TAMM41,TAMM41
10,ENSFALG00000000009,SYN2,SYN2
11,ENSFALG00000000010,TIMP4,TIMP4
12,ENSFALG00000000011,PPARG,PPARG
13,ENSFALG00000000012,TSEN2,TSEN2
14,ENSFALG00000000013,Brd4b,ENSFALG00000000013
15,ENSFALG00000000014,Mkrn2os,MKRN2OS
16,ENSFALG00000000015,MKRN2,MKRN2
17,ENSFALG00000000016,REEP4,REEP4
18,ENSFALG00000000017,Lgi3,LGI3
19,ENSFALG00000000018,RAF1,RAF1
20,ENSFALG00000000018,RAF1,RAF1
21,ENSFALG00000000019,Cyhr1,CYHR1
22,ENSFALG00000000020,Cnbp,ENSFALG00000000020
23,ENSFALG00000000021,BMP1,BMP1
24,ENSFALG00000000022,Ppp1r16a,ENSFALG00000000022
25,ENSFALG00000000023,ISY1,ENSFALG00000000023
26,ENSFALG00000000024,Hdhd5,ENSFALG00000000024
27,ENSFALG00000000025,RUNX1,RUNX1
28,ENSFALG00000000026,RAB43,RAB43
29,ENSFALG00000000028,EFCC1,ENSFALG00000000028
30,ENSFALG00000000029,EFCC1,ENSFALG00000000029
31,ENSFALG00000000029,Efcc1,ENSFALG00000000029
32,ENSFALG00000000030,NDUFA13,NDUFA13
33,ENSFALG00000000031,ACAD9,ACAD9
34,ENSFALG00000000032,Gatad2a,ENSFALG00000000032
35,ENSFALG00000000033,PHYHIP,PHYHIP
36,ENSFALG00000000034,IQSEC1,IQSEC1
37,ENSFALG00000000035,IQSEC1,ENSFALG00000000035
38,ENSFALG00000000036,NUP210,NUP210
39,ENSFALG00000000037,Hdac11,HDAC11
40,ENSFALG00000000038,Ha1f,ENSFALG00000000038
41,ENSFALG00000000039,ATP2B3,ENSFALG00000000039
42,ENSFALG00000000040,YTHDC2,ENSFALG00000000040
43,ENSFALG00000000042,MCC,MCC
44,ENSFALG00000000043,DCP2,DCP2
45,ENSFALG00000000044,REEP5,REEP5
46,ENSFALG00000000046,Cyp21,ENSFALG00000000046
47,ENSFALG00000000047,APC,APC
48,ENSFALG00000000048,PPIA,ENSFALG00000000048
49,ENSFALG00000000049,Zmiz2,ZMIZ2
50,ENSFALG00000000050,OGDH,OGDH
51,ENSFALG00000000051,IL1B,ENSFALG00000000051
52,ENSFALG00000000051,IL1B,ENSFALG00000000051
53,ENSFALG00000000052,NT5DC4,NT5DC4
54,ENSFALG00000000053,SLC20A1,SLC20A1
55,ENSFALG00000000054,NUDCD3,NUDCD3
56,ENSFALG00000000055,CAMK2B,CAMK2B
57,ENSFALG00000000056,YKT6,YKT6
58,ENSFALG00000000058,GCK,GCK
59,ENSFALG00000000059,Ighv348,ENSFALG00000000059
60,ENSFALG00000000060,Ighv343,ENSFALG00000000060
61,ENSFALG00000000061,Nkl,ENSFALG00000000061
62,ENSFALG00000000062,POLD2,POLD2
63,ENSFALG00000000063,Tuft1,ENSFALG00000000063
64,ENSFALG00000000064,AEBP1,AEBP1
65,ENSFALG00000000066,NDUFS2,NDUFS2
66,ENSFALG00000000067,MCOLN1,MCOLN1
67,ENSFALG00000000069,DBNL,DBNL
68,ENSFALG00000000071,Tcf7l1a,TCF7L1
69,ENSFALG00000000072,TOX3,TOX3
70,ENSFALG00000000073,Tgoln1,ENSFALG00000000073
71,ENSFALG00000000073,Tgoln1,ENSFALG00000000073
72,ENSFALG00000000074,SALL1,SALL1
73,ENSFALG00000000075,CYLD,CYLD
74,ENSFALG00000000076,RETSAT,RETSAT
75,ENSFALG00000000077,SNX20,SNX20
76,ENSFALG00000000078,NKD1,NKD1
77,ENSFALG00000000079,ELMOD3,ELMOD3
78,ENSFALG00000000080,BRD7,BRD7
79,ENSFALG00000000081,SUGP2,ENSFALG00000000081
80,ENSFALG00000000082,ARMC6,ARMC6
81,ENSFALG00000000084,GPAT2,GPAT2
82,ENSFALG00000000085,SLC25A42,SLC25A42
83,ENSFALG00000000086,ADCY7,ADCY7
84,ENSFALG00000000087,Tent4b,TENT4B
85,ENSFALG00000000088,FAHD2B,ENSFALG00000000088
86,ENSFALG00000000089,HEATR3,HEATR3
87,ENSFALG00000000090,Kcnip3,KCNIP3
88,ENSFALG00000000091,Cnep1r1,CNEP1R1
89,ENSFALG00000000092,Cox5b,COX5B
90,ENSFALG00000000093,ANKRD33,ANKRD33
91,ENSFALG00000000094,ACVRL1,ENSFALG00000000094
92,ENSFALG00000000095,H2AZ2,H2AFV
93,ENSFALG00000000096,ACVR1B,ACVR1B
94,ENSFALG00000000097,ZNF423,ZNF423
95,ENSFALG00000000098,CBLN1,CBLN1
96,ENSFALG00000000099,NR4A1,NR4A1
97,ENSFALG00000000100,MAT2A,MAT2A
98,ENSFALG00000000101,N4BP1,N4BP1
99,ENSFALG00000000102,ATG101,ATG101
100,ENSFALG00000000103,LONP2,LONP2
101,ENSFALG00000000104,SIAH1,SIAH1
102,ENSFALG00000000105,FMNL3,FMNL3
103,ENSFALG00000000106,Ggcx,GGCX
104,ENSFALG00000000107,PHKB,PHKB
105,ENSFALG00000000107,PHKB,PHKB
106,ENSFALG00000000108,VAMP8,VAMP8
107,ENSFALG00000000109,TMBIM6,TMBIM6
108,ENSFALG00000000110,Urb1,ENSFALG00000000110
109,ENSFALG00000000111,USP39,USP39
110,ENSFALG00000000115,KANSL2,KANSL2
111,ENSFALG00000000116,PALM2AKAP2,PALM2-AKAP2
112,ENSFALG00000000117,MXD1,MXD1
113,ENSFALG00000000118,SLC46A2,SLC46A2
114,ENSFALG00000000119,SNX30,SNX30
115,ENSFALG00000000120,Snrnp27,SNRNP27
116,ENSFALG00000000121,INIP,INIP
117,ENSFALG00000000122,KIAA1958,ENSFALG00000000122
118,ENSFALG00000000123,Itfg1,ITFG1
119,ENSFALG00000000124,CCNT1,CCNT1
120,ENSFALG00000000125,Hsdl2,ENSFALG00000000125
121,ENSFALG00000000126,ADCY6,ADCY6
122,ENSFALG00000000127,ADD2,ADD2
123,ENSFALG00000000128,HSDL2,HSDL2
124,ENSFALG00000000129,CACNB3,CACNB3
125,ENSFALG00000000130,Neto2,NETO2
126,ENSFALG00000000132,DNAJA2,DNAJA2
127,ENSFALG00000000133,DDX23,DDX23
128,ENSFALG00000000134,Cdca9,ENSFALG00000000134
129,ENSFALG00000000135,CDCA9,ENSFALG00000000135
130,ENSFALG00000000137,HINT2,HINT2
131,ENSFALG00000000137,HINT2,HINT2
132,ENSFALG00000000138,SUSD1,PTBP3
133,ENSFALG00000000139,TESK1,TESK1
134,ENSFALG00000000140,GPT2,GPT2
135,ENSFALG00000000141,HK2,HK2
136,ENSFALG00000000142,CCDC65,CCDC65
137,ENSFALG00000000143,Cd72,ENSFALG00000000143
138,ENSFALG00000000145,Clec4f,ENSFALG00000000145
139,ENSFALG00000000147,Fkbp11,FKBP11
140,ENSFALG00000000148,Arf3,ENSFALG00000000148
141,ENSFALG00000000149,TMEM8B,TMEM8B
142,ENSFALG00000000150,SUSD1,SUSD1
143,ENSFALG00000000151,WNT1,WNT1
144,ENSFALG00000000152,C16orf87,C16orf87
145,ENSFALG00000000153,MYLK3,MYLK3
146,ENSFALG00000000154,GMCL1,ENSFALG00000000154
147,ENSFALG00000000155,Taf1c,TAF1C
148,ENSFALG00000000156,Ugcg,UGCG
149,ENSFALG00000000157,CHRDL1,CHRDL1
150,ENSFALG00000000158,ANXA4,ANXA4
151,ENSFALG00000000159,CTNNA2,ENSFALG00000000159
152,ENSFALG00000000160,PRKAG1,PRKAG1
153,ENSFALG00000000161,Ammecr1,AMMECR1
154,ENSFALG00000000161,AMMECR1,AMMECR1
155,ENSFALG00000000162,ORC6,ORC6
156,ENSFALG00000000163,SPAG8,ENSFALG00000000163
157,ENSFALG00000000164,Aak1,AAK1
158,ENSFALG00000000165,CTNNA2,ENSFALG00000000165
159,ENSFALG00000000166,SHOC1,ENSFALG00000000166
160,ENSFALG00000000167,NPR2,NPR2
161,ENSFALG00000000168,TMEM164,TMEM164
162,ENSFALG00000000169,ADRA1D,ADRA1D
163,ENSFALG00000000170,SMOX,SMOX
164,ENSFALG00000000171,GNG10,GNG10
165,ENSFALG00000000172,MSMP,MSMP
166,ENSFALG00000000173,ACSL4,ACSL4
167,ENSFALG00000000174,RNF24,RNF24
168,ENSFALG00000000175,Dnajc25,ENSFALG00000000175
169,ENSFALG00000000176,Vps35,VPS35
170,ENSFALG00000000177,YJ005,ENSFALG00000000177
171,ENSFALG00000000178,NXT2,NXT2
172,ENSFALG00000000179,NFU1,ENSFALG00000000179
173,ENSFALG00000000180,IRS2-A,ENSFALG00000000180
174,ENSFALG00000000181,NPR2,RGP1
175,ENSFALG00000000182,KMT2D,KMT2D
176,ENSFALG00000000183,ECPAS,ECPAS
177,ENSFALG00000000184,Pank2,PANK2
178,ENSFALG00000000185,Col4a5,COL4A5
179,ENSFALG00000000186,SMC2,SMC2
180,ENSFALG00000000187,COL4A6,COL4A6
181,ENSFALG00000000188,MAVS,ENSFALG00000000188
182,ENSFALG00000000189,PTGR1,PTGR1
183,ENSFALG00000000190,GFPT1,GFPT1
184,ENSFALG00000000191,TXN,TXN
185,ENSFALG00000000192,ATG4A,ATG4A
186,ENSFALG00000000194,PSMD10,PSMD10
187,ENSFALG00000000195,VSIG1,VSIG1
188,ENSFALG00000000196,VPS35,SHCBP1
189,ENSFALG00000000197,PTPRA,PTPRA
190,ENSFALG00000000200,SVEP1,SVEP1
191,ENSFALG00000000201,RAB39B,RAB39B
192,ENSFALG00000000202,Vbp1,VBP1
193,ENSFALG00000000203,Vstm2b,ENSFALG00000000203
194,ENSFALG00000000204,VBP1,ENSFALG00000000204
195,ENSFALG00000000205,Dhh,DHH
196,ENSFALG00000000206,POP4,POP4
197,ENSFALG00000000207,GAB3,GAB3
198,ENSFALG00000000208,LMBR1L,LMBR1L
199,ENSFALG00000000209,SMARCA1,SMARCA1
200,ENSFALG00000000212,TUBA1B,ENSFALG00000000212
201,ENSFALG00000000213,Mrps26,MRPS26
202,ENSFALG00000000215,C19orf12,C19orf12
203,ENSFALG00000000216,ANTXR1,ANTXR1
204,ENSFALG00000000217,Neum,ENSFALG00000000217
205,ENSFALG00000000218,CUNH19orf12,ENSFALG00000000218
206,ENSFALG00000000219,TUBA1B,ENSFALG00000000219
207,ENSFALG00000000220,Neuv,ENSFALG00000000220
208,ENSFALG00000000221,RNF20,RNF20
209,ENSFALG00000000222,GKN1,GKN1
210,ENSFALG00000000223,CCNE1,CCNE1
211,ENSFALG00000000224,TUBA1C,ENSFALG00000000224
212,ENSFALG00000000225,GKN2,GKN2
213,ENSFALG00000000226,PGAP4,TMEM246
214,ENSFALG00000000227,RPL22L1,RPL22L1
215,ENSFALG00000000228,URI1,URI1
216,ENSFALG00000000229,BMP10,BMP10
217,ENSFALG00000000230,MUSK,MUSK
218,ENSFALG00000000231,ALDOB,ALDOB
219,ENSFALG00000000232,ARHGAP25,ARHGAP25
220,ENSFALG00000000233,ZNF536,ZNF536
221,ENSFALG00000000234,Mrpl50,MRPL50
222,ENSFALG00000000234,Mrpl50,MRPL50
223,ENSFALG00000000235,CDS2,CDS2
224,ENSFALG00000000236,PLPPR1,PLPPR1
225,ENSFALG00000000237,ZNF507,ZNF507
226,ENSFALG00000000238,DPY19L3,DPY19L3
227,ENSFALG00000000239,GLI1,GLI1
228,ENSFALG00000000240,PCNA,PCNA
229,ENSFALG00000000241,Cadn,ENSFALG00000000241
230,ENSFALG00000000242,Inhbc,ENSFALG00000000242
231,ENSFALG00000000243,LPAR1,ENSFALG00000000243
232,ENSFALG00000000244,AHNAK,ENSFALG00000000244
233,ENSFALG00000000245,Ncam1,NCAM1
234,ENSFALG00000000246,TMEM230,TMEM230
235,ENSFALG00000000248,Npr2,ENSFALG00000000248
236,ENSFALG00000000249,Inhbc,INHBC
237,ENSFALG00000000250,PDCD5,PDCD5
238,ENSFALG00000000251,Hoxb7,HOXB7
239,ENSFALG00000000252,HOXB8,HOXB8
240,ENSFALG00000000253,ANKRD27,ANKRD27
241,ENSFALG00000000254,SLC23A2,SLC23A2
242,ENSFALG00000000254,SLC23A2,SLC23A2
243,ENSFALG00000000255,R3HDM2,ENSFALG00000000255
244,ENSFALG00000000256,TTC12,ENSFALG00000000256
245,ENSFALG00000000257,Nudt19,ENSFALG00000000257
246,ENSFALG00000000258,ANKK1,ANKK1
247,ENSFALG00000000259,TDRD12,ENSFALG00000000259
248,ENSFALG00000000260,Drd2,DRD2
249,ENSFALG00000000261,CLEC3A,CLEC3A
250,ENSFALG00000000262,Ndufa4l2,NDUFA4L2
251,ENSFALG00000000263,RASSF2,RASSF2
252,ENSFALG00000000264,VAT1L,VAT1L
253,ENSFALG00000000265,SHMT2,SHMT2
254,ENSFALG00000000266,RHPN2,RHPN2
255,ENSFALG00000000267,FAAP24,FAAP24
256,ENSFALG00000000268,Prnp,PRNP
257,ENSFALG00000000269,CEP89,CEP89
258,ENSFALG00000000270,Prom2,PROM2
259,ENSFALG00000000271,Dusp11,ENSFALG00000000271
260,ENSFALG00000000272,FAT3,FAT3
261,ENSFALG00000000273,STAMBP,STAMBP
262,ENSFALG00000000274,SLC7A9,SLC7A9
263,ENSFALG00000000275,ACTG2,ACTG2
264,ENSFALG00000000276,DGUOK,DGUOK
265,ENSFALG00000000277,Tet3,TET3
266,ENSFALG00000000278,MTNR1B,MTNR1B
267,ENSFALG00000000279,MOB1A,ENSFALG00000000279
268,ENSFALG00000000281,SLC36A4,SLC36A4
269,ENSFALG00000000282,Bola3,BOLA3
270,ENSFALG00000000283,MTHFD2,ENSFALG00000000283
271,ENSFALG00000000284,SLC4A5,SLC4A5
272,ENSFALG00000000285,DEUP1,DEUP1
273,ENSFALG00000000287,Cep295,ENSFALG00000000287
274,ENSFALG00000000287,CEP295,ENSFALG00000000287
275,ENSFALG00000000289,CDH8,CDH8
276,ENSFALG00000000290,TACR1,TACR1
277,ENSFALG00000000291,CEP295,ENSFALG00000000291
278,ENSFALG00000000292,CEP295,ENSFALG00000000292
279,ENSFALG00000000293,TAF1D,ENSFALG00000000293
280,ENSFALG00000000294,C11orf54,C11orf54
281,ENSFALG00000000295,MED17,ENSFALG00000000295
282,ENSFALG00000000296,NCAPH,NCAPH
283,ENSFALG00000000297,JUP,JUP
284,ENSFALG00000000298,Vstm5,VSTM5
285,ENSFALG00000000299,Arid5a,ENSFALG00000000299
286,ENSFALG00000000301,KANSL3,KANSL3
287,ENSFALG00000000303,Fer1l5,ENSFALG00000000303
288,ENSFALG00000000304,LMAN2L,LMAN2L
289,ENSFALG00000000305,CNNM4,CNNM4
290,ENSFALG00000000306,ADAMTS18,ADAMTS18
291,ENSFALG00000000307,HEPHL1,HEPHL1
292,ENSFALG00000000309,LRP1,LRP1
293,ENSFALG00000000310,HAP1,ENSFALG00000000310
294,ENSFALG00000000311,PANX1,PANX1
295,ENSFALG00000000312,Antr,ENSFALG00000000312
296,ENSFALG00000000313,GPR83,GPR83
297,ENSFALG00000000314,Eif1,ENSFALG00000000314
298,ENSFALG00000000315,MRE11,MRE11
299,ENSFALG00000000316,PLEC,PLEC
300,ENSFALG00000000317,ANKRD49,ANKRD49
301,ENSFALG00000000319,GPATCH3,GPATCH3
302,ENSFALG00000000320,AMOTL1,AMOTL1
303,ENSFALG00000000321,GPN2,GPN2
304,ENSFALG00000000323,ZDHHC18,ZDHHC18
305,ENSFALG00000000325,PIGV,PIGV
306,ENSFALG00000000326,CWC15,CWC15
307,ENSFALG00000000328,Tmem81,ENSFALG00000000328
308,ENSFALG00000000330,ENDOD1,ENDOD1
309,ENSFALG00000000331,Krt17,ENSFALG00000000331
310,ENSFALG00000000332,ARID1A,ARID1A
311,ENSFALG00000000333,SESN3,SESN3
312,ENSFALG00000000335,KRT19,ENSFALG00000000335
313,ENSFALG00000000336,FAM76B,FAM76B
314,ENSFALG00000000337,CEP57,CEP57
315,ENSFALG00000000338,MTMR2,MTMR2
316,ENSFALG00000000339,MAML2,MAML2
317,ENSFALG00000000341,KRT19,KRT19
318,ENSFALG00000000344,CCDC82,CCDC82
319,ENSFALG00000000346,KRT15,KRT15
320,ENSFALG00000000347,RPS6KA1,RPS6KA1
321,ENSFALG00000000348,CNTN5,CNTN5
322,ENSFALG00000000349,KRT23,KRT23
323,ENSFALG00000000350,KRT20,KRT20
324,ENSFALG00000000351,KRT12,KRT12
325,ENSFALG00000000352,CNTN2,CNTN2
326,ENSFALG00000000352,CNTN2,CNTN2
327,ENSFALG00000000353,ARHGAP42,ARHGAP42
328,ENSFALG00000000354,Pgr,PGR
329,ENSFALG00000000355,MROH1,ENSFALG00000000355
330,ENSFALG00000000356,TRPC6,TRPC6
331,ENSFALG00000000357,ANGPTL5,ANGPTL5
332,ENSFALG00000000358,CEP126,CEP126
333,ENSFALG00000000359,KRT222,ENSFALG00000000359
334,ENSFALG00000000360,BOP1,BOP1
335,ENSFALG00000000361,CFAP300,CFAP300
336,ENSFALG00000000362,SMARCE1,SMARCE1
337,ENSFALG00000000363,HMGN2,ENSFALG00000000363
338,ENSFALG00000000364,YAP1,YAP1
339,ENSFALG00000000366,SCX,SCX
340,ENSFALG00000000367,DHDDS,DHDDS
341,ENSFALG00000000369,HSF1,ENSFALG00000000369
342,ENSFALG00000000370,BIRC2,ENSFALG00000000370
343,ENSFALG00000000371,Tmem123,TMEM123
344,ENSFALG00000000372,MMP7,ENSFALG00000000372
345,ENSFALG00000000373,Ccr7,CCR7
346,ENSFALG00000000374,Lin28a,LIN28A
347,ENSFALG00000000375,MMP27,MMP27
348,ENSFALG00000000376,STAT6,STAT6
349,ENSFALG00000000377,C23H1orf232,ENSFALG00000000377
350,ENSFALG00000000378,Nab2,NAB2
351,ENSFALG00000000379,TNS4,TNS4
352,ENSFALG00000000380,Crybg2,ENSFALG00000000380
353,ENSFALG00000000381,IGFBP4,IGFBP4
354,ENSFALG00000000382,MMP1,MMP1
355,ENSFALG00000000383,UBXN11,UBXN11
356,ENSFALG00000000384,NEMP1,NEMP1
357,ENSFALG00000000385,Sh3bgrl3,SH3BGRL3
358,ENSFALG00000000387,CEP85,CEP85
359,ENSFALG00000000388,NFASC,NFASC
360,ENSFALG00000000389,TOP2A,TOP2A
361,ENSFALG00000000390,CNKSR1,CNKSR1
362,ENSFALG00000000391,GJD3,GJD3
363,ENSFALG00000000392,RARA,RARA
364,ENSFALG00000000393,CDC6,CDC6
365,ENSFALG00000000394,Mmp3,ENSFALG00000000394
366,ENSFALG00000000395,Mdm4,MDM4
367,ENSFALG00000000396,ZNF593,ZNF593
368,ENSFALG00000000397,Mmp10,ENSFALG00000000397
369,ENSFALG00000000398,Wipf2,WIPF2
370,ENSFALG00000000399,Fam110d,FAM110D
371,ENSFALG00000000400,MMP13,MMP13
372,ENSFALG00000000401,Ppp2r1a,ENSFALG00000000401
373,ENSFALG00000000402,PDIK1L,PDIK1L
374,ENSFALG00000000403,Dcun1d5,DCUN1D5
375,ENSFALG00000000404,MYO1A,MYO1A
376,ENSFALG00000000405,TRIM63,TRIM63
377,ENSFALG00000000406,Rapgefl1,RAPGEFL1
378,ENSFALG00000000407,Dync2h1,ENSFALG00000000407
379,ENSFALG00000000408,DYNC2H1,ENSFALG00000000408
380,ENSFALG00000000409,DYNC2H1,ENSFALG00000000409
381,ENSFALG00000000410,SLC30A2,SLC30A2
382,ENSFALG00000000411,DYNC2H1,ENSFALG00000000411
383,ENSFALG00000000412,CASC3,CASC3
384,ENSFALG00000000413,PIK3C2B,PIK3C2B
385,ENSFALG00000000414,Ext1c,ENSFALG00000000414
386,ENSFALG00000000415,PDGFD,PDGFD
387,ENSFALG00000000416,Ell2,ENSFALG00000000416
388,ENSFALG00000000417,PAFAH2,PAFAH2
389,ENSFALG00000000419,STMN1,STMN1
390,ENSFALG00000000420,MSL1,MSL1
391,ENSFALG00000000421,PAQR7,PAQR7
392,ENSFALG00000000422,MTFR1L,MTFR1L
393,ENSFALG00000000423,Rdh16,ENSFALG00000000423
394,ENSFALG00000000424,NR1D1,NR1D1
395,ENSFALG00000000425,Selenon,ENSFALG00000000425
396,ENSFALG00000000426,Rdh2,ENSFALG00000000426
397,ENSFALG00000000427,Prim1,ENSFALG00000000427
398,ENSFALG00000000430,NACA,ENSFALG00000000430
399,ENSFALG00000000431,GRIA4,GRIA4
400,ENSFALG00000000431,Gria4,GRIA4
401,ENSFALG00000000432,PTGES3,PTGES3
402,ENSFALG00000000433,THRA,THRA
403,ENSFALG00000000434,MAN1C1,MAN1C1
404,ENSFALG00000000435,PPP1R15B,PPP1R15B
405,ENSFALG00000000436,ATP5B,ATP5F1B
406,ENSFALG00000000437,MED24,MED24
407,ENSFALG00000000438,PLEKHA6,PLEKHA6
408,ENSFALG00000000439,Ldlrap1,LDLRAP1
409,ENSFALG00000000440,Msantd4,MSANTD4
410,ENSFALG00000000441,KBTBD3,KBTBD3
411,ENSFALG00000000442,GOLT1A,GOLT1A
412,ENSFALG00000000443,Aasdhppt,AASDHPPT
413,ENSFALG00000000444,MACO1,MACO1
414,ENSFALG00000000444,MACO1,MACO1
415,ENSFALG00000000445,BAZ2A,BAZ2A
416,ENSFALG00000000446,C11orf87,C11orf87
417,ENSFALG00000000447,CSF3,CSF3
418,ENSFALG00000000448,REN,REN
419,ENSFALG00000000449,DDX10,DDX10
420,ENSFALG00000000450,Exph5,ENSFALG00000000450
421,ENSFALG00000000451,Kdelc2,POGLUT3
422,ENSFALG00000000452,ATM,ATM
423,ENSFALG00000000453,TIMELESS,TIMELESS
424,ENSFALG00000000454,RHCE,ENSFALG00000000454
425,ENSFALG00000000455,TMEM50A,TMEM50A
426,ENSFALG00000000456,NPAT,NPAT
427,ENSFALG00000000457,PSMD3,PSMD3
428,ENSFALG00000000458,ETNK2,ETNK2
429,ENSFALG00000000459,ACAT1,ACAT1
430,ENSFALG00000000460,Syf2,SYF2
431,ENSFALG00000000461,CUL5,CUL5
432,ENSFALG00000000463,RAB39A,RAB39A
433,ENSFALG00000000464,PAN2,PAN2
434,ENSFALG00000000465,Rsrp1,ENSFALG00000000465
435,ENSFALG00000000466,Slc35f2,SLC35F2
436,ENSFALG00000000467,GSDMA,ENSFALG00000000467
437,ENSFALG00000000467,GSDMA,ENSFALG00000000467
438,ENSFALG00000000469,SOX13,SOX13
439,ENSFALG00000000470,RUNX3,RUNX3
440,ENSFALG00000000472,CLIC4,CLIC4
441,ENSFALG00000000473,GSDMA,ENSFALG00000000473
442,ENSFALG00000000474,ELMOD1,ELMOD1
443,ENSFALG00000000475,CNPY2,ENSFALG00000000475
444,ENSFALG00000000476,Srrm1,SRRM1
445,ENSFALG00000000476,SRRM1,SRRM1
446,ENSFALG00000000477,ORMDL3,ORMDL3
447,ENSFALG00000000478,ALKBH8,ALKBH8
448,ENSFALG00000000479,CWF19L2,CWF19L2
449,ENSFALG00000000480,NCMAP,NCMAP
450,ENSFALG00000000481,RCAN3,RCAN3
451,ENSFALG00000000482,VMO1,ENSFALG00000000482
452,ENSFALG00000000483,ZPBP2,ZPBP2
453,ENSFALG00000000483,ZPBP2,ZPBP2
454,ENSFALG00000000485,CS,CS
455,ENSFALG00000000486,GUCY1A2,GUCY1A2
456,ENSFALG00000000487,NIPAL3,NIPAL3
457,ENSFALG00000000488,SNRPE,ENSFALG00000000488
458,ENSFALG00000000489,IKZF3,IKZF3
459,ENSFALG00000000490,GRHL3,GRHL3
460,ENSFALG00000000491,ZC3H11A,ENSFALG00000000491
461,ENSFALG00000000492,COQ10A,COQ10A
462,ENSFALG00000000493,RDH8,ENSFALG00000000493
463,ENSFALG00000000494,C24H6orf132,ENSFALG00000000494
464,ENSFALG00000000495,GRB7,GRB7
465,ENSFALG00000000496,GUCA1A,ENSFALG00000000496
466,ENSFALG00000000497,Ifnlr1,ENSFALG00000000497
467,ENSFALG00000000498,CD37,ENSFALG00000000498
468,ENSFALG00000000499,IL22RA1,ENSFALG00000000499
469,ENSFALG00000000500,Myom3,MYOM3
470,ENSFALG00000000501,MIEN1,MIEN1
471,ENSFALG00000000502,GUCA1B,GUCA1B
472,ENSFALG00000000503,Fabp1,ENSFALG00000000503
473,ENSFALG00000000504,IRF6,IRF6
474,ENSFALG00000000505,SRSF10,SRSF10
475,ENSFALG00000000506,TRAF3IP3,TRAF3IP3
476,ENSFALG00000000507,HSD11B1,HSD11B1
477,ENSFALG00000000508,FUCA1,FUCA1
478,ENSFALG00000000509,SSBP1,ENSFALG00000000509
479,ENSFALG00000000510,LAMB3,LAMB3
480,ENSFALG00000000511,CREB3L2,CREB3L2
481,ENSFALG00000000512,HMGCL,HMGCL
482,ENSFALG00000000513,ERBB2,ERBB2
483,ENSFALG00000000513,ERBB2,ERBB2
484,ENSFALG00000000514,GALE,GALE
485,ENSFALG00000000515,Dgki,DGKI
486,ENSFALG00000000516,LYPLA2,LYPLA2
487,ENSFALG00000000517,Camk1g,CAMK1G
488,ENSFALG00000000518,Pithd1,PITHD1
489,ENSFALG00000000519,Eloa,ENSFALG00000000519
490,ENSFALG00000000520,RPL11,RPL11
491,ENSFALG00000000521,PLXNA2,PLXNA2
492,ENSFALG00000000522,PPT1,PPT1
493,ENSFALG00000000523,CAP1,CAP1
494,ENSFALG00000000524,MFSD2A,MFSD2A
495,ENSFALG00000000525,CD34,CD34
496,ENSFALG00000000526,MYCL,MYCL
497,ENSFALG00000000528,PTN,PTN
498,ENSFALG00000000529,C4bpa,ENSFALG00000000529
499,ENSFALG00000000530,CHRM2,CHRM2
500,ENSFALG00000000531,MTPN,MTPN
501,ENSFALG00000000532,Trit1,TRIT1
502,ENSFALG00000000534,FAM180A,FAM180A
503,ENSFALG00000000535,Pgap3,PGAP3
504,ENSFALG00000000536,PNMT,PNMT
505,ENSFALG00000000538,Hpcal4,HPCAL4
506,ENSFALG00000000539,NT5C1A,NT5C1A
507,ENSFALG00000000540,CR1,ENSFALG00000000540
508,ENSFALG00000000540,CR1,ENSFALG00000000540
509,ENSFALG00000000540,CR1,ENSFALG00000000540
510,ENSFALG00000000540,Cr1l,ENSFALG00000000540
511,ENSFALG00000000540,Cr1l,ENSFALG00000000540
512,ENSFALG00000000540,CR1L,ENSFALG00000000540
513,ENSFALG00000000541,STARD3,STARD3
514,ENSFALG00000000542,HEYL,HEYL
515,ENSFALG00000000543,PABPC4,PABPC4
516,ENSFALG00000000544,Slc13a4,SLC13A4
517,ENSFALG00000000545,PPIE,PPIE
518,ENSFALG00000000546,Cd55b,ENSFALG00000000546
519,ENSFALG00000000547,Bmp8a,ENSFALG00000000547
520,ENSFALG00000000548,PFKFB2,PFKFB2
521,ENSFALG00000000549,C1orf116,ENSFALG00000000549
522,ENSFALG00000000550,Pigr,ENSFALG00000000550
523,ENSFALG00000000551,PPP1R1B,PPP1R1B
524,ENSFALG00000000552,Neurod2,NEUROD2
525,ENSFALG00000000553,CDK12,CDK12
526,ENSFALG00000000554,Il20,IL19
527,ENSFALG00000000555,MED1,MED1
528,ENSFALG00000000556,Il10,IL10
529,ENSFALG00000000557,Fbxl20,FBXL20
530,ENSFALG00000000558,Rpl19,ENSFALG00000000558
531,ENSFALG00000000559,MACF1,MACF1
532,ENSFALG00000000560,MAPKAPK2,MAPKAPK2
533,ENSFALG00000000561,Cst7,CST7
534,ENSFALG00000000562,APMAP,APMAP
535,ENSFALG00000000562,APMAP,APMAP
536,ENSFALG00000000563,DYRK3,DYRK3
537,ENSFALG00000000564,EIF2D,EIF2D
538,ENSFALG00000000565,RASSF5,RASSF5
539,ENSFALG00000000567,IKBKE,IKBKE
540,ENSFALG00000000568,Hcfc2,HCFC2
541,ENSFALG00000000569,SRGAP2,ENSFALG00000000569
542,ENSFALG00000000570,GLT8D2,GLT8D2
543,ENSFALG00000000571,TDG,TDG
544,ENSFALG00000000572,FAM72A,ENSFALG00000000572
545,ENSFALG00000000573,AVPR1B,AVPR1B
546,ENSFALG00000000574,UQCC6,C12orf73
547,ENSFALG00000000575,HSP90B1,HSP90B1
548,ENSFALG00000000576,CTSE,CTSE
549,ENSFALG00000000579,Ndufs5,NDUFS5
550,ENSFALG00000000580,NT5DC3,NT5DC3
551,ENSFALG00000000581,AZIN2,AZIN2
552,ENSFALG00000000582,Ak2,AK2
553,ENSFALG00000000583,Rnf19b,RNF19B
554,ENSFALG00000000584,RAB7B,RAB7B
555,ENSFALG00000000585,TMEM54,TMEM54
556,ENSFALG00000000586,HPCA,HPCA
557,ENSFALG00000000587,FNDC5,FNDC5
558,ENSFALG00000000588,SLC26A9,SLC26A9
559,ENSFALG00000000590,STAB2,STAB2
560,ENSFALG00000000591,PM20D1,PM20D1
561,ENSFALG00000000592,YARS1,YARS
562,ENSFALG00000000593,Myh1b,ENSFALG00000000593
563,ENSFALG00000000596,SLC41A1,SLC41A1
564,ENSFALG00000000597,KIAA1522,KIAA1522
565,ENSFALG00000000598,Sync,SYNC
566,ENSFALG00000000599,RBBP4,RBBP4
567,ENSFALG00000000600,ZBTB8OS,ZBTB8OS
568,ENSFALG00000000601,Rab29,RAB29
569,ENSFALG00000000602,ZBTB8A,ENSFALG00000000602
570,ENSFALG00000000603,ZBTB8A,ZBTB8A
571,ENSFALG00000000604,Zbtb8b,ENSFALG00000000604
572,ENSFALG00000000605,Nucks1,NUCKS1
573,ENSFALG00000000606,Slc45a3,SLC45A3
574,ENSFALG00000000607,BSDC1,BSDC1
575,ENSFALG00000000608,AL929286.1,ENSFALG00000000608
576,ENSFALG00000000609,Elk4,ELK4
577,ENSFALG00000000610,KPNA6,KPNA6
578,ENSFALG00000000611,TXLNA,TXLNA
579,ENSFALG00000000612,CCDC28B,CCDC28B
580,ENSFALG00000000613,Mfsd4a,MFSD4A
581,ENSFALG00000000614,TMEM234,TMEM234
582,ENSFALG00000000615,Eif3i,EIF3I
583,ENSFALG00000000616,CDK18,CDK18
584,ENSFALG00000000617,Klhdc8a,KLHDC8A
585,ENSFALG00000000618,MTMR9LP,ENSFALG00000000618
586,ENSFALG00000000620,Trpm8,TRPM8
587,ENSFALG00000000621,DSTYK,NUAK2
588,ENSFALG00000000622,P3h4,P3H4
589,ENSFALG00000000624,Myh4,ENSFALG00000000624
590,ENSFALG00000000625,TMCC2,TMCC2
591,ENSFALG00000000626,FKBP10,FKBP10
592,ENSFALG00000000627,Fam167a,FAM167B
593,ENSFALG00000000628,NT5C3B,NT5C3B
594,ENSFALG00000000629,KLHL10,KLHL10
595,ENSFALG00000000630,KLHL11,KLHL11
596,ENSFALG00000000631,ACLY,ACLY
597,ENSFALG00000000632,Lck,LCK
598,ENSFALG00000000632,Lck,LCK
599,ENSFALG00000000633,Ttc25,TTC25
600,ENSFALG00000000634,DSTYK,DSTYK
601,ENSFALG00000000635,CNP,CNP
602,ENSFALG00000000636,HDAC1,HDAC1
603,ENSFALG00000000637,AGAP1,AGAP1
604,ENSFALG00000000638,TMEM39B,TMEM39B
605,ENSFALG00000000639,DNAJC7,DNAJC7
606,ENSFALG00000000640,Asb18,ASB18
607,ENSFALG00000000641,KHDRBS1,KHDRBS1
608,ENSFALG00000000642,WDR77,WDR77
609,ENSFALG00000000643,IQCA1,IQCA1
610,ENSFALG00000000644,Ptp4a2,PTP4A2
611,ENSFALG00000000645,Nkiras2,NKIRAS2
612,ENSFALG00000000646,Cops8,COPS8
613,ENSFALG00000000647,ZNF385C,ZNF385C
614,ENSFALG00000000648,ADGRB2,ADGRB2
615,ENSFALG00000000649,C27H17orf113,ENSFALG00000000649
616,ENSFALG00000000651,Pef1,PEF1
617,ENSFALG00000000652,DSTYK,ATP5PB
618,ENSFALG00000000653,DHX58,DHX58
619,ENSFALG00000000654,Tinagl1,TINAGL1
620,ENSFALG00000000655,ADORA3,ADORA3
621,ENSFALG00000000656,KAT2A,KAT2A
622,ENSFALG00000000657,Kcnq4,KCNQ4
623,ENSFALG00000000658,RAB5C,ENSFALG00000000658
624,ENSFALG00000000659,RAP1A,ENSFALG00000000659
625,ENSFALG00000000660,NFYC,NFYC
626,ENSFALG00000000661,KCNH4,KCNH4
627,ENSFALG00000000664,RIMS3,RIMS3
628,ENSFALG00000000665,Smap2,SMAP2
629,ENSFALG00000000666,DDX20,DDX20
630,ENSFALG00000000667,Stat5b,ENSFALG00000000667
631,ENSFALG00000000668,Kcnd3,KCND3
632,ENSFALG00000000669,COL9A2,COL9A2
633,ENSFALG00000000670,CTTNBP2NL,CTTNBP2NL
634,ENSFALG00000000670,Cttnbp2nl,CTTNBP2NL
635,ENSFALG00000000672,WNT2B,WNT2B
636,ENSFALG00000000673,PTP4A3,PTP4A3
637,ENSFALG00000000674,STAT3,STAT3
638,ENSFALG00000000675,CAVIN1,CAVIN1
639,ENSFALG00000000676,Dnajc14,ENSFALG00000000676
640,ENSFALG00000000677,ATP6V0A1,ATP6V0A1
641,ENSFALG00000000678,NAGLU,NAGLU
642,ENSFALG00000000679,SARNP,SARNP
643,ENSFALG00000000681,Acss1,ENSFALG00000000681
644,ENSFALG00000000682,ST7L,ST7L
645,ENSFALG00000000683,SLC9A1,SLC9A1
646,ENSFALG00000000684,GAS7,GAS7
647,ENSFALG00000000685,TTBK1,TTBK1
648,ENSFALG00000000686,HSD17B1,HSD17B1
649,ENSFALG00000000687,Polr2a,ENSFALG00000000687
650,ENSFALG00000000688,GLP2R,GLP2R
651,ENSFALG00000000689,COASY,COASY
652,ENSFALG00000000690,SLC22A7,SLC22A7
653,ENSFALG00000000691,WDTC1,WDTC1
654,ENSFALG00000000692,MLX,MLX
655,ENSFALG00000000693,GSG1L2,GSG1L2
656,ENSFALG00000000694,SYTL1,SYTL1
657,ENSFALG00000000695,CAPZA1,CAPZA1
658,ENSFALG00000000696,SLC4A10,SLC4A10
659,ENSFALG00000000697,PSMC3IP,PSMC3IP
660,ENSFALG00000000698,CSMD2,CSMD2
661,ENSFALG00000000699,DHRS7C,DHRS7C
662,ENSFALG00000000700,Dpp4,ENSFALG00000000700
663,ENSFALG00000000701,CD164L2,CD164L2
664,ENSFALG00000000702,GPR3,GPR3
665,ENSFALG00000000703,GCG,GCG
666,ENSFALG00000000704,RETREG3,ENSFALG00000000704
667,ENSFALG00000000705,CCDC61,CCDC61
668,ENSFALG00000000705,CCDC61,CCDC61
669,ENSFALG00000000706,TUBG1,TUBG1
670,ENSFALG00000000707,FAP,FAP
671,ENSFALG00000000708,WASF2,WASF2
672,ENSFALG00000000709,PLEKHH3,PLEKHH3
673,ENSFALG00000000710,ADPRH,ENSFALG00000000710
674,ENSFALG00000000711,Ttl,ENSFALG00000000711
675,ENSFALG00000000712,CNTNAP1,CNTNAP1
676,ENSFALG00000000714,Hs3st3a1,ENSFALG00000000714
677,ENSFALG00000000715,EZH1,EZH1
678,ENSFALG00000000716,METRNL,METRNL
679,ENSFALG00000000717,POLR1B,POLR1B
680,ENSFALG00000000718,B3GNTL1,ENSFALG00000000718
681,ENSFALG00000000719,RAMP2,RAMP2
682,ENSFALG00000000720,CNPY3,CNPY3
683,ENSFALG00000000721,IFIH1,IFIH1
684,ENSFALG00000000722,MOV10,MOV10
685,ENSFALG00000000722,MOV10,MOV10
686,ENSFALG00000000723,WNK4,WNK4
687,ENSFALG00000000724,Pex6,PEX6
688,ENSFALG00000000725,KCNH7,KCNH7
689,ENSFALG00000000726,DLGAP3,DLGAP3
690,ENSFALG00000000727,TBCD,TBCD
691,ENSFALG00000000729,Becn1,ENSFALG00000000729
692,ENSFALG00000000730,TMEM35B,TMEM35B
693,ENSFALG00000000731,SFPQ,SFPQ
694,ENSFALG00000000732,GNMT,GNMT
695,ENSFALG00000000734,ZMYM4,ENSFALG00000000734
696,ENSFALG00000000735,Vsx1,VSX1
697,ENSFALG00000000736,RHOC,ENSFALG00000000736
698,ENSFALG00000000737,Ifi27l2a,ENSFALG00000000737
699,ENSFALG00000000738,ENTPD6,ENTPD6
700,ENSFALG00000000739,PSME3,PSME3
701,ENSFALG00000000740,KIAA0319L,KIAA0319L
702,ENSFALG00000000741,PPM1J,PPM1J
703,ENSFALG00000000742,NCDN,NCDN
704,ENSFALG00000000743,SNRPA,SNRPA
705,ENSFALG00000000744,Aoc3,ENSFALG00000000744
706,ENSFALG00000000745,Tfap2e,TFAP2E
707,ENSFALG00000000746,TAFA3,TAFA3
708,ENSFALG00000000747,ALOXE3,ENSFALG00000000747
709,ENSFALG00000000748,G6pc,G6PC
710,ENSFALG00000000749,Xirp2,ENSFALG00000000749
711,ENSFALG00000000750,Stk39,STK39
712,ENSFALG00000000751,SLC16A1,SLC16A1
713,ENSFALG00000000752,ZNF750,ZNF750
714,ENSFALG00000000753,CERS6,CERS6
715,ENSFALG00000000754,Kcnc1,KCNC1
716,ENSFALG00000000755,SPC25,SPC25
717,ENSFALG00000000756,Pygb,PYGB
718,ENSFALG00000000756,Pygb,PYGB
719,ENSFALG00000000757,AARSD1,ENSFALG00000000757
720,ENSFALG00000000758,MYOD1,MYOD1
721,ENSFALG00000000759,G6pc2,G6PC2
722,ENSFALG00000000760,FN3K,FN3K
723,ENSFALG00000000761,LRIG2,LRIG2
724,ENSFALG00000000762,ABCB11,ABCB11
725,ENSFALG00000000763,Pglyrp2,ENSFALG00000000763
726,ENSFALG00000000764,PSMB2,PSMB2
727,ENSFALG00000000765,OTOG,OTOG
728,ENSFALG00000000766,MAGI3,MAGI3
729,ENSFALG00000000767,NDFIP2,NDFIP2
730,ENSFALG00000000768,RUNDC1,RUNDC1
731,ENSFALG00000000769,RBM26,RBM26
732,ENSFALG00000000770,USH1C,USH1C
733,ENSFALG00000000771,DHRS9,ENSFALG00000000771
734,ENSFALG00000000772,RPL27,RPL27
735,ENSFALG00000000773,CLSPN,CLSPN
736,ENSFALG00000000773,CLSPN,CLSPN
737,ENSFALG00000000774,WDR45B,WDR45B
738,ENSFALG00000000775,ABCC8,ABCC8
739,ENSFALG00000000776,OBI1,OBI1
740,ENSFALG00000000777,IFI35,IFI35
741,ENSFALG00000000778,NUCB2,NUCB2
742,ENSFALG00000000779,EDNRB,EDNRB
743,ENSFALG00000000780,PIK3C2A,PIK3C2A
744,ENSFALG00000000782,Slain1,SLAIN1
745,ENSFALG00000000783,VAT1,VAT1
746,ENSFALG00000000784,RPS13,RPS13
747,ENSFALG00000000785,FOXK2,FOXK2
748,ENSFALG00000000786,Rnd2,RND2
749,ENSFALG00000000787,SCEL,ENSFALG00000000787
750,ENSFALG00000000788,NARF,NARF
751,ENSFALG00000000789,PLEKHA7,PLEKHA7
752,ENSFALG00000000790,AGO1,AGO1
753,ENSFALG00000000791,C18H17orf62,CYBC1
754,ENSFALG00000000792,ABHD12,ABHD12
755,ENSFALG00000000793,Smap,C11orf58
756,ENSFALG00000000794,GVIN1,ENSFALG00000000794
757,ENSFALG00000000795,HEXD,HEXD
758,ENSFALG00000000796,BRCA1,ENSFALG00000000796
759,ENSFALG00000000796,BRCA1,ENSFALG00000000796
760,ENSFALG00000000797,PPP2R5D,PPP2R5D
761,ENSFALG00000000798,SOX6,SOX6
762,ENSFALG00000000799,MEA1,MEA1
763,ENSFALG00000000800,OGFOD3,OGFOD3
764,ENSFALG00000000801,KLHDC3,KLHDC3
765,ENSFALG00000000802,AGO1,AGO3
766,ENSFALG00000000802,AGO3,AGO3
767,ENSFALG00000000803,Rrp36,ENSFALG00000000803
768,ENSFALG00000000804,NBR1,NBR1
769,ENSFALG00000000807,Lrp2,LRP2
770,ENSFALG00000000808,MINDY4,MINDY4
771,ENSFALG00000000809,Pacs1,ENSFALG00000000809
772,ENSFALG00000000810,DHX8,DHX8
773,ENSFALG00000000812,AQP1,ENSFALG00000000812
774,ENSFALG00000000813,CA10,CA10
775,ENSFALG00000000814,INSC,INSC
776,ENSFALG00000000815,AQP1,ENSFALG00000000815
777,ENSFALG00000000816,Man2a1,MAN2A1
778,ENSFALG00000000817,CALCA,CALCB
779,ENSFALG00000000818,MYCBP2,MYCBP2
780,ENSFALG00000000819,ETV4,ETV4
781,ENSFALG00000000820,Cyp2r1,CYP2R1
782,ENSFALG00000000821,CUL9,ENSFALG00000000821
783,ENSFALG00000000822,Sept9,ENSFALG00000000822
784,ENSFALG00000000823,MEOX1,MEOX1
785,ENSFALG00000000824,Tekt2,TEKT2
786,ENSFALG00000000825,Sost,SOST
787,ENSFALG00000000826,ADPRS,ADPRHL2
788,ENSFALG00000000827,PDE3B,PDE3B
789,ENSFALG00000000828,GHRHR,GHRHR
790,ENSFALG00000000829,Dusp3,ENSFALG00000000829
791,ENSFALG00000000830,Col8a2,COL8A2
792,ENSFALG00000000831,Rab18b,ENSFALG00000000831
793,ENSFALG00000000832,TRAPPC3,TRAPPC3
794,ENSFALG00000000833,PJA2,ENSFALG00000000833
795,ENSFALG00000000834,MPP3,MPP3
796,ENSFALG00000000835,Xyl2,ENSFALG00000000835
797,ENSFALG00000000836,Bglm,ENSFALG00000000836
798,ENSFALG00000000837,MAP7D1,MAP7D1
799,ENSFALG00000000839,ATCAY,ATCAY
800,ENSFALG00000000840,THRAP3,THRAP3
801,ENSFALG00000000841,Psma1,ENSFALG00000000841
802,ENSFALG00000000843,Mrpl2,MRPL2
803,ENSFALG00000000844,Eva1b,EVA1B
804,ENSFALG00000000845,NMRK2,NMRK2
805,ENSFALG00000000846,STK40,STK40
806,ENSFALG00000000847,KLC4,ENSFALG00000000847
807,ENSFALG00000000848,TNRC6C,TNRC6C
808,ENSFALG00000000851,LSM10,LSM10
809,ENSFALG00000000852,Rasd2,ENSFALG00000000852
810,ENSFALG00000000853,DAPK3,DAPK3
811,ENSFALG00000000854,Kcnj3,ENSFALG00000000854
812,ENSFALG00000000855,Oscp1,OSCP1
813,ENSFALG00000000856,SEC14L1,SEC14L1
814,ENSFALG00000000858,MGAT5B,MGAT5B
815,ENSFALG00000000859,EEF2,EEF2
816,ENSFALG00000000860,FBXL3,FBXL3
817,ENSFALG00000000861,PTK7,PTK7
818,ENSFALG00000000861,PTK7,PTK7
819,ENSFALG00000000862,Cln5,ENSFALG00000000862
820,ENSFALG00000000863,MFSD11,MFSD11
821,ENSFALG00000000864,MAD2L1,MAD2L1
822,ENSFALG00000000865,NDC80,ENSFALG00000000865
823,ENSFALG00000000866,MRPS15,MRPS15
824,ENSFALG00000000867,COPB1,COPB1
825,ENSFALG00000000867,COPB1,COPB1
826,ENSFALG00000000868,Gatd3a,ENSFALG00000000868
827,ENSFALG00000000869,Srsf2,ENSFALG00000000869
828,ENSFALG00000000870,RPL7L1,RPL7L1
829,ENSFALG00000000871,ADCYAP1R1,ADCYAP1R1
830,ENSFALG00000000871,ADCYAP1R1,ADCYAP1R1
831,ENSFALG00000000872,PIAS4,PIAS4
832,ENSFALG00000000873,PDE5A,PDE5A
833,ENSFALG00000000874,ZBTB7A,ZBTB7A
834,ENSFALG00000000875,CSF3R,CSF3R
835,ENSFALG00000000876,Mettl23,METTL23
836,ENSFALG00000000877,ACOD1,ACOD1
837,ENSFALG00000000878,Srf,SRF
838,ENSFALG00000000879,COL28A1,ENSFALG00000000879
839,ENSFALG00000000880,FABP2,FABP2
840,ENSFALG00000000881,RBBP5,RBBP5
841,ENSFALG00000000883,KCTD12,KCTD12
842,ENSFALG00000000885,Map2k2,ENSFALG00000000885
843,ENSFALG00000000886,GRIK3,GRIK3
844,ENSFALG00000000887,Abo2,ENSFALG00000000887
845,ENSFALG00000000888,Sdr39u1,SDR39U1
846,ENSFALG00000000889,RRAS2,RRAS2
847,ENSFALG00000000890,ZC3H12A,ZC3H12A
848,ENSFALG00000000891,USP53,USP53
849,ENSFALG00000000892,CUL9,ENSFALG00000000892
850,ENSFALG00000000892,Cul9,ENSFALG00000000892
851,ENSFALG00000000893,JMJD6,JMJD6
852,ENSFALG00000000893,JMJD6,JMJD6
853,ENSFALG00000000894,Gzmb,ENSFALG00000000894
854,ENSFALG00000000895,MEAF6,MEAF6
855,ENSFALG00000000895,Meaf6,MEAF6
856,ENSFALG00000000896,MYOZ2,MYOZ2
857,ENSFALG00000000897,TUB,TUB
858,ENSFALG00000000898,SNIP1,SNIP1
859,ENSFALG00000000899,SYNPO2,SYNPO2
860,ENSFALG00000000900,CREB3L3,CREB3L3
861,ENSFALG00000000901,Dnali1,DNALI1
862,ENSFALG00000000902,Lmo7,LMO7
863,ENSFALG00000000903,SEC24D,SEC24D
864,ENSFALG00000000904,KLHL41,ENSFALG00000000904
865,ENSFALG00000000905,Mxra7,ENSFALG00000000905
866,ENSFALG00000000906,Mct1a,ENSFALG00000000906
867,ENSFALG00000000907,RIC3,RIC3
868,ENSFALG00000000908,LMO1,LMO1
869,ENSFALG00000000909,GNL2,GNL2
870,ENSFALG00000000910,FASTKD1,FASTKD1
871,ENSFALG00000000911,TRIM66,ENSFALG00000000911
872,ENSFALG00000000912,RSPO1,RSPO1
873,ENSFALG00000000913,SIRT6,SIRT6
874,ENSFALG00000000913,SIRT6,SIRT6
875,ENSFALG00000000914,PPIG,PPIG
876,ENSFALG00000000915,ST6GALNAC1,ST6GALNAC1
877,ENSFALG00000000915,ST6GALNAC1,ST6GALNAC1
878,ENSFALG00000000916,C23H1orf109,ENSFALG00000000916
879,ENSFALG00000000917,TRIM66,TRIM66
880,ENSFALG00000000918,Ccdc173,ENSFALG00000000918
881,ENSFALG00000000920,CDCA8,CDCA8
882,ENSFALG00000000921,Mct1a,ENSFALG00000000921
883,ENSFALG00000000922,ST6GALNAC2,ST6GALNAC2
884,ENSFALG00000000923,Klhl23,KLHL23
885,ENSFALG00000000924,Rpl27a,RPL27A
886,ENSFALG00000000925,Ankrd24,ENSFALG00000000925
887,ENSFALG00000000925,ANKRD24,ENSFALG00000000925
888,ENSFALG00000000926,Dad1,ENSFALG00000000926
889,ENSFALG00000000927,DENND2B,ST5
890,ENSFALG00000000928,Tcra,ENSFALG00000000928
891,ENSFALG00000000929,Ankrd24,ENSFALG00000000929
892,ENSFALG00000000930,Ssb,SSB
893,ENSFALG00000000931,Ighv39,ENSFALG00000000931
894,ENSFALG00000000932,CYGB,CYGB
895,ENSFALG00000000933,C5H11orf16,ENSFALG00000000933
896,ENSFALG00000000934,GC,ENSFALG00000000934
897,ENSFALG00000000935,EBI3,EBI3
898,ENSFALG00000000936,TMEM9B,TMEM9B
899,ENSFALG00000000937,RHBDF2,RHBDF2
900,ENSFALG00000000938,EPHA10,ENSFALG00000000938
901,ENSFALG00000000939,NRIP3,NRIP3
902,ENSFALG00000000940,UCHL3,UCHL3
903,ENSFALG00000000940,UCHL3,UCHL3
904,ENSFALG00000000941,BTC,BTC
905,ENSFALG00000000942,AANAT,AANAT
906,ENSFALG00000000943,PARM1,ENSFALG00000000943
907,ENSFALG00000000944,METTL5,METTL5
908,ENSFALG00000000945,SCUBE2,SCUBE2
909,ENSFALG00000000946,UBE2O,UBE2O
910,ENSFALG00000000947,Rchy1,RCHY1
911,ENSFALG00000000948,COMMD6,COMMD6
912,ENSFALG00000000949,SPHK1,SPHK1
913,ENSFALG00000000950,UBR3,UBR3
914,ENSFALG00000000951,PRPSAP1,PRPSAP1
915,ENSFALG00000000952,CDKL2,CDKL2
916,ENSFALG00000000953,Espl1,ENSFALG00000000953
917,ENSFALG00000000954,TBC1D4,TBC1D4
918,ENSFALG00000000955,AP1AR,AP1AR
919,ENSFALG00000000956,ALPK1,ALPK1
920,ENSFALG00000000957,FBN3,FBN3
921,ENSFALG00000000958,DENND5A,DENND5A
922,ENSFALG00000000959,RNF157,RNF157
923,ENSFALG00000000960,ZGRF1,ENSFALG00000000960
924,ENSFALG00000000961,VIPR1,VIPR1
925,ENSFALG00000000962,Dnm2,ENSFALG00000000962
926,ENSFALG00000000964,YRDC,YRDC
927,ENSFALG00000000965,KLF12,KLF12
928,ENSFALG00000000967,Zgrf1,ENSFALG00000000967
929,ENSFALG00000000968,LNPEP,LNPEP
930,ENSFALG00000000969,KLF5,KLF5
931,ENSFALG00000000970,MYO3B,MYO3B
932,ENSFALG00000000971,FOXJ1,FOXJ1
933,ENSFALG00000000972,LARP7,LARP7
934,ENSFALG00000000973,MTF1,MTF1
935,ENSFALG00000000974,SHB,ENSFALG00000000974
936,ENSFALG00000000975,EXOC7,EXOC7
937,ENSFALG00000000976,TMEM41B,TMEM41B
938,ENSFALG00000000977,PIBF1,PIBF1
939,ENSFALG00000000978,RNF38,RNF38
940,ENSFALG00000000979,IPO7,IPO7
941,ENSFALG00000000980,GALR2,GALR2
942,ENSFALG00000000981,Scn10a,ENSFALG00000000981
943,ENSFALG00000000982,SRP68,SRP68
944,ENSFALG00000000984,Kcnj3,KCNJ3
945,ENSFALG00000000985,ZNF143,ZNF143
946,ENSFALG00000000986,Trim14,TRIM14
947,ENSFALG00000000987,EVPL,ENSFALG00000000987
948,ENSFALG00000000988,SEC22C,SEC22C
949,ENSFALG00000000988,SEC22C,SEC22C
950,ENSFALG00000000989,WEE1,WEE1
951,ENSFALG00000000990,INPP5B,INPP5B
952,ENSFALG00000000991,SWAP70,SWAP70
953,ENSFALG00000000992,CDK3,CDK3
954,ENSFALG00000000993,NANS,NANS
955,ENSFALG00000000994,SBF2,SBF2
956,ENSFALG00000000995,Ten1,ENSFALG00000000995
957,ENSFALG00000000996,NKTR,NKTR
958,ENSFALG00000000997,ANK2,ANK2
959,ENSFALG00000000998,Acox1,ACOX1
960,ENSFALG00000000999,Adm,ENSFALG00000000999
961,ENSFALG00000001000,ZBTB47,ENSFALG00000001000
962,ENSFALG00000001001,DIS3,DIS3
963,ENSFALG00000001002,Clta,CLTA
964,ENSFALG00000001003,Sf3a3,SF3A3
965,ENSFALG00000001004,AMPD3,AMPD3
966,ENSFALG00000001005,MRPL38,MRPL38
967,ENSFALG00000001006,RNF141,RNF141
968,ENSFALG00000001007,KLHL40,KLHL40
969,ENSFALG00000001008,GNE,GNE
970,ENSFALG00000001009,CPLX1,CPLX1
971,ENSFALG00000001010,PCGF3,PCGF3
972,ENSFALG00000001011,LYVE1,LYVE1
973,ENSFALG00000001012,SLC49A3,SLC49A3
974,ENSFALG00000001013,HHATL,HHATL
975,ENSFALG00000001014,IRAG1,MRVI1
976,ENSFALG00000001015,TEX36,ENSFALG00000001015
977,ENSFALG00000001016,Trim65,TRIM65
978,ENSFALG00000001017,CTR9,CTR9
979,ENSFALG00000001018,EDRF1,EDRF1
980,ENSFALG00000001019,FHL3,FHL3
981,ENSFALG00000001020,TRIM47,ENSFALG00000001020
982,ENSFALG00000001021,WBP2,WBP2
983,ENSFALG00000001022,EIF4G2,EIF4G2
984,ENSFALG00000001023,FSTL4,FSTL4
985,ENSFALG00000001024,UROS,UROS
986,ENSFALG00000001026,UTP11,UTP11
987,ENSFALG00000001027,Unc13d,UNC13D
988,ENSFALG00000001028,CCDC13,ENSFALG00000001028
989,ENSFALG00000001029,BCCIP,BCCIP
990,ENSFALG00000001030,HIGD1A,HIGD1A
991,ENSFALG00000001031,BORA,BORA
992,ENSFALG00000001032,MZT1,MZT1
993,ENSFALG00000001033,RAPGEF6,ENSFALG00000001033
994,ENSFALG00000001034,BUB1B,ENSFALG00000001034
995,ENSFALG00000001034,BUB1B,ENSFALG00000001034
996,ENSFALG00000001035,UNK,UNK
997,ENSFALG00000001036,Timm44,TIMM44
998,ENSFALG00000001037,Rragc,RRAGC
999,ENSFALG00000001038,DACH1,DACH1
1000,ENSFALG00000001039,FNIP1,FNIP1
1001,ENSFALG00000001040,NUDT12,NUDT12
1002,ENSFALG00000001041,Meikin,ENSFALG00000001041
1003,ENSFALG00000001042,KLHL1,KLHL1
1004,ENSFALG00000001043,MYCBP,ENSFALG00000001043
1005,ENSFALG00000001044,Plekha5,ENSFALG00000001044
1006,ENSFALG00000001045,CAMK2D,ENSFALG00000001045
1007,ENSFALG00000001046,OBSCN,OBSCN
1008,ENSFALG00000001047,NFKBID,NFKBID
1009,ENSFALG00000001048,DHX32,DHX32
1010,ENSFALG00000001049,ARSJ,ARSJ
1011,ENSFALG00000001050,PDE3A,PDE3A
1012,ENSFALG00000001051,PPIP5K2,PPIP5K2
1013,ENSFALG00000001052,His3.3A,H3F3B
1014,ENSFALG00000001053,PAK6,PAK6
1015,ENSFALG00000001054,RLF,RLF
1016,ENSFALG00000001055,Aebp2,AEBP2
1017,ENSFALG00000001056,UGT8,UGT8
1018,ENSFALG00000001057,GIN1,GIN1
1019,ENSFALG00000001059,HNRNPM,HNRNPM
1020,ENSFALG00000001059,HNRNPM,HNRNPM
1021,ENSFALG00000001060,PAM,PAM
1022,ENSFALG00000001061,GALK1,GALK1
1023,ENSFALG00000001062,Acsl6,ENSFALG00000001062
1024,ENSFALG00000001063,SLCO4C1,ENSFALG00000001063
1025,ENSFALG00000001064,ITGB4,ITGB4
1026,ENSFALG00000001065,ZMPSTE24,ZMPSTE24
1027,ENSFALG00000001066,PLEKHA5,PLEKHA5
1028,ENSFALG00000001067,LUZP2,LUZP2
1029,ENSFALG00000001068,PLCB2,PLCB2
1030,ENSFALG00000001069,YJU2,YJU2
1031,ENSFALG00000001070,ADAM12,ADAM12
1032,ENSFALG00000001071,SAP30BP,SAP30BP
1033,ENSFALG00000001072,NDST4,NDST4
1034,ENSFALG00000001073,KCNA6,ENSFALG00000001073
1035,ENSFALG00000001074,C10orf90,ENSFALG00000001074
1036,ENSFALG00000001075,FSD1,FSD1
1037,ENSFALG00000001077,C10orf90,ENSFALG00000001077
1038,ENSFALG00000001078,IBA57,IBA57
1039,ENSFALG00000001079,GUK1,GUK1
1040,ENSFALG00000001080,Ndufa9,NDUFA9
1041,ENSFALG00000001081,KDM1A,KDM1A
1042,ENSFALG00000001082,MRPL55,ENSFALG00000001082
1043,ENSFALG00000001083,Mrpl55,ENSFALG00000001083
1044,ENSFALG00000001084,C1orf35,C1orf35
1045,ENSFALG00000001085,MPND,MPND
1046,ENSFALG00000001086,PLCZ1,PLCZ1
1047,ENSFALG00000001086,PLCZ1,PLCZ1
1048,ENSFALG00000001087,RECQL5,RECQL5
1049,ENSFALG00000001087,RECQL5,RECQL5
1050,ENSFALG00000001088,ARF1,ARF1
1051,ENSFALG00000001089,SHISAL1,SHISAL1
1052,ENSFALG00000001091,SH3GL1,SH3GL1
1053,ENSFALG00000001092,WNT3A,WNT3A
1054,ENSFALG00000001093,Smim5,SMIM5
1055,ENSFALG00000001094,LUZP1,LUZP1
1056,ENSFALG00000001095,Wnt9a,WNT9A
1057,ENSFALG00000001095,Wnt9a,WNT9A
1058,ENSFALG00000001096,HNRNPR,HNRNPR
1059,ENSFALG00000001097,CCDC9B,ENSFALG00000001097
1060,ENSFALG00000001099,Ccdc9b,ENSFALG00000001099
1061,ENSFALG00000001100,SNAP47,SNAP47
1062,ENSFALG00000001101,Atp5if1,ATP5IF1
1063,ENSFALG00000001102,Disp2,DISP2
1064,ENSFALG00000001103,P4HA2,P4HA2
1065,ENSFALG00000001104,JMJD4,JMJD4
1066,ENSFALG00000001105,IVD,IVD
1067,ENSFALG00000001106,DNAJC8,DNAJC8
1068,ENSFALG00000001107,CHAF1A,CHAF1A
1069,ENSFALG00000001107,CHAF1A,CHAF1A
1070,ENSFALG00000001108,BAHD1,BAHD1
1071,ENSFALG00000001109,MYO15B,ENSFALG00000001109
1072,ENSFALG00000001110,ALS2CL,ALS2CL
1073,ENSFALG00000001111,Tbx10,ENSFALG00000001111
1074,ENSFALG00000001112,CCDC32,CCDC32
1075,ENSFALG00000001113,EYA3,EYA3
1076,ENSFALG00000001114,UBXN6,UBXN6
1077,ENSFALG00000001115,LLGL2,LLGL2
1078,ENSFALG00000001116,Xkr8,XKR8
1079,ENSFALG00000001117,DOCK1,DOCK1
1080,ENSFALG00000001119,TSEN54,TSEN54
1081,ENSFALG00000001120,Rpa2,RPA2
1082,ENSFALG00000001122,RPUSD2,RPUSD2
1083,ENSFALG00000001123,FPGT,FPGT
1084,ENSFALG00000001124,Hdgfl2,HDGFL2
1085,ENSFALG00000001125,CASKIN2,CASKIN2
1086,ENSFALG00000001127,SMPDL3B,ENSFALG00000001127
1087,ENSFALG00000001128,Knl1,ENSFALG00000001128
1088,ENSFALG00000001129,PPP1R8,PPP1R8
1089,ENSFALG00000001130,TNNI3K,ENSFALG00000001130
1090,ENSFALG00000001131,MTAP,ENSFALG00000001131
1091,ENSFALG00000001132,CTPS1,CTPS1
1092,ENSFALG00000001133,Art1,ENSFALG00000001133
1093,ENSFALG00000001134,PHAX,PHAX
1094,ENSFALG00000001135,SCMH1,SCMH1
1095,ENSFALG00000001136,Puf60,PUF60
1096,ENSFALG00000001137,TMEM94,TMEM94
1097,ENSFALG00000001139,FOXO6,FOXO6
1098,ENSFALG00000001140,LMNB1,LMNB1
1099,ENSFALG00000001141,PAK3,ENSFALG00000001141
1100,ENSFALG00000001142,Edn2,EDN2
1101,ENSFALG00000001143,MARCHF3,MARCH3
1102,ENSFALG00000001144,Tcirg1,TCIRG1
1103,ENSFALG00000001145,Erich3,ENSFALG00000001145
1104,ENSFALG00000001145,Erich3,ENSFALG00000001145
1105,ENSFALG00000001146,Ddx58,DDX58
1106,ENSFALG00000001146,Ddx58,DDX58
1107,ENSFALG00000001147,CUNH5orf63,ENSFALG00000001147
1108,ENSFALG00000001148,HIVEP3,HIVEP3
1109,ENSFALG00000001150,Grb2,GRB2
1110,ENSFALG00000001152,CRYZ,CRYZ
1111,ENSFALG00000001153,MEGF10,MEGF10
1112,ENSFALG00000001154,NRBP2,NRBP2
1113,ENSFALG00000001156,SLC25A19,SLC25A19
1114,ENSFALG00000001158,SEMA6B,SEMA6B
1115,ENSFALG00000001159,MIF4GD,MIF4GD
1116,ENSFALG00000001160,SERINC2,SERINC2
1117,ENSFALG00000001161,TYW3,TYW3
1118,ENSFALG00000001162,MRPS7,MRPS7
1119,ENSFALG00000001163,Fabp3,FABP3
1120,ENSFALG00000001164,Lhx8,LHX8
1121,ENSFALG00000001165,ZCCHC17,ZCCHC17
1122,ENSFALG00000001166,SMG5,ENSFALG00000001166
1123,ENSFALG00000001166,SMG5,ENSFALG00000001166
1124,ENSFALG00000001167,ACO1,ACO1
1125,ENSFALG00000001168,DGKQ,DGKQ
1126,ENSFALG00000001169,NDUFS8,NDUFS8
1127,ENSFALG00000001170,TMEM79,TMEM79
1128,ENSFALG00000001171,MYDGF,MYDGF
1129,ENSFALG00000001171,MYDGF,MYDGF
1130,ENSFALG00000001172,GGA3,GGA3
1131,ENSFALG00000001173,TDRD7,TDRD7
1132,ENSFALG00000001174,Aldh3b2,ENSFALG00000001174
1133,ENSFALG00000001175,TPM3,ENSFALG00000001175
1134,ENSFALG00000001176,DPP9,DPP9
1135,ENSFALG00000001177,TMOD1,TMOD1
1136,ENSFALG00000001178,Aldh3b1,ENSFALG00000001178
1137,ENSFALG00000001179,C1orf43,C1orf43
1138,ENSFALG00000001180,Snrnp40,SNRNP40
1139,ENSFALG00000001181,UBAP2L,UBAP2L
1140,ENSFALG00000001183,Tstd2,TSTD2
1141,ENSFALG00000001184,SLC44A5,SLC44A5
1142,ENSFALG00000001185,UNC93B1,UNC93B1
1143,ENSFALG00000001186,DNM1L,DNM1L
1144,ENSFALG00000001187,UHRF1,UHRF1
1145,ENSFALG00000001188,Hax1,ENSFALG00000001188
1146,ENSFALG00000001189,YARS2,YARS2
1147,ENSFALG00000001190,MAX,MAX
1148,ENSFALG00000001191,AQP10,AQP10
1149,ENSFALG00000001192,NKAIN1,NKAIN1
1150,ENSFALG00000001193,NCBP1,NCBP1
1151,ENSFALG00000001194,KDM4B,KDM4B
1152,ENSFALG00000001195,ATP8B2,ATP8B2
1153,ENSFALG00000001196,INSYN2A,INSYN2A
1154,ENSFALG00000001197,IL6R,IL6R
1155,ENSFALG00000001198,Nps,ENSFALG00000001198
1156,ENSFALG00000001199,FNTB,ENSFALG00000001199
1157,ENSFALG00000001200,CLRN3,CLRN3
1158,ENSFALG00000001201,PTPRE,PTPRE
1159,ENSFALG00000001202,NUP85,NUP85
1160,ENSFALG00000001203,SHE,SHE
1161,ENSFALG00000001204,MKI67,ENSFALG00000001204
1162,ENSFALG00000001205,RAB15,RAB15
1163,ENSFALG00000001206,Ankrd13ca,ANKRD13C
1164,ENSFALG00000001207,XPA,XPA
1165,ENSFALG00000001208,GPX2,GPX2
1166,ENSFALG00000001209,MGMT,MGMT
1167,ENSFALG00000001211,Churc1,CHURC1
1168,ENSFALG00000001212,EBF3,EBF3
1169,ENSFALG00000001213,Ichy,SPINK4
1170,ENSFALG00000001214,PUM1,PUM1
1171,ENSFALG00000001215,UBE2Q1,UBE2Q1
1172,ENSFALG00000001216,B4galt1,B4GALT1
1173,ENSFALG00000001217,Srsf11,SRSF11
1174,ENSFALG00000001217,SRSF11,SRSF11
1175,ENSFALG00000001218,GLRX3,GLRX3
1176,ENSFALG00000001219,SMU1,SMU1
1177,ENSFALG00000001220,CHRNB2,CHRNB2
1178,ENSFALG00000001221,SUMO2,ENSFALG00000001221
1179,ENSFALG00000001222,Sptb,SPTB
1180,ENSFALG00000001223,DNAJA1,DNAJA1
1181,ENSFALG00000001224,TCERG1L,TCERG1L
1182,ENSFALG00000001225,JPT1,ENSFALG00000001225
1183,ENSFALG00000001226,Lrrc40,LRRC40
1184,ENSFALG00000001228,Nt5c,NT5C
1185,ENSFALG00000001229,Armc7,ENSFALG00000001229
1186,ENSFALG00000001230,APTX,APTX
1187,ENSFALG00000001231,SLC16A5,SLC16A5
1188,ENSFALG00000001232,ADAR,ADAR
1189,ENSFALG00000001233,KCTD2,KCTD2
1190,ENSFALG00000001234,PPP2R2D,PPP2R2D
1191,ENSFALG00000001235,ELP1,ELP1
1192,ENSFALG00000001236,ATP5PD,ATP5PD
1193,ENSFALG00000001237,LRRC7,LRRC7
1194,ENSFALG00000001238,TBC1D2,TBC1D2
1195,ENSFALG00000001239,Ptger3,ENSFALG00000001239
1196,ENSFALG00000001241,CORO2A,CORO2A
1197,ENSFALG00000001242,ZRANB2,ZRANB2
1198,ENSFALG00000001244,MRPL58,ENSFALG00000001244
1199,ENSFALG00000001245,C9orf72,C9orf72
1200,ENSFALG00000001246,KCNN3,KCNN3
1201,ENSFALG00000001247,BNIP3,BNIP3
1202,ENSFALG00000001248,la,ENSFALG00000001248
1203,ENSFALG00000001249,NEGR1,NEGR1
1204,ENSFALG00000001250,MOB3B,MOB3B
1205,ENSFALG00000001251,CDR2L,CDR2L
1206,ENSFALG00000001252,HID1,HID1
1207,ENSFALG00000001253,SDC3,SDC3
1208,ENSFALG00000001254,OTOP3,OTOP3
1209,ENSFALG00000001255,BRINP1,BRINP1
1210,ENSFALG00000001256,LAPTM5,LAPTM5
1211,ENSFALG00000001257,OTOP2,OTOP2
1212,ENSFALG00000001258,JAKMIP3,JAKMIP3
1213,ENSFALG00000001259,PBXIP1,PBXIP1
1214,ENSFALG00000001260,MATN1,MATN1
1215,ENSFALG00000001261,USH1G,USH1G
1216,ENSFALG00000001262,SHC1,SHC1
1217,ENSFALG00000001263,FADS6,FADS6
1218,ENSFALG00000001264,NAT10,NAT10
1219,ENSFALG00000001265,CKS1B,CKS1B
1220,ENSFALG00000001266,Lgi4,ENSFALG00000001266
1221,ENSFALG00000001267,Plekhg3,ENSFALG00000001267
1222,ENSFALG00000001267,Plekhg3,ENSFALG00000001267
1223,ENSFALG00000001268,CDK5RAP2,CDK5RAP2
1224,ENSFALG00000001270,FLAD1,FLAD1
1225,ENSFALG00000001271,Fdxr,FDXR
1226,ENSFALG00000001273,ZBTB7B,ZBTB7B
1227,ENSFALG00000001274,AGBL2,AGBL2
1228,ENSFALG00000001274,AGBL2,AGBL2
1229,ENSFALG00000001275,NUP160,NUP160
1230,ENSFALG00000001276,Ha1f,ENSFALG00000001276
1231,ENSFALG00000001277,Col2a1,ENSFALG00000001277
1232,ENSFALG00000001278,DPYSL4,DPYSL4
1233,ENSFALG00000001279,GRIN2C,GRIN2C
1234,ENSFALG00000001280,FNBP4,FNBP4
1235,ENSFALG00000001281,Megf9,MEGF9
1236,ENSFALG00000001282,TMEM104,TMEM104
1237,ENSFALG00000001283,TMEM106C,TMEM106C
1238,ENSFALG00000001284,ACSF2,ACSF2
1239,ENSFALG00000001285,Vdr,VDR
1240,ENSFALG00000001286,SYCP1,SYCP1
1241,ENSFALG00000001287,COL27A1,ENSFALG00000001287
1242,ENSFALG00000001287,COL27A1,ENSFALG00000001287
1243,ENSFALG00000001288,NAT9,NAT9
1244,ENSFALG00000001289,MYG1,C12orf10
1245,ENSFALG00000001290,PTPRU,PTPRU
1246,ENSFALG00000001290,PTPRU,PTPRU
1247,ENSFALG00000001291,CAPRIN1,CAPRIN1
1248,ENSFALG00000001292,Slc9a3r1,SLC9A3R1
1249,ENSFALG00000001293,RAB37,RAB37
1250,ENSFALG00000001294,MTCH2,MTCH2
1251,ENSFALG00000001295,ORM2,ENSFALG00000001295
1252,ENSFALG00000001296,SLC25A25,SLC25A25
1253,ENSFALG00000001297,Cd300ld,ENSFALG00000001297
1254,ENSFALG00000001297,Cd300ld3,ENSFALG00000001297
1255,ENSFALG00000001298,NAIF1,NAIF1
1256,ENSFALG00000001299,CD300LF,ENSFALG00000001299
1257,ENSFALG00000001300,Tap2,ENSFALG00000001300
1258,ENSFALG00000001301,EEIG1,FAM102A
1259,ENSFALG00000001302,XYLT2,XYLT2
1260,ENSFALG00000001303,AAAS,ENSFALG00000001303
1261,ENSFALG00000001304,DPM2,DPM2
1262,ENSFALG00000001305,XYLT2,ENSFALG00000001305
1263,ENSFALG00000001306,STK32C,STK32C
1264,ENSFALG00000001307,MRPL27,MRPL27
1265,ENSFALG00000001309,ST6GALNAC4,ST6GALNAC4
1266,ENSFALG00000001310,Pwwp2b,PWWP2B
1267,ENSFALG00000001311,LMO2,LMO2
1268,ENSFALG00000001312,NUDT8,ENSFALG00000001312
1269,ENSFALG00000001313,Inpp5a,INPP5A
1270,ENSFALG00000001314,EME1,EME1
1271,ENSFALG00000001315,ST6GALNAC6,ENSFALG00000001315
1272,ENSFALG00000001316,Nkx62,NKX6-2
1273,ENSFALG00000001317,FBXO3,FBXO3
1274,ENSFALG00000001318,Sp1,SP1
1275,ENSFALG00000001319,LRRC59,LRRC59
1276,ENSFALG00000001320,Tap1,ENSFALG00000001320
1277,ENSFALG00000001321,NDUFV1,NDUFV1
1278,ENSFALG00000001322,AK1,AK1
1279,ENSFALG00000001323,OPSO,ENSFALG00000001323
1280,ENSFALG00000001324,ENG,ENG
1281,ENSFALG00000001325,CHAD,ENSFALG00000001325
1282,ENSFALG00000001326,TNXB,ENSFALG00000001326
1283,ENSFALG00000001327,RSAD1,RSAD1
1284,ENSFALG00000001328,TNXB,ENSFALG00000001328
1285,ENSFALG00000001329,Cd59,ENSFALG00000001329
1286,ENSFALG00000001330,TNXB,ENSFALG00000001330
1287,ENSFALG00000001331,Cabp2,CABP2
1288,ENSFALG00000001332,FPGS,FPGS
1289,ENSFALG00000001333,PITPNM1,PITPNM1
1290,ENSFALG00000001334,MYCBPAP,MYCBPAP
1291,ENSFALG00000001336,PDE4C,ENSFALG00000001336
1292,ENSFALG00000001337,CDK9,CDK9
1293,ENSFALG00000001338,CFAP46,CFAP46
1294,ENSFALG00000001339,AIP,AIP
1295,ENSFALG00000001340,MPV17L2,MPV17L2
1296,ENSFALG00000001341,MECR,MECR
1297,ENSFALG00000001342,EPN3,EPN3
1298,ENSFALG00000001343,DUS3L,DUS3L
1299,ENSFALG00000001344,SPATA20,SPATA20
1300,ENSFALG00000001345,SH2D3C,SH2D3C
1301,ENSFALG00000001346,SRSF4,SRSF4
1302,ENSFALG00000001347,SHANK2,SHANK2
1303,ENSFALG00000001348,ALDH18A1,TCTN3
1304,ENSFALG00000001350,TOR2A,TOR2A
1305,ENSFALG00000001351,ALDH18A1,ALDH18A1
1306,ENSFALG00000001352,PTRH1,PTRH1
1307,ENSFALG00000001353,Msh4,MSH4
1308,ENSFALG00000001354,Tmem200b,TMEM200B
1309,ENSFALG00000001355,CERCAM,CERCAM
1310,ENSFALG00000001356,CACNA1G,CACNA1G
1311,ENSFALG00000001357,CTTN,CTTN
1312,ENSFALG00000001357,CTTN,CTTN
1313,ENSFALG00000001358,Epb41,EPB41
1314,ENSFALG00000001360,Urm1,URM1
1315,ENSFALG00000001361,Ciao1,CIAO1
1316,ENSFALG00000001362,SLC27A4,SLC27A4
1317,ENSFALG00000001363,COQ4,COQ4
1318,ENSFALG00000001363,COQ4,COQ4
1319,ENSFALG00000001364,TRUB2,TRUB2
1320,ENSFALG00000001365,SWI5,SWI5
1321,ENSFALG00000001366,PPFIA1,PPFIA1
1322,ENSFALG00000001367,FADD,FADD
1323,ENSFALG00000001368,SNRNP200,ENSFALG00000001368
1324,ENSFALG00000001369,Ctgf,ENSFALG00000001369
1325,ENSFALG00000001370,GOLGA2,ENSFALG00000001370
1326,ENSFALG00000001371,TRNAU1AP,TRNAU1AP
1327,ENSFALG00000001372,SCHIP1,ENSFALG00000001372
1328,ENSFALG00000001374,ANO1,ANO1
1329,ENSFALG00000001375,IL12A,ENSFALG00000001375
1330,ENSFALG00000001376,CARD8,ENSFALG00000001376
1331,ENSFALG00000001377,Taf12,TAF12
1332,ENSFALG00000001378,YTHDF2,GMEB1
1333,ENSFALG00000001379,DNM1,DNM1
1334,ENSFALG00000001380,IFT80,IFT80
1335,ENSFALG00000001381,YTHDF2,YTHDF2
1336,ENSFALG00000001382,CIZ1,CIZ1
1337,ENSFALG00000001383,SMC4,SMC4
1338,ENSFALG00000001384,SEMA4C,SEMA4C
1339,ENSFALG00000001385,FGF3,FGF3
1340,ENSFALG00000001386,BBLN,C9orf16
1341,ENSFALG00000001387,FGF4,FGF4
1342,ENSFALG00000001388,PTGES2,PTGES2
1343,ENSFALG00000001390,Fgf19,FGF19
1344,ENSFALG00000001391,ABCC3,ENSFALG00000001391
1345,ENSFALG00000001392,LTO1,LTO1
1346,ENSFALG00000001393,ANKRD40,ANKRD40
1347,ENSFALG00000001394,KPNA4,KPNA4
1348,ENSFALG00000001394,KPNA4,KPNA4
1349,ENSFALG00000001395,CCND1,CCND1
1350,ENSFALG00000001395,Ccnd1,CCND1
1351,ENSFALG00000001396,ODF2,ODF2
1352,ENSFALG00000001397,LUC7L3,LUC7L3
1353,ENSFALG00000001400,WFIKKN2,WFIKKN2
1354,ENSFALG00000001401,SPAG9,SPAG9
1355,ENSFALG00000001402,B3galnt1,B3GALNT1
1356,ENSFALG00000001403,Gm20390,ENSFALG00000001403
1357,ENSFALG00000001404,GLE1,GLE1
1358,ENSFALG00000001405,Ppm1l,PPM1L
1359,ENSFALG00000001406,MBTD1,MBTD1
1360,ENSFALG00000001407,UTP18,UTP18
1361,ENSFALG00000001408,SPTAN1,SPTAN1
1362,ENSFALG00000001408,SPTAN1,SPTAN1
1363,ENSFALG00000001409,Slc5a2,ENSFALG00000001409
1364,ENSFALG00000001410,Nsmce3,ENSFALG00000001410
1365,ENSFALG00000001411,Wdr34,WDR34
1366,ENSFALG00000001412,TAF8,TAF8
1367,ENSFALG00000001413,Set,ENSFALG00000001413
1368,ENSFALG00000001414,PKN3,ENSFALG00000001414
1369,ENSFALG00000001415,ZDHHC12,ZDHHC12
1370,ENSFALG00000001416,Plec,ENSFALG00000001416
1371,ENSFALG00000001417,ZER1,ZER1
1372,ENSFALG00000001419,TBC1D13,TBC1D13
1373,ENSFALG00000001420,Spout1,SPOUT1
1374,ENSFALG00000001421,ENDOG,ENDOG
1375,ENSFALG00000001422,KYAT1,ENSFALG00000001422
1376,ENSFALG00000001423,LRRC8A,LRRC8A
1377,ENSFALG00000001424,PHYHD1,PHYHD1
1378,ENSFALG00000001425,Nup188,ENSFALG00000001425
1379,ENSFALG00000001426,SH3GLB2,SH3GLB2
1380,ENSFALG00000001426,SH3GLB2,SH3GLB2
1381,ENSFALG00000001427,MIGA2,MIGA2
1382,ENSFALG00000001428,DOLPP1,DOLPP1
1383,ENSFALG00000001429,CRAT,CRAT
1384,ENSFALG00000001430,PTPA,PTPA
1385,ENSFALG00000001431,ASB6,ASB6
1386,ENSFALG00000001432,NTMT1,NTMT1
1387,ENSFALG00000001433,PRRX2,PRRX2
1388,ENSFALG00000001434,Ptges,PTGES
1389,ENSFALG00000001435,Tor1b,TOR1B
1390,ENSFALG00000001436,TOR1A,TOR1A
1391,ENSFALG00000001437,C9orf78,C9orf78
1392,ENSFALG00000001438,USP20,USP20
1393,ENSFALG00000001439,Fnbp1,FNBP1
1394,ENSFALG00000001440,GPR107,GPR107
1395,ENSFALG00000001441,NCS1,ENSFALG00000001441
1396,ENSFALG00000001442,HMCN2,ENSFALG00000001442
1397,ENSFALG00000001443,ASS1,ASS1
1398,ENSFALG00000001444,FUBP3,FUBP3
1399,ENSFALG00000001445,Prdm12,PRDM12
1400,ENSFALG00000001446,EXOSC2,EXOSC2
1401,ENSFALG00000001447,ABL1,ABL1
1402,ENSFALG00000001448,FIBCD1,FIBCD1
1403,ENSFALG00000001449,LAMC3,LAMC3
1404,ENSFALG00000001450,AIF1L,AIF1L
1405,ENSFALG00000001451,NUP214,NUP214
1406,ENSFALG00000001452,FAM78A,FAM78A
1407,ENSFALG00000001453,PLPP7,PLPP7
1408,ENSFALG00000001454,PRRC2B,PRRC2B
1409,ENSFALG00000001455,Arhgef11,ENSFALG00000001455
1410,ENSFALG00000001456,SCNM1,ENSFALG00000001456
1411,ENSFALG00000001457,POMT1,POMT1
1412,ENSFALG00000001458,Acadm,ENSFALG00000001458
1413,ENSFALG00000001459,Tmod4,ENSFALG00000001459
1414,ENSFALG00000001460,UCK1,UCK1
1415,ENSFALG00000001461,RAPGEF1,RAPGEF1
1416,ENSFALG00000001462,MED27,MED27
1417,ENSFALG00000001463,NTNG2,NTNG2
1418,ENSFALG00000001464,SETX,SETX
1419,ENSFALG00000001465,TTF1,ENSFALG00000001465
1420,ENSFALG00000001466,CFAP77,CFAP77
1421,ENSFALG00000001467,BARHL1,BARHL1
1422,ENSFALG00000001468,DDX31,DDX31
1423,ENSFALG00000001469,DIPK2B,DIPK2B
1424,ENSFALG00000001470,KDM6A,ENSFALG00000001470
1425,ENSFALG00000001471,FUNDC1,FUNDC1
1426,ENSFALG00000001472,EFHC2,EFHC2
1427,ENSFALG00000001473,Ndp,ENSFALG00000001473
1428,ENSFALG00000001474,GTF3C4,GTF3C4
1429,ENSFALG00000001475,AK8,ENSFALG00000001475
1430,ENSFALG00000001476,Spaca9,ENSFALG00000001476
1431,ENSFALG00000001477,Spaca9,ENSFALG00000001477
1432,ENSFALG00000001478,TSC1,TSC1
1433,ENSFALG00000001479,GFI1B,GFI1B
1434,ENSFALG00000001480,Maob,ENSFALG00000001480
1435,ENSFALG00000001481,CADM2,CADM2
1436,ENSFALG00000001482,VGLL3,VGLL3
1437,ENSFALG00000001483,Cel,CEL
1438,ENSFALG00000001484,CHMP2B,CHMP2B
1439,ENSFALG00000001486,TENM1,TENM1
1440,ENSFALG00000001487,POU1F1,POU1F1
1441,ENSFALG00000001488,Cd200r1,ENSFALG00000001488
1442,ENSFALG00000001489,PDZK1,PDZK1
1443,ENSFALG00000001490,GPR89B,ENSFALG00000001490
1444,ENSFALG00000001491,GTF3C5,GTF3C5
1445,ENSFALG00000001492,RALGDS,ENSFALG00000001492
1446,ENSFALG00000001493,RUNX2,RUNX2
1447,ENSFALG00000001494,GBGT1,GBGT1
1448,ENSFALG00000001495,SURF6,SURF6
1449,ENSFALG00000001496,CLIC5,CLIC5
1450,ENSFALG00000001497,ACP6,ACP6
1451,ENSFALG00000001498,MED22,MED22
1452,ENSFALG00000001499,MAOA,MAOA
1453,ENSFALG00000001500,ENPP4,ENPP4
1454,ENSFALG00000001501,BCL9,BCL9
1455,ENSFALG00000001502,RPL7A,ENSFALG00000001502
1456,ENSFALG00000001503,ENPP5,ENPP5
1457,ENSFALG00000001504,Surf1,SURF1
1458,ENSFALG00000001505,POGLUT1,POGLUT1
1459,ENSFALG00000001506,RCAN2,RCAN2
1460,ENSFALG00000001507,Sh2d1a,SH2D1A
1461,ENSFALG00000001508,CYP39A1,CYP39A1
1462,ENSFALG00000001509,Surf2,SURF2
1463,ENSFALG00000001510,STAG2,STAG2
1464,ENSFALG00000001511,Timmdc1,TIMMDC1
1465,ENSFALG00000001512,Slc25a27,SLC25A27
1466,ENSFALG00000001513,CD80,ENSFALG00000001513
1467,ENSFALG00000001514,SURF4,SURF4
1468,ENSFALG00000001515,XIAP,XIAP
1469,ENSFALG00000001516,STKLD1,STKLD1
1470,ENSFALG00000001517,ADPRH,ADPRH
1471,ENSFALG00000001518,Igsf3,IGSF3
1472,ENSFALG00000001519,THOC2,THOC2
1473,ENSFALG00000001520,REXO4,REXO4
1474,ENSFALG00000001521,Cd101,ENSFALG00000001521
1475,ENSFALG00000001522,TDRD6,TDRD6
1476,ENSFALG00000001523,Ptgfrn,PTGFRN
1477,ENSFALG00000001524,GRIA3,GRIA3
1478,ENSFALG00000001525,CASK,CASK
1479,ENSFALG00000001526,CD2,ENSFALG00000001526
1480,ENSFALG00000001527,ADAMTS13,ADAMTS13
1481,ENSFALG00000001529,PLA2G7,PLA2G7
1482,ENSFALG00000001530,DDX3X,ENSFALG00000001530
1483,ENSFALG00000001531,Mcts1,ENSFALG00000001531
1484,ENSFALG00000001532,Cacfd1,CACFD1
1485,ENSFALG00000001533,RPL8,RPL8
1486,ENSFALG00000001534,ILDR2,ILDR2
1487,ENSFALG00000001535,CUL4B,CUL4B
1488,ENSFALG00000001536,Tmem101,TMEM101
1489,ENSFALG00000001538,USP9X,ENSFALG00000001538
1490,ENSFALG00000001539,LSM12,ENSFALG00000001539
1491,ENSFALG00000001540,LAMP2,LAMP2
1492,ENSFALG00000001541,G6PC3,ENSFALG00000001541
1493,ENSFALG00000001542,SLC2A6,SLC2A6
1494,ENSFALG00000001543,ANKRD66,ANKRD66
1495,ENSFALG00000001545,MED14,MED14
1496,ENSFALG00000001546,ATP1B4,ATP1B4
1497,ENSFALG00000001547,Tas2r9,ENSFALG00000001547
1498,ENSFALG00000001548,MAEL,MAEL
1499,ENSFALG00000001549,HROB,ENSFALG00000001549
1500,ENSFALG00000001550,ATP6AP2,ATP6AP2
1501,ENSFALG00000001551,Tmem255a,TMEM255A
1502,ENSFALG00000001551,Tmem255a,TMEM255A
1503,ENSFALG00000001552,BCOR,BCOR
1504,ENSFALG00000001553,UBTF,UBTF
1505,ENSFALG00000001554,Nkapl,NKAP
1506,ENSFALG00000001555,TSPAN7,ENSFALG00000001555
1507,ENSFALG00000001556,GPA33,GPA33
1508,ENSFALG00000001557,MEP1A,ENSFALG00000001557
1509,ENSFALG00000001558,STYXL2,DUSP27
1510,ENSFALG00000001559,Mymk,MYMK
1511,ENSFALG00000001560,POU2F1,POU2F1
1512,ENSFALG00000001561,AKAP14,AKAP14
1513,ENSFALG00000001562,CD247,ENSFALG00000001562
1514,ENSFALG00000001563,CD247,ENSFALG00000001563
1515,ENSFALG00000001564,NDUFA1,NDUFA1
1516,ENSFALG00000001565,Adamtsl2,ADAMTSL2
1517,ENSFALG00000001566,ADGRF5,ADGRF5
1518,ENSFALG00000001567,CREG1,CREG1
1519,ENSFALG00000001567,CREG1,CREG1
1520,ENSFALG00000001568,OTC,OTC
1521,ENSFALG00000001568,OTC,OTC
1522,ENSFALG00000001569,Upf3b,UPF3B
1523,ENSFALG00000001570,Rcsd1,RCSD1
1524,ENSFALG00000001571,Syngap1,ENSFALG00000001571
1525,ENSFALG00000001572,TNFRSF21,TNFRSF21
1526,ENSFALG00000001572,TNFRSF21,TNFRSF21
1527,ENSFALG00000001574,MPZL1,MPZL1
1528,ENSFALG00000001575,Fam163b,FAM163B
1529,ENSFALG00000001576,RPL39L,RPL39
1530,ENSFALG00000001577,Tbb7,ENSFALG00000001577
1531,ENSFALG00000001577,Tbb7,ENSFALG00000001577
1532,ENSFALG00000001578,DBH,DBH
1533,ENSFALG00000001579,Mpc2,MPC2
1534,ENSFALG00000001580,SEPTIN6,SEPTIN6
1535,ENSFALG00000001581,Rpgr,RPGR
1536,ENSFALG00000001582,XPO7,XPO7
1537,ENSFALG00000001583,SARDH,SARDH
1538,ENSFALG00000001584,Nkrf,NKRF
1539,ENSFALG00000001586,CD2AP,CD2AP
1540,ENSFALG00000001587,DCAF6,DCAF6
1541,ENSFALG00000001588,SRPX,SRPX
1542,ENSFALG00000001590,EGR3,ENSFALG00000001590
1543,ENSFALG00000001591,UBE2A,UBE2A
1544,ENSFALG00000001592,VAV2,VAV2
1545,ENSFALG00000001593,SYTL5,SYTL5
1546,ENSFALG00000001594,DYNLT3,DYNLT3
1547,ENSFALG00000001595,STEEP1,CXorf56
1548,ENSFALG00000001596,CYBB,CYBB
1549,ENSFALG00000001597,GABRR3,GABRR3
1550,ENSFALG00000001598,BRD3,BRD3
1551,ENSFALG00000001600,ADGRF4,ADGRF2
1552,ENSFALG00000001601,XK,XK
1553,ENSFALG00000001602,ARSA,ARSA
1554,ENSFALG00000001603,OPN5,OPN5
1555,ENSFALG00000001604,LANCL3,LANCL3
1556,ENSFALG00000001605,SLC25A5,ENSFALG00000001605
1557,ENSFALG00000001606,PRRG1,PRRG1
1558,ENSFALG00000001607,RHOBTB2,RHOBTB2
1559,ENSFALG00000001608,PTCHD4,PTCHD4
1560,ENSFALG00000001609,Slc25a43,SLC25A43
1561,ENSFALG00000001612,CFAP47,ENSFALG00000001612
1562,ENSFALG00000001613,EVA1A,EVA1A
1563,ENSFALG00000001614,RIOX2,RIOX2
1564,ENSFALG00000001615,MRPL19,MRPL19
1565,ENSFALG00000001616,TSPAN33,TSPAN33
1566,ENSFALG00000001617,ZDHHC13,ZDHHC13
1567,ENSFALG00000001618,AKAP17B,ENSFALG00000001618
1568,ENSFALG00000001619,CFAP47,ENSFALG00000001619
1569,ENSFALG00000001620,CFAP47,ENSFALG00000001620
1570,ENSFALG00000001621,CSRP3,CSRP3
1571,ENSFALG00000001622,SMO,SMO
1572,ENSFALG00000001623,PGRMC1,PGRMC1
1573,ENSFALG00000001624,WDR5,WDR5B
1574,ENSFALG00000001625,E2F8,E2F8
1575,ENSFALG00000001626,CFAP47,ENSFALG00000001626
1576,ENSFALG00000001627,GCFC2,GCFC2
1577,ENSFALG00000001629,Tnfrsf10a,ENSFALG00000001629
1578,ENSFALG00000001630,CFAP47,ENSFALG00000001630
1579,ENSFALG00000001631,PKN2,PKN2
1580,ENSFALG00000001632,KIAA1210,ENSFALG00000001632
1581,ENSFALG00000001634,Crybg3,ENSFALG00000001634
1582,ENSFALG00000001635,Tmem47,TMEM47
1583,ENSFALG00000001636,GTF2B,GTF2B
1584,ENSFALG00000001637,LONRF3,LONRF3
1585,ENSFALG00000001638,CHMP7,CHMP7
1586,ENSFALG00000001639,COMMD5,ENSFALG00000001639
1587,ENSFALG00000001640,NAV2,NAV2
1588,ENSFALG00000001641,ITSN2,ITSN2
1589,ENSFALG00000001642,KYAT3,KYAT3
1590,ENSFALG00000001643,CRYBG3,ENSFALG00000001643
1591,ENSFALG00000001644,ARL6,ARL6
1592,ENSFALG00000001645,RXRA,RXRA
1593,ENSFALG00000001646,R3hcc1,R3HCC1
1594,ENSFALG00000001647,EPHA6,EPHA6
1595,ENSFALG00000001648,TP53I3,TP53I3
1596,ENSFALG00000001649,Fam199x,FAM199X
1597,ENSFALG00000001650,LOXL2,LOXL2
1598,ENSFALG00000001651,SF3B6,SF3B6
1599,ENSFALG00000001652,Nsun3,NSUN3
1600,ENSFALG00000001653,Fkbp1b,FKBP1B
1601,ENSFALG00000001654,ARL13B,ARL13B
1602,ENSFALG00000001655,WDCP,ENSFALG00000001655
1603,ENSFALG00000001656,IL1RAPL2,ENSFALG00000001656
1604,ENSFALG00000001657,PROS1,PROS1
1605,ENSFALG00000001658,WDCP,WDCP
1606,ENSFALG00000001660,LRFN5,LRFN5
1607,ENSFALG00000001661,IL1RAPL2,ENSFALG00000001661
1608,ENSFALG00000001662,LRRC8B,LRRC8B
1609,ENSFALG00000001663,MFSD2B,MFSD2B
1610,ENSFALG00000001664,COL5A1,COL5A1
1611,ENSFALG00000001665,LRRC8C,LRRC8C
1612,ENSFALG00000001666,Egf1,ENSFALG00000001666
1613,ENSFALG00000001667,KLHL28,KLHL28
1614,ENSFALG00000001668,NRK,ENSFALG00000001668
1615,ENSFALG00000001669,Egf1,ENSFALG00000001669
1616,ENSFALG00000001669,EYS,ENSFALG00000001669
1617,ENSFALG00000001670,TOGARAM1,TOGARAM1
1618,ENSFALG00000001671,Znf326,ZNF326
1619,ENSFALG00000001673,PHF3,PHF3
1620,ENSFALG00000001674,DR1,DR1
1621,ENSFALG00000001675,EPHA3,EPHA3
1622,ENSFALG00000001676,DBX1,DBX1
1623,ENSFALG00000001677,Prpf39,PRPF39
1624,ENSFALG00000001679,Ptp4a1,PTP4A1
1625,ENSFALG00000001680,OLFM1,OLFM1
1626,ENSFALG00000001680,Olfm1,OLFM1
1627,ENSFALG00000001681,UBXN2A,UBXN2A
1628,ENSFALG00000001682,PRMT3,PRMT3
1629,ENSFALG00000001683,LGSN,LGSN
1630,ENSFALG00000001684,ATAD2B,ATAD2B
1631,ENSFALG00000001685,RADX,RADX
1632,ENSFALG00000001686,KLHL29,KLHL29
1633,ENSFALG00000001687,CCDC18,CCDC18
1634,ENSFALG00000001688,FKBP3,FKBP3
1635,ENSFALG00000001689,PPP1R26,PPP1R26
1636,ENSFALG00000001690,TDRD15,TDRD15
1637,ENSFALG00000001691,KHDRBS2,KHDRBS2
1638,ENSFALG00000001691,KHDRBS2,KHDRBS2
1639,ENSFALG00000001691,KHDRBS2,KHDRBS2
1640,ENSFALG00000001692,MRPS2,MRPS2
1641,ENSFALG00000001693,DIPK1B,DIPK1B
1642,ENSFALG00000001694,SLC6A5,SLC6A5
1643,ENSFALG00000001695,AGPAT2,AGPAT2
1644,ENSFALG00000001696,IL13RA1,IL13RA1
1645,ENSFALG00000001697,EGFL7,EGFL7
1646,ENSFALG00000001698,APOB,APOB
1647,ENSFALG00000001699,PRIM2,PRIM2
1648,ENSFALG00000001700,Tmed5,TMED5
1649,ENSFALG00000001701,NOTCH1,NOTCH1
1650,ENSFALG00000001702,MTF2,MTF2
1651,ENSFALG00000001703,FANCM,FANCM
1652,ENSFALG00000001705,NELL1,NELL1
1653,ENSFALG00000001706,DIPK1A,DIPK1A
1654,ENSFALG00000001707,ANO5,ANO5
1655,ENSFALG00000001708,RAB23,RAB23
1656,ENSFALG00000001709,SEC16A,SEC16A
1657,ENSFALG00000001710,HEBP2,ENSFALG00000001710
1658,ENSFALG00000001711,Ryr1,ENSFALG00000001711
1659,ENSFALG00000001712,C3orf38,C3orf38
1660,ENSFALG00000001713,LDAH,LDAH
1661,ENSFALG00000001714,BAG2,BAG2
1662,ENSFALG00000001715,ZNF654,ZNF654
1663,ENSFALG00000001716,MIS18BP1,ENSFALG00000001716
1664,ENSFALG00000001716,MIS18BP1,ENSFALG00000001716
1665,ENSFALG00000001717,N6AMT1,N6AMT1
1666,ENSFALG00000001718,HS1BP3,HS1BP3
1667,ENSFALG00000001719,Mis18bp1,ENSFALG00000001719
1668,ENSFALG00000001720,ZNF451,ZNF451
1669,ENSFALG00000001721,Slamf1,ENSFALG00000001721
1670,ENSFALG00000001722,Rpl5,RPL5
1671,ENSFALG00000001722,Rpl5,RPL5
1672,ENSFALG00000001723,CD48,ENSFALG00000001723
1673,ENSFALG00000001724,MDGA2,MDGA2
1674,ENSFALG00000001725,S100a11,S100A11
1675,ENSFALG00000001726,Tchh,ENSFALG00000001726
1676,ENSFALG00000001728,Slc7a9,ENSFALG00000001728
1677,ENSFALG00000001729,BEND6,BEND6
1678,ENSFALG00000001730,Fam186a,ENSFALG00000001730
1679,ENSFALG00000001733,Macf1,ENSFALG00000001733
1680,ENSFALG00000001737,EVI5,EVI5
1681,ENSFALG00000001738,Rps29,ENSFALG00000001738
1682,ENSFALG00000001739,DOCK11,DOCK11
1683,ENSFALG00000001740,INPP5E,INPP5E
1684,ENSFALG00000001741,Lrr1,LRR1
1685,ENSFALG00000001742,Mgat2,MGAT2
1686,ENSFALG00000001743,DNAAF2,ENSFALG00000001743
1687,ENSFALG00000001744,Pmpca,PMPCA
1688,ENSFALG00000001745,Rbck1,ENSFALG00000001745
1689,ENSFALG00000001747,Maf1,MAF1
1690,ENSFALG00000001749,GFI1,GFI1
1691,ENSFALG00000001750,RPAP2,RPAP2
1692,ENSFALG00000001751,GBE1,GBE1
1693,ENSFALG00000001752,Art1,ENSFALG00000001752
1694,ENSFALG00000001752,Art1,ENSFALG00000001752
1695,ENSFALG00000001753,Sdccag3,ENSFALG00000001753
1696,ENSFALG00000001753,Sdccag3,ENSFALG00000001753
1697,ENSFALG00000001754,GLMN,GLMN
1698,ENSFALG00000001755,POLE2,POLE2
1699,ENSFALG00000001756,C8H1orf146,C1orf146
1700,ENSFALG00000001757,BTBD8,BTBD8
1701,ENSFALG00000001758,SNAPC4,SNAPC4
1702,ENSFALG00000001759,PUM2,PUM2
1703,ENSFALG00000001759,PUM2,PUM2
1704,ENSFALG00000001760,BTBD8,ENSFALG00000001760
1705,ENSFALG00000001761,EPHX4,EPHX4
1706,ENSFALG00000001762,DST,DST
1707,ENSFALG00000001763,CARD9,CARD9
1708,ENSFALG00000001764,BRDT,BRDT
1709,ENSFALG00000001765,Dnlz,DNLZ
1710,ENSFALG00000001766,TGFBR3,TGFBR3
1711,ENSFALG00000001767,GPSM1,GPSM1
1712,ENSFALG00000001768,KLHDC1,KLHDC1
1713,ENSFALG00000001769,Cep350,ENSFALG00000001769
1714,ENSFALG00000001770,CBLIF,ENSFALG00000001770
1715,ENSFALG00000001771,CDC7,CDC7
1716,ENSFALG00000001772,KLHDC2,KLHDC2
1717,ENSFALG00000001773,SDC1,SDC1
1718,ENSFALG00000001774,QSOX2,QSOX2
1719,ENSFALG00000001775,LAPTM4A,LAPTM4A
1720,ENSFALG00000001776,LHX3,LHX3
1721,ENSFALG00000001777,WDR35,WDR35
1722,ENSFALG00000001778,TTC32,TTC32
1723,ENSFALG00000001779,NACC2,NACC2
1724,ENSFALG00000001781,HFM1,HFM1
1725,ENSFALG00000001783,NEMF,NEMF
1726,ENSFALG00000001784,UBAC1,UBAC1
1727,ENSFALG00000001785,Osr1,OSR1
1728,ENSFALG00000001786,Nt5c1b,ENSFALG00000001786
1729,ENSFALG00000001787,Il2ra,ENSFALG00000001787
1730,ENSFALG00000001788,CAMSAP1,CAMSAP1
1731,ENSFALG00000001790,RBM17,RBM17
1732,ENSFALG00000001791,KCNT1,KCNT1
1733,ENSFALG00000001792,PFKFB3,PFKFB3
1734,ENSFALG00000001793,PRKCQ,PRKCQ
1735,ENSFALG00000001794,B3GALT9,B3GNT10
1736,ENSFALG00000001795,PSMD5,PSMD5
1737,ENSFALG00000001796,Sfmbt2,SFMBT2
1738,ENSFALG00000001797,WDR44,WDR44
1739,ENSFALG00000001798,Cuta,ENSFALG00000001798
1740,ENSFALG00000001799,ZNF644,ZNF644
1741,ENSFALG00000001800,KLHL13,KLHL13
1742,ENSFALG00000001801,PHF19,PHF19
1743,ENSFALG00000001802,Fam162a,ENSFALG00000001802
1744,ENSFALG00000001803,Barhl2,BARHL2
1745,ENSFALG00000001805,SLC6A14,ENSFALG00000001805
1746,ENSFALG00000001806,TRAF1,TRAF1
1747,ENSFALG00000001807,Zp2,ENSFALG00000001807
1748,ENSFALG00000001808,Rps29,ENSFALG00000001808
1749,ENSFALG00000001809,C5,C5
1750,ENSFALG00000001810,Nyx,ENSFALG00000001810
1751,ENSFALG00000001811,ITIH5,ITIH5
1752,ENSFALG00000001812,PLS3,PLS3
1753,ENSFALG00000001813,CNTRL,CNTRL
1754,ENSFALG00000001814,VCPKMT,VCPKMT
1755,ENSFALG00000001815,STK26,STK26
1756,ENSFALG00000001816,RAB14,RAB14
1757,ENSFALG00000001817,ITIH2,ITIH2
1758,ENSFALG00000001818,Col21a1,COL21A1
1759,ENSFALG00000001819,FRMD7,FRMD7
1760,ENSFALG00000001820,Msgn1,MSGN1
1761,ENSFALG00000001821,GEN1,GEN1
1762,ENSFALG00000001822,RAP2C,RAP2C
1763,ENSFALG00000001823,SOS2,SOS2
1764,ENSFALG00000001824,SMC6,SMC6
1765,ENSFALG00000001825,BMP5,BMP5
1766,ENSFALG00000001826,Mbnl3,MBNL3
1767,ENSFALG00000001827,HMGCLL1,HMGCLL1
1768,ENSFALG00000001828,GFRAL,ENSFALG00000001828
1769,ENSFALG00000001829,Gfral,GFRAL
1770,ENSFALG00000001830,VSNL1,VSNL1
1771,ENSFALG00000001831,HCRTR2,HCRTR2
1772,ENSFALG00000001832,RAD51AP2,ENSFALG00000001832
1773,ENSFALG00000001833,HS6ST2,HS6ST2
1774,ENSFALG00000001835,Cxxc1,ENSFALG00000001835
1775,ENSFALG00000001836,GPC4,GPC4
1776,ENSFALG00000001837,GSN,GSN
1777,ENSFALG00000001838,FAM83B,FAM83B
1778,ENSFALG00000001839,L2HGDH,L2HGDH
1779,ENSFALG00000001840,TINAG,TINAG
1780,ENSFALG00000001841,GPC3,GPC3
1781,ENSFALG00000001842,Kin,KIN
1782,ENSFALG00000001844,MLIP,ENSFALG00000001844
1783,ENSFALG00000001844,Mlip,ENSFALG00000001844
1784,ENSFALG00000001845,DMAC2L,DMAC2L
1785,ENSFALG00000001846,LRRC1,LRRC1
1786,ENSFALG00000001848,KLHL31,KLHL31
1787,ENSFALG00000001849,CDKL1,CDKL1
1788,ENSFALG00000001850,GCLC,GCLC
1789,ENSFALG00000001851,ADGRL1,ADGRL1
1790,ENSFALG00000001852,MAP4K5,MAP4K5
1791,ENSFALG00000001853,ELOVL5,ELOVL5
1792,ENSFALG00000001854,Gcm1,GCM1
1793,ENSFALG00000001855,Atl1,ATL1
1794,ENSFALG00000001856,FBXO9,FBXO9
1795,ENSFALG00000001857,SEMA6A,SEMA6A
1796,ENSFALG00000001858,SAV1,SAV1
1797,ENSFALG00000001859,CILK1,ICK
1798,ENSFALG00000001860,NIN,NIN
1799,ENSFALG00000001861,ATP5F1C,ATP5F1C
1800,ENSFALG00000001861,ATP5F1C,ATP5F1C
1801,ENSFALG00000001862,Gsta3,ENSFALG00000001862
1802,ENSFALG00000001865,ABHD12B,ENSFALG00000001865
1803,ENSFALG00000001866,TAF3,TAF3
1804,ENSFALG00000001867,TECR,TECR
1805,ENSFALG00000001868,Gsta4,ENSFALG00000001868
1806,ENSFALG00000001869,GATA3,GATA3
1807,ENSFALG00000001871,COMMD10,COMMD10
1808,ENSFALG00000001872,ARL14EPL,ARL14EPL
1809,ENSFALG00000001873,CELF2,CELF2
1810,ENSFALG00000001874,Gsta1,ENSFALG00000001874
1811,ENSFALG00000001874,Gsta1,ENSFALG00000001874
1812,ENSFALG00000001875,TLE4,TLE4
1813,ENSFALG00000001876,LVRN,LVRN
1814,ENSFALG00000001877,Gsta2,ENSFALG00000001877
1815,ENSFALG00000001878,PYGL,PYGL
1816,ENSFALG00000001879,TMEM14A,TMEM14A
1817,ENSFALG00000001881,USP6NL,USP6NL
1818,ENSFALG00000001882,AGPAT5,AGPAT5
1819,ENSFALG00000001883,Echdc3,ECHDC3
1820,ENSFALG00000001884,Ap3s1,AP3S1
1821,ENSFALG00000001885,ATG12,ATG12
1822,ENSFALG00000001886,PROSER2,PROSER2
1823,ENSFALG00000001887,CDO1,CDO1
1824,ENSFALG00000001888,ANGPT2,ANGPT2
1825,ENSFALG00000001889,UPF2,UPF2
1826,ENSFALG00000001890,TMED7,ENSFALG00000001890
1827,ENSFALG00000001891,CSMD1,ENSFALG00000001891
1828,ENSFALG00000001892,LSM5,LSM5
1829,ENSFALG00000001894,DHTKD1,DHTKD1
1830,ENSFALG00000001895,Ccdc12,CCDC12
1831,ENSFALG00000001896,STOM,STOM
1832,ENSFALG00000001897,SEC61A2,SEC61A2
1833,ENSFALG00000001898,NUDT5,NUDT5
1834,ENSFALG00000001899,CDC123,CDC123
1835,ENSFALG00000001900,CAMK1D,CAMK1D
1836,ENSFALG00000001901,Dab2ip,DAB2IP
1837,ENSFALG00000001902,CSMD1,CSMD1
1838,ENSFALG00000001903,CCDC3,CCDC3
1839,ENSFALG00000001904,Nbeal2,NBEAL2
1840,ENSFALG00000001905,TRIM9,TRIM9
1841,ENSFALG00000001906,OPTN,OPTN
1842,ENSFALG00000001907,MCM10,MCM10
1843,ENSFALG00000001908,TMX1,TMX1
1844,ENSFALG00000001909,PHYH,PHYH
1845,ENSFALG00000001910,SEPHS1,SEPHS1
1846,ENSFALG00000001911,BEND7,ENSFALG00000001911
1847,ENSFALG00000001912,PRPF18,ENSFALG00000001912
1848,ENSFALG00000001913,FRMD6,FRMD6
1849,ENSFALG00000001914,Ttll11,TTLL11
1850,ENSFALG00000001915,NOS1AP,ENSFALG00000001915
1851,ENSFALG00000001916,FRMD4A,FRMD4A
1852,ENSFALG00000001917,NDUFA8,NDUFA8
1853,ENSFALG00000001918,DSD,ENSFALG00000001918
1854,ENSFALG00000001919,FBXO4,FBXO4
1855,ENSFALG00000001921,FBXO4,C5orf51
1856,ENSFALG00000001922,SETD2,SETD2
1857,ENSFALG00000001923,GNG2,GNG2
1858,ENSFALG00000001924,FAM107B,FAM107B
1859,ENSFALG00000001925,HSPA14,HSPA14
1860,ENSFALG00000001926,SUV39H2,SUV39H2
1861,ENSFALG00000001927,RTRAF,RTRAF
1862,ENSFALG00000001928,DCLRE1C,DCLRE1C
1863,ENSFALG00000001929,Mpsf,MYOM2
1864,ENSFALG00000001930,TMEM243,MEIG1
1865,ENSFALG00000001931,OXCT1,ENSFALG00000001931
1866,ENSFALG00000001932,Tmem243,TMEM243
1867,ENSFALG00000001933,DMTF1,DMTF1
1868,ENSFALG00000001935,MORN5,MORN5
1869,ENSFALG00000001936,KIF9,KIF9
1870,ENSFALG00000001937,LHX6,LHX6
1871,ENSFALG00000001938,DYRK4,DYRK4
1872,ENSFALG00000001939,RAD51AP1,ENSFALG00000001939
1873,ENSFALG00000001940,RBM18,RBM18
1874,ENSFALG00000001941,ELAPOR2,KIAA1324L
1875,ENSFALG00000001942,C12orf4,C12orf4
1876,ENSFALG00000001943,KLHL18,KLHL18
1877,ENSFALG00000001944,Fgf6,FGF6
1878,ENSFALG00000001945,FGF23,FGF23
1879,ENSFALG00000001946,TIGAR,TIGAR
1880,ENSFALG00000001947,Vars2,ENSFALG00000001947
1881,ENSFALG00000001948,Ighv348,ENSFALG00000001948
1882,ENSFALG00000001949,CCND2,ENSFALG00000001949
1883,ENSFALG00000001950,Polr2a,ENSFALG00000001950
1884,ENSFALG00000001951,PLCXD3,PLCXD3
1885,ENSFALG00000001952,Kbtbd11,KBTBD11
1886,ENSFALG00000001953,Cathl2,ENSFALG00000001953
1887,ENSFALG00000001954,ARHGEF10,ARHGEF10
1888,ENSFALG00000001956,GRM3,GRM3
1889,ENSFALG00000001958,CLN8,ENSFALG00000001958
1890,ENSFALG00000001959,Znf250,ENSFALG00000001959
1891,ENSFALG00000001960,MRRF,MRRF
1892,ENSFALG00000001961,C6,C6
1893,ENSFALG00000001962,Znf783,ENSFALG00000001962
1894,ENSFALG00000001963,SP5,SP5
1895,ENSFALG00000001964,SLC37A1,SLC37A1
1896,ENSFALG00000001965,DLGAP2,DLGAP2
1897,ENSFALG00000001967,PDE9A,PDE9A
1898,ENSFALG00000001968,GAD1,GAD1
1899,ENSFALG00000001969,Hkr1,ENSFALG00000001969
1900,ENSFALG00000001970,WDR4,WDR4
1901,ENSFALG00000001971,Znf783,ENSFALG00000001971
1902,ENSFALG00000001972,GORASP2,GORASP2
1903,ENSFALG00000001973,ZNF282,ZNF282
1904,ENSFALG00000001974,NDUFV3,ENSFALG00000001974
1905,ENSFALG00000001975,PKNOX1,PKNOX1
1906,ENSFALG00000001976,TLK1,TLK1
1907,ENSFALG00000001977,Znf777,ENSFALG00000001977
1908,ENSFALG00000001978,ERICH1,ERICH1
1909,ENSFALG00000001978,ERICH1,ERICH1
1910,ENSFALG00000001979,METTL8,METTL8
1911,ENSFALG00000001980,ZNF777,ENSFALG00000001980
1912,ENSFALG00000001982,TDRP,TDRP
1913,ENSFALG00000001984,FBXO25,FBXO25
1914,ENSFALG00000001985,DCAF17,DCAF17
1915,ENSFALG00000001988,C7,C7
1916,ENSFALG00000001989,Fam110c,FAM110C
1917,ENSFALG00000001991,PTGS1,PTGS1
1918,ENSFALG00000001992,CDC25A,CDC25A
1919,ENSFALG00000001993,SH3YL1,SH3YL1
1920,ENSFALG00000001994,CBS,ENSFALG00000001994
1921,ENSFALG00000001995,Cybrd1,CYBRD1
1922,ENSFALG00000001997,U2AF1,ENSFALG00000001997
1923,ENSFALG00000001998,ACP1,ENSFALG00000001998
1924,ENSFALG00000001999,DYNC1I2,DYNC1I2
1925,ENSFALG00000002001,CRYAA,ENSFALG00000002001
1926,ENSFALG00000002002,SLC25A12,SLC25A12
1927,ENSFALG00000002003,Map4,ENSFALG00000002003
1928,ENSFALG00000002004,Alkal2,ALKAL2
1929,ENSFALG00000002005,Tmem18,TMEM18
1930,ENSFALG00000002006,Rpl37,RPL37
1931,ENSFALG00000002007,HAT1,HAT1
1932,ENSFALG00000002008,PDCL,PDCL
1933,ENSFALG00000002009,DHX30,DHX30
1934,ENSFALG00000002010,SNTG2,SNTG2
1935,ENSFALG00000002011,RC3H2,RC3H2
1936,ENSFALG00000002012,SIK1,ENSFALG00000002012
1937,ENSFALG00000002012,SIK1,ENSFALG00000002012
1938,ENSFALG00000002013,PRKAA1,PRKAA1
1939,ENSFALG00000002014,ZBTB6,ZBTB6
1940,ENSFALG00000002015,TTC33,TTC33
1941,ENSFALG00000002016,RABGAP1,RABGAP1
1942,ENSFALG00000002017,PTGER4,PTGER4
1943,ENSFALG00000002018,METAP1D,METAP1D
1944,ENSFALG00000002019,HSF2BP,HSF2BP
1945,ENSFALG00000002020,DAB2,DAB2
1946,ENSFALG00000002021,Tpo,TPO
1947,ENSFALG00000002022,C9,C9
1948,ENSFALG00000002024,Rrp1b,RRP1B
1949,ENSFALG00000002025,DLX1,DLX1
1950,ENSFALG00000002026,DLX2,DLX2
1951,ENSFALG00000002027,FYB1,FYB1
1952,ENSFALG00000002027,FYB1,FYB1
1953,ENSFALG00000002028,UBASH3A,UBASH3A
1954,ENSFALG00000002030,ITGA6,ITGA6
1955,ENSFALG00000002031,STRBP,STRBP
1956,ENSFALG00000002032,PDK1,PDK1
1957,ENSFALG00000002034,RICTOR,RICTOR
1958,ENSFALG00000002035,SMARCC1,SMARCC1
1959,ENSFALG00000002036,PPP1R9A,ENSFALG00000002036
1960,ENSFALG00000002037,PXDN,PXDN
1961,ENSFALG00000002039,OSMR,OSMR
1962,ENSFALG00000002040,CRB2,ENSFALG00000002040
1963,ENSFALG00000002041,LIFR,LIFR
1964,ENSFALG00000002042,Tmprss3,TMPRSS3
1965,ENSFALG00000002043,Grin3a,GRIN3A
1966,ENSFALG00000002044,EGFLAM,EGFLAM
1967,ENSFALG00000002046,GDNF,GDNF
1968,ENSFALG00000002047,WDR70,WDR70
1969,ENSFALG00000002048,NUP155,NUP155
1970,ENSFALG00000002049,PKHD1,PKHD1
1971,ENSFALG00000002050,DENND1A,DENND1A
1972,ENSFALG00000002051,TFF2,TFF2
1973,ENSFALG00000002052,ABCG1,ABCG1
1974,ENSFALG00000002053,MYT1L,MYT1L
1975,ENSFALG00000002054,Umodl1,ENSFALG00000002054
1976,ENSFALG00000002055,Cplane1,CPLANE1
1977,ENSFALG00000002056,ZBTB21,ZBTB21
1978,ENSFALG00000002057,C2cd2,C2CD2
1979,ENSFALG00000002058,NIPBL,NIPBL
1980,ENSFALG00000002059,EIPR1,EIPR1
1981,ENSFALG00000002060,SLC1A3,SLC1A3
1982,ENSFALG00000002061,IL17A,ENSFALG00000002061
1983,ENSFALG00000002062,TRAPPC12,TRAPPC12
1984,ENSFALG00000002063,LHX2,LHX2
1985,ENSFALG00000002064,PRDM15,PRDM15
1986,ENSFALG00000002065,ADI1,ADI1
1987,ENSFALG00000002066,Il17f,ENSFALG00000002066
1988,ENSFALG00000002067,NADK2,NADK2
1989,ENSFALG00000002068,CSPG5,ENSFALG00000002068
1990,ENSFALG00000002069,RNASEH1,RNASEH1
1991,ENSFALG00000002070,RIPK4,RIPK4
1992,ENSFALG00000002071,RBM14,ENSFALG00000002071
1993,ENSFALG00000002072,ELP6,ELP6
1994,ENSFALG00000002073,RBM4,RBM4
1995,ENSFALG00000002074,RPS7,RPS7
1996,ENSFALG00000002075,SKP2,SKP2
1997,ENSFALG00000002076,COLEC11,COLEC11
1998,ENSFALG00000002077,LMBRD2,LMBRD2
1999,ENSFALG00000002078,SCAP,SCAP
2000,ENSFALG00000002079,TMPRSS2,TMPRSS2
2001,ENSFALG00000002080,SLC41A3,SLC41A3
2002,ENSFALG00000002081,NEK6,NEK6
2003,ENSFALG00000002082,MCM3,MCM3
2004,ENSFALG00000002083,CAPSL,CAPSL
2005,ENSFALG00000002083,CAPSL,CAPSL
2006,ENSFALG00000002084,M126,ENSFALG00000002084
2007,ENSFALG00000002085,IL7R,IL7R
2008,ENSFALG00000002087,JAC,ENSFALG00000002087
2009,ENSFALG00000002089,PTPN23,PTPN23
2010,ENSFALG00000002091,SPEF2,SPEF2
2011,ENSFALG00000002093,Scn8a,ENSFALG00000002093
2012,ENSFALG00000002094,MX1,MX1
2013,ENSFALG00000002095,METTL7A,METTL7A
2014,ENSFALG00000002096,PRLR,PRLR
2015,ENSFALG00000002098,Bag1,BAG1
2016,ENSFALG00000002099,TMPRSS12,ENSFALG00000002099
2017,ENSFALG00000002100,EFHC1,EFHC1
2018,ENSFALG00000002101,Chmp5,CHMP5
2019,ENSFALG00000002102,ATF1,ATF1
2020,ENSFALG00000002103,AGXT2,AGXT2
2021,ENSFALG00000002104,NDST3,NDST3
2022,ENSFALG00000002105,Dnajc21,DNAJC21
2023,ENSFALG00000002106,BRIX1,BRIX1
2024,ENSFALG00000002107,Rad1,RAD1
2025,ENSFALG00000002108,PSMB7,PSMB7
2026,ENSFALG00000002109,Dip2b,DIP2B
2027,ENSFALG00000002110,TRAM2,TRAM2
2028,ENSFALG00000002111,FAM3B,FAM3B
2029,ENSFALG00000002111,FAM3B,FAM3B
2030,ENSFALG00000002112,RAI14,RAI14
2031,ENSFALG00000002113,C1QTNF3,ENSFALG00000002113
2032,ENSFALG00000002114,LARP4,LARP4
2033,ENSFALG00000002115,Fh,FH
2034,ENSFALG00000002116,AMACR,AMACR
2035,ENSFALG00000002117,BACE2,BACE2
2036,ENSFALG00000002118,LIMA1,LIMA1
2037,ENSFALG00000002119,DSCAM,ENSFALG00000002119
2038,ENSFALG00000002121,SLC45A2,SLC45A2
2039,ENSFALG00000002122,Xkr5,ENSFALG00000002122
2040,ENSFALG00000002123,Cers5,CERS5
2041,ENSFALG00000002124,Rxfp3,ENSFALG00000002124
2042,ENSFALG00000002125,Gal5,ENSFALG00000002125
2043,ENSFALG00000002126,METTL14,METTL14
2044,ENSFALG00000002127,ADGRD2,ADGRD2
2045,ENSFALG00000002128,ADAMTS12,ADAMTS12
2046,ENSFALG00000002129,SDHA,ENSFALG00000002129
2047,ENSFALG00000002130,NR5A1,NR5A1
2048,ENSFALG00000002131,TARS1,TARS
2049,ENSFALG00000002133,NR6A1,NR6A1
2050,ENSFALG00000002134,NPR3,NPR3
2051,ENSFALG00000002136,GPD1,GPD1
2052,ENSFALG00000002137,DMBT1,ENSFALG00000002137
2053,ENSFALG00000002138,Ccdc127,CCDC127
2054,ENSFALG00000002139,SLC6A19,SLC6A19
2055,ENSFALG00000002140,Slc6a18,SLC6A18
2056,ENSFALG00000002141,SMARCD1,SMARCD1
2057,ENSFALG00000002142,HTRA1,HTRA1
2058,ENSFALG00000002143,SUB1,SUB1
2059,ENSFALG00000002144,ASIC1,ASIC1
2060,ENSFALG00000002145,OLFML2A,OLFML2A
2061,ENSFALG00000002146,TERT,TERT
2062,ENSFALG00000002147,PLEKHA1,PLEKHA1
2063,ENSFALG00000002148,TACC2,TACC2
2064,ENSFALG00000002149,ZFR,ZFR
2065,ENSFALG00000002150,NSMCE4A,NSMCE4A
2066,ENSFALG00000002151,ATE1,ATE1
2067,ENSFALG00000002152,FGFR2,FGFR2
2068,ENSFALG00000002153,RACGAP1,RACGAP1
2069,ENSFALG00000002154,WDR11,WDR11
2070,ENSFALG00000002155,MTMR12,MTMR12
2071,ENSFALG00000002156,ASB8,ASB8
2072,ENSFALG00000002157,PLPP4,PLPP4
2073,ENSFALG00000002158,CLPTM1L,CLPTM1L
2074,ENSFALG00000002159,SEC23IP,SEC23IP
2075,ENSFALG00000002160,Golph3,GOLPH3
2076,ENSFALG00000002161,LPCAT1,LPCAT1
2077,ENSFALG00000002162,MCMBP,MCMBP
2078,ENSFALG00000002163,NDUFS6,NDUFS6
2079,ENSFALG00000002164,INPP5F,INPP5F
2080,ENSFALG00000002165,BAG3,BAG3
2081,ENSFALG00000002166,PDZD2,PDZD2
2082,ENSFALG00000002167,PFKM,ENSFALG00000002167
2083,ENSFALG00000002168,Rpl35,RPL35
2084,ENSFALG00000002169,SCAI,SCAI
2085,ENSFALG00000002170,GOLGA1,GOLGA1
2086,ENSFALG00000002171,ARPC5L,ARPC5L
2087,ENSFALG00000002172,CCBE1,CCBE1
2088,ENSFALG00000002173,TIAL1,ENSFALG00000002173
2089,ENSFALG00000002173,Tial1,ENSFALG00000002173
2090,ENSFALG00000002174,Ppp6c,PPP6C
2091,ENSFALG00000002175,ARHGEF39,ARHGEF39
2092,ENSFALG00000002176,Senp1,SENP1
2093,ENSFALG00000002177,Hsh2d,ENSFALG00000002177
2094,ENSFALG00000002178,CA9,CA9
2095,ENSFALG00000002179,Hspa5,HSPA5
2096,ENSFALG00000002180,APH1A,ENSFALG00000002180
2097,ENSFALG00000002181,RGS10,RGS10
2098,ENSFALG00000002183,TPM2,ENSFALG00000002183
2099,ENSFALG00000002183,TPM2,ENSFALG00000002183
2100,ENSFALG00000002184,GRK5,GRK5
2101,ENSFALG00000002185,RABEPK,RABEPK
2102,ENSFALG00000002186,GAPVD1,GAPVD1
2103,ENSFALG00000002187,MAPKAP1,MAPKAP1
2104,ENSFALG00000002188,PRDX3,PRDX3
2105,ENSFALG00000002189,Sfxn4,ENSFALG00000002189
2106,ENSFALG00000002190,SPP2,SPP2
2107,ENSFALG00000002191,DENND10,DENND10
2108,ENSFALG00000002192,EIF3A,EIF3A
2109,ENSFALG00000002193,SH3BP4,SH3BP4
2110,ENSFALG00000002194,Ugt1a1,ENSFALG00000002194
2111,ENSFALG00000002196,Nanos1,NANOS1
2112,ENSFALG00000002197,TLN1,TLN1
2113,ENSFALG00000002198,CACUL1,CACUL1
2114,ENSFALG00000002199,FAM204A,FAM204A
2115,ENSFALG00000002200,RAB11FIP2,RAB11FIP2
2116,ENSFALG00000002201,EMX2,EMX2
2117,ENSFALG00000002202,PDZD8,PDZD8
2118,ENSFALG00000002203,SLC18A2,SLC18A2
2119,ENSFALG00000002204,KCNK18,KCNK18
2120,ENSFALG00000002205,Cox7c,COX7C
2121,ENSFALG00000002206,Vax1,VAX1
2122,ENSFALG00000002207,GATB,ENSFALG00000002207
2123,ENSFALG00000002208,SHTN1,SHTN1
2124,ENSFALG00000002209,GATB,GATB
2125,ENSFALG00000002210,ENO4,ENO4
2126,ENSFALG00000002211,PBX3,ENSFALG00000002211
2127,ENSFALG00000002212,HSPA12A,HSPA12A
2128,ENSFALG00000002214,MVB12B,MVB12B
2129,ENSFALG00000002215,CREB3,CREB3
2130,ENSFALG00000002217,AVD,ENSFALG00000002217
2131,ENSFALG00000002218,Lmx1b,LMX1B
2132,ENSFALG00000002221,GBA2,ENSFALG00000002221
2133,ENSFALG00000002222,RALGPS1,RALGPS1
2134,ENSFALG00000002223,ANGPTL2,ANGPTL2
2135,ENSFALG00000002224,FBXW2,FBXW2
2136,ENSFALG00000002224,FBXW2,FBXW2
2137,ENSFALG00000002225,GARNL3,GARNL3
2138,ENSFALG00000002226,Pnliprp2,ENSFALG00000002226
2139,ENSFALG00000002227,Pnliprp3,ENSFALG00000002227
2140,ENSFALG00000002228,CCDC172,CCDC172
2141,ENSFALG00000002229,GFRA1,GFRA1
2142,ENSFALG00000002230,RSPH1,RSPH1
2143,ENSFALG00000002231,ATRNL1,ATRNL1
2144,ENSFALG00000002232,TRUB1,TRUB1
2145,ENSFALG00000002233,FHIP2A,FAM160B1
2146,ENSFALG00000002234,Ablim1,ABLIM1
2147,ENSFALG00000002235,AFAP1L2,AFAP1L2
2148,ENSFALG00000002236,VWA2,VWA2
2149,ENSFALG00000002237,TDRD1,TDRD1
2150,ENSFALG00000002237,TDRD1,TDRD1
2151,ENSFALG00000002238,CCDC186,CCDC186
2152,ENSFALG00000002239,ADRB1,ADRB1
2153,ENSFALG00000002241,NHLRC2,NHLRC2
2154,ENSFALG00000002242,DCLRE1A,DCLRE1A
2155,ENSFALG00000002243,CCSER2,ENSFALG00000002243
2156,ENSFALG00000002244,CCSER2,CCSER2
2157,ENSFALG00000002245,Plekhs1,ENSFALG00000002245
2158,ENSFALG00000002245,PLEKHS1,ENSFALG00000002245
2159,ENSFALG00000002245,PLEKHS1,ENSFALG00000002245
2160,ENSFALG00000002246,Ndnf,ENSFALG00000002246
2161,ENSFALG00000002247,BICC1,BICC1
2162,ENSFALG00000002248,CASP7,CASP7
2163,ENSFALG00000002249,PHYHIPL,PHYHIPL
2164,ENSFALG00000002250,NRAP,NRAP
2165,ENSFALG00000002251,FAM13C,FAM13C
2166,ENSFALG00000002253,HABP2,HABP2
2167,ENSFALG00000002254,SLC16A9,SLC16A9
2168,ENSFALG00000002255,Tcf7l2,TCF7L2
2169,ENSFALG00000002256,CCDC6,CCDC6
2170,ENSFALG00000002257,RAPGEF4,RAPGEF4
2171,ENSFALG00000002258,VTI1A,VTI1A
2172,ENSFALG00000002258,VTI1A,VTI1A
2173,ENSFALG00000002259,ZDHHC6,ZDHHC6
2174,ENSFALG00000002260,ACSL5,ACSL5
2175,ENSFALG00000002261,TOM1L1,TOM1L1
2176,ENSFALG00000002262,COX11,COX11
2177,ENSFALG00000002263,STXBP4,STXBP4
2178,ENSFALG00000002264,KCNV1,KCNV1
2179,ENSFALG00000002265,HLF,HLF
2180,ENSFALG00000002266,MMD,MMD
2181,ENSFALG00000002266,Mmd,MMD
2182,ENSFALG00000002267,TECTB,TECTB
2183,ENSFALG00000002268,PCTP,PCTP
2184,ENSFALG00000002269,ANKFN1,ANKFN1
2185,ENSFALG00000002270,GPAM,GPAM
2186,ENSFALG00000002271,ANKFN1,ENSFALG00000002271
2187,ENSFALG00000002273,DGKE,DGKE
2188,ENSFALG00000002274,SHOC2,SHOC2
2189,ENSFALG00000002275,CSMD3,CSMD3
2190,ENSFALG00000002277,TRIM25,TRIM25
2191,ENSFALG00000002278,COIL,COIL
2192,ENSFALG00000002279,PDCD4,PDCD4
2193,ENSFALG00000002280,SCPEP1,SCPEP1
2194,ENSFALG00000002281,RAB11FIP4,RAB11FIP4
2195,ENSFALG00000002282,UTP6,UTP6
2196,ENSFALG00000002283,SUZ12,SUZ12
2197,ENSFALG00000002284,RBM20,RBM20
2198,ENSFALG00000002285,Crlf3,CRLF3
2199,ENSFALG00000002286,ATAD5,ATAD5
2200,ENSFALG00000002287,FNBP1L,FNBP1L
2201,ENSFALG00000002288,BCAR3,BCAR3
2202,ENSFALG00000002289,ADAP2,ADAP2
2203,ENSFALG00000002290,Rnf135,ENSFALG00000002290
2204,ENSFALG00000002291,DNTTIP2,DNTTIP2
2205,ENSFALG00000002291,GCLM,DNTTIP2
2206,ENSFALG00000002292,SMC3,SMC3
2207,ENSFALG00000002292,SMC3,SMC3
2208,ENSFALG00000002293,RHOT1,RHOT1
2209,ENSFALG00000002294,RHBDL3,RHBDL3
2210,ENSFALG00000002295,TECR,ENSFALG00000002295
2211,ENSFALG00000002296,TRPS1,TRPS1
2212,ENSFALG00000002297,Eif3h,EIF3H
2213,ENSFALG00000002298,Njmu,C17orf75
2214,ENSFALG00000002299,UTP23,UTP23
2215,ENSFALG00000002300,RAD21,RAD21
2216,ENSFALG00000002301,ZNF207,ZNF207
2217,ENSFALG00000002302,Dusp5,DUSP5
2218,ENSFALG00000002304,CPNE5,CPNE5
2219,ENSFALG00000002305,ERN1,ERN1
2220,ENSFALG00000002306,Smndc1,SMNDC1
2221,ENSFALG00000002307,SLC30A8,SLC30A8
2222,ENSFALG00000002308,MXI1,MXI1
2223,ENSFALG00000002309,TEX2,TEX2
2224,ENSFALG00000002310,ABCA4,ABCA4
2225,ENSFALG00000002311,PECAM1,PECAM1
2226,ENSFALG00000002312,MILR1,ENSFALG00000002312
2227,ENSFALG00000002313,POLG2,POLG2
2228,ENSFALG00000002314,MED30,MED30
2229,ENSFALG00000002315,ADD3,ADD3
2230,ENSFALG00000002315,ADD3,ADD3
2231,ENSFALG00000002316,EXT1,EXT1
2232,ENSFALG00000002317,Ddx5,DDX5
2233,ENSFALG00000002318,SAMD12,SAMD12
2234,ENSFALG00000002319,PPIL1,PPIL1
2235,ENSFALG00000002320,TNFRSF11B,TNFRSF11B
2236,ENSFALG00000002321,COLEC10,COLEC10
2237,ENSFALG00000002322,XPNPEP1,XPNPEP1
2238,ENSFALG00000002323,Itsn1,ITSN1
2239,ENSFALG00000002324,MAL2,MAL2
2240,ENSFALG00000002325,SORCS1,SORCS1
2241,ENSFALG00000002326,MAL,MAL
2242,ENSFALG00000002327,Mrps5,MRPS5
2243,ENSFALG00000002328,Nov,CCN3
2244,ENSFALG00000002329,Cep95,CEP95
2245,ENSFALG00000002330,SLC8A1,SLC8A1
2246,ENSFALG00000002331,CELSR2,CELSR2
2247,ENSFALG00000002332,Clu,CLU
2248,ENSFALG00000002333,Slc35f6,ENSFALG00000002333
2249,ENSFALG00000002334,GINS1,GINS1
2250,ENSFALG00000002335,Smurf2,SMURF2
2251,ENSFALG00000002336,NINL,ENSFALG00000002336
2252,ENSFALG00000002337,NINL,ENSFALG00000002337
2253,ENSFALG00000002338,ENPP2,ENPP2
2254,ENSFALG00000002340,ARHGAP29,ARHGAP29
2255,ENSFALG00000002341,RCC2,RCC2
2256,ENSFALG00000002342,ABCD3,ABCD3
2257,ENSFALG00000002343,EIF4A3,EIF4A3
2258,ENSFALG00000002344,F3,F3
2259,ENSFALG00000002345,ELAPOR1,SARS
2260,ENSFALG00000002346,CRYZL1,CRYZL1
2261,ENSFALG00000002347,KPNA2,KPNA2
2262,ENSFALG00000002348,Padi3,ENSFALG00000002348
2263,ENSFALG00000002349,C17orf58,ENSFALG00000002349
2264,ENSFALG00000002350,Cq058,C17orf58
2265,ENSFALG00000002351,SLC44A3,SLC44A3
2266,ENSFALG00000002353,BPTF,BPTF
2267,ENSFALG00000002354,ATL2,ATL2
2268,ENSFALG00000002355,HNRNPLL,HNRNPLL
2269,ENSFALG00000002356,TAF2,TAF2
2270,ENSFALG00000002357,Galm,GALM
2271,ENSFALG00000002358,Srsf7,ENSFALG00000002358
2272,ENSFALG00000002359,ELAPOR1,KIAA1324
2273,ENSFALG00000002360,NOL11,NOL11
2274,ENSFALG00000002361,GEMIN6,GEMIN6
2275,ENSFALG00000002362,GART,GART
2276,ENSFALG00000002363,Cnn3,CNN3
2277,ENSFALG00000002364,Srsf7,ENSFALG00000002364
2278,ENSFALG00000002365,SON,ENSFALG00000002365
2279,ENSFALG00000002365,Son,ENSFALG00000002365
2280,ENSFALG00000002365,Son,ENSFALG00000002365
2281,ENSFALG00000002367,DHX57,DHX57
2282,ENSFALG00000002368,PPP4R3A,PPP4R3A
2283,ENSFALG00000002369,CNN3,ALG14
2284,ENSFALG00000002370,Donson,DONSON
2285,ENSFALG00000002371,DSCC1,DSCC1
2286,ENSFALG00000002372,TLCD4,ENSFALG00000002372
2287,ENSFALG00000002373,TC2N,TC2N
2288,ENSFALG00000002374,Il1rapl1,IL1RAPL1
2289,ENSFALG00000002375,ARHGEF33,ARHGEF33
2290,ENSFALG00000002376,Hccs,HCCS
2291,ENSFALG00000002377,PITPNC1,ENSFALG00000002377
2292,ENSFALG00000002378,FBLN5,FBLN5
2293,ENSFALG00000002379,RWDD3,RWDD3
2294,ENSFALG00000002380,TRIP11,TRIP11
2295,ENSFALG00000002381,NR0B1,NR0B1
2296,ENSFALG00000002382,Tmem167b,TMEM167B
2297,ENSFALG00000002383,PTBP2,PTBP2
2298,ENSFALG00000002384,SOS1,SOS1
2299,ENSFALG00000002385,DEPTOR,DEPTOR
2300,ENSFALG00000002386,INAVA,INAVA
2301,ENSFALG00000002387,GK,ENSFALG00000002387
2302,ENSFALG00000002388,Atxn3,ENSFALG00000002388
2303,ENSFALG00000002389,DPYD,DPYD
2304,ENSFALG00000002390,MAP4K3,MAP4K3
2305,ENSFALG00000002391,Shisa4,SHISA4
2306,ENSFALG00000002392,SNX7,SNX7
2307,ENSFALG00000002393,PSMD12,PSMD12
2308,ENSFALG00000002394,TAB3,TAB3
2309,ENSFALG00000002395,PLPPR5,PLPPR5
2310,ENSFALG00000002396,Togaram2,ENSFALG00000002396
2311,ENSFALG00000002397,LMOD1,LMOD1
2312,ENSFALG00000002398,PLPPR4,PLPPR4
2313,ENSFALG00000002399,NDUFB1,NDUFB1
2314,ENSFALG00000002400,PALMD,PALMD
2315,ENSFALG00000002401,Timm17a,TIMM17A
2316,ENSFALG00000002402,FRRS1,FRRS1
2317,ENSFALG00000002403,AGL,AGL
2318,ENSFALG00000002404,Helz,HELZ
2319,ENSFALG00000002405,COL14A1,COL14A1
2320,ENSFALG00000002405,COL14A1,COL14A1
2321,ENSFALG00000002406,Adipor1,ADIPOR1
2322,ENSFALG00000002407,Frrs1,ENSFALG00000002407
2323,ENSFALG00000002409,CACNG1,CACNG1
2324,ENSFALG00000002410,DMD,DMD
2325,ENSFALG00000002411,Slc35a3,SLC35A3
2326,ENSFALG00000002412,CPSF2,CPSF2
2327,ENSFALG00000002412,CPSF2,CPSF2
2328,ENSFALG00000002413,MFSD14A,ENSFALG00000002413
2329,ENSFALG00000002414,CACNG4,CACNG4
2330,ENSFALG00000002415,CACNG5,CACNG5
2331,ENSFALG00000002416,TSPAN18,ENSFALG00000002416
2332,ENSFALG00000002417,SASS6,SASS6
2333,ENSFALG00000002418,PRKCA,PRKCA
2334,ENSFALG00000002419,APOH,APOH
2335,ENSFALG00000002420,UBE2T,UBE2T
2336,ENSFALG00000002421,CEP112,CEP112
2337,ENSFALG00000002422,MRPL13,MRPL13
2338,ENSFALG00000002423,AXIN2,AXIN2
2339,ENSFALG00000002424,TRMT13,TRMT13
2340,ENSFALG00000002425,Cry1,ENSFALG00000002425
2341,ENSFALG00000002426,MTBP,MTBP
2342,ENSFALG00000002427,Slc24a4,SLC24A4
2343,ENSFALG00000002428,SRCIN1,SRCIN1
2344,ENSFALG00000002429,LRRC39,LRRC39
2345,ENSFALG00000002431,SNTB1,SNTB1
2346,ENSFALG00000002433,HAS2,HAS2
2347,ENSFALG00000002434,LRIF1,LRIF1
2348,ENSFALG00000002435,DBT,DBT
2349,ENSFALG00000002436,RIN3,RIN3
2350,ENSFALG00000002437,RGS9,RGS9
2351,ENSFALG00000002438,LGMN,LGMN
2352,ENSFALG00000002439,DERL1,DERL1
2353,ENSFALG00000002440,GOLGA5,GOLGA5
2354,ENSFALG00000002441,DRAM2,DRAM2
2355,ENSFALG00000002442,CHGA,CHGA
2356,ENSFALG00000002443,RTCA,RTCA
2357,ENSFALG00000002444,VCAM1,VCAM1
2358,ENSFALG00000002445,ITPK1,ITPK1
2359,ENSFALG00000002446,TBC1D31,TBC1D31
2360,ENSFALG00000002447,CDC14A,CDC14A
2361,ENSFALG00000002448,CEPT1,CEPT1
2362,ENSFALG00000002449,EXTL2,EXTL2
2363,ENSFALG00000002450,FAM83A,FAM83A
2364,ENSFALG00000002451,LYSET,TMEM251
2365,ENSFALG00000002452,C2H8orf76,ENSFALG00000002452
2366,ENSFALG00000002453,Gna13,GNA13
2367,ENSFALG00000002454,ATAD2,ENSFALG00000002454
2368,ENSFALG00000002455,WDR45,ENSFALG00000002455
2369,ENSFALG00000002456,SLC30A7,SLC30A7
2370,ENSFALG00000002456,SLC30A7,SLC30A7
2371,ENSFALG00000002457,Mlo2,ENSFALG00000002457
2372,ENSFALG00000002458,SLC16A6,SLC16A6
2373,ENSFALG00000002459,AGPAT1,AGPAT1
2374,ENSFALG00000002460,DENND2D,DENND2D
2375,ENSFALG00000002461,NTAQ1,WDYHV1
2376,ENSFALG00000002462,Arsg,ARSG
2377,ENSFALG00000002463,FBXO32,FBXO32
2378,ENSFALG00000002464,MYBPH,MYBPH
2379,ENSFALG00000002464,MYBPH,MYBPH
2380,ENSFALG00000002465,BTBD7,BTBD7
2381,ENSFALG00000002466,DPH5,DPH5
2382,ENSFALG00000002467,S1PR1,ENSFALG00000002467
2383,ENSFALG00000002468,Unc79,UNC79
2384,ENSFALG00000002469,ADORA1,ADORA1
2385,ENSFALG00000002470,KLHL38,KLHL38
2386,ENSFALG00000002471,MYOG,MYOG
2387,ENSFALG00000002472,WIPI1,WIPI1
2388,ENSFALG00000002473,GAL2,ENSFALG00000002473
2389,ENSFALG00000002474,PPFIA4,PPFIA4
2390,ENSFALG00000002476,OLFM3,OLFM3
2391,ENSFALG00000002477,Gal7,ENSFALG00000002477
2392,ENSFALG00000002478,BD8,ENSFALG00000002478
2393,ENSFALG00000002479,Gal9,ENSFALG00000002479
2394,ENSFALG00000002480,ANXA13,ANXA13
2395,ENSFALG00000002481,GAL10,ENSFALG00000002481
2396,ENSFALG00000002482,Tmem183,TMEM183A
2397,ENSFALG00000002483,Gal11,ENSFALG00000002483
2398,ENSFALG00000002484,PRIMA1,PRIMA1
2399,ENSFALG00000002485,Gal12,ENSFALG00000002485
2400,ENSFALG00000002486,Fam181a,FAM181A
2401,ENSFALG00000002487,ASB2,ASB2
2402,ENSFALG00000002488,FAM91A1,FAM91A1
2403,ENSFALG00000002489,Mgat4c,ENSFALG00000002489
2404,ENSFALG00000002490,Gal13,ENSFALG00000002490
2405,ENSFALG00000002491,DDX24,DDX24
2406,ENSFALG00000002492,PRKAR1A,PRKAR1A
2407,ENSFALG00000002493,TMEM9,TMEM9
2408,ENSFALG00000002494,Ctsb,CTSB
2409,ENSFALG00000002495,Igfn1,ENSFALG00000002495
2410,ENSFALG00000002496,PPP4R4,PPP4R4
2411,ENSFALG00000002497,COL12A1,COL12A1
2412,ENSFALG00000002498,IGFN1,ENSFALG00000002498
2413,ENSFALG00000002499,FER1L6,FER1L6
2414,ENSFALG00000002500,FAM20A,FAM20A
2415,ENSFALG00000002501,PKP1,PKP1
2416,ENSFALG00000002502,SERPINA10,SERPINA10
2417,ENSFALG00000002503,A1AT2,ENSFALG00000002503
2418,ENSFALG00000002504,SERPINA1,ENSFALG00000002504
2419,ENSFALG00000002505,Serpina1,ENSFALG00000002505
2420,ENSFALG00000002506,Serpina3,ENSFALG00000002506
2421,ENSFALG00000002507,FDFT1,FDFT1
2422,ENSFALG00000002507,FDFT1,FDFT1
2423,ENSFALG00000002508,SERPINA3,ENSFALG00000002508
2424,ENSFALG00000002509,A1af,ENSFALG00000002509
2425,ENSFALG00000002510,Gsc,GSC
2426,ENSFALG00000002511,COL11A1,COL11A1
2427,ENSFALG00000002512,Abca10,ENSFALG00000002512
2428,ENSFALG00000002513,NEIL2,NEIL2
2429,ENSFALG00000002514,Tnnt2,TNNT2
2430,ENSFALG00000002514,TNNT2,TNNT2
2431,ENSFALG00000002515,TMEM231,TMEM231
2432,ENSFALG00000002516,DICER1,DICER1
2433,ENSFALG00000002517,GATA4,GATA4
2434,ENSFALG00000002518,GABARAPL2,GABARAPL2
2435,ENSFALG00000002519,Cox7a2,COX7A2
2436,ENSFALG00000002519,Cox7a2,COX7A2
2437,ENSFALG00000002520,TMEM65,TMEM65
2438,ENSFALG00000002521,ABCA10,ENSFALG00000002521
2439,ENSFALG00000002523,TATDN1,TATDN1
2440,ENSFALG00000002524,ADAT1,ADAT1
2441,ENSFALG00000002525,Tmem30a,TMEM30A
2442,ENSFALG00000002526,LAD1,LAD1
2443,ENSFALG00000002526,LAD1,LAD1
2444,ENSFALG00000002527,NDUFB9,NDUFB9
2445,ENSFALG00000002528,TNNI1,TNNI1
2446,ENSFALG00000002529,ABCA5,ABCA5
2447,ENSFALG00000002530,FILIP1,FILIP1
2448,ENSFALG00000002531,CLMN,CLMN
2449,ENSFALG00000002531,CLMN,CLMN
2450,ENSFALG00000002532,MTSS1,MTSS1
2451,ENSFALG00000002533,SQLE,SQLE
2452,ENSFALG00000002534,Glrx5,GLRX5
2453,ENSFALG00000002535,BLK,BLK
2454,ENSFALG00000002536,WASHC5,WASHC5
2455,ENSFALG00000002537,ATG2B,ATG2B
2456,ENSFALG00000002538,SENP6,SENP6
2457,ENSFALG00000002539,NSMCE2,NSMCE2
2458,ENSFALG00000002540,TRIB1,TRIB1
2459,ENSFALG00000002541,GSKIP,GSKIP
2460,ENSFALG00000002542,CSRP1,CSRP1
2461,ENSFALG00000002543,KARS1,KARS
2462,ENSFALG00000002544,AK7,ENSFALG00000002544
2463,ENSFALG00000002546,Myc,MYC
2464,ENSFALG00000002547,PAPOLA,PAPOLA
2465,ENSFALG00000002548,PPP1R12B,ENSFALG00000002548
2466,ENSFALG00000002549,EVI5L,EVI5L
2467,ENSFALG00000002550,CCT3,CCT3
2468,ENSFALG00000002550,CCT3,CCT3
2469,ENSFALG00000002551,PPP1R12B,ENSFALG00000002551
2470,ENSFALG00000002552,VRK1,VRK1
2471,ENSFALG00000002553,ZNF608,ZNF608
2472,ENSFALG00000002554,Map2k6,MAP2K6
2473,ENSFALG00000002555,SSR2,SSR2
2474,ENSFALG00000002556,GRAMD2B,GRAMD2B
2475,ENSFALG00000002557,SYT2,SYT2
2476,ENSFALG00000002558,NAV1,NAV1
2477,ENSFALG00000002559,CYRIB,FAM49B
2478,ENSFALG00000002559,CYRIB,FAM49B
2479,ENSFALG00000002560,Smg5,ENSFALG00000002560
2480,ENSFALG00000002561,BGLAP,BGLAP
2481,ENSFALG00000002562,FAM167A,FAM167A
2482,ENSFALG00000002563,BCL11B,BCL11B
2483,ENSFALG00000002564,Tdh,ENSFALG00000002564
2484,ENSFALG00000002565,PMF1,PMF1
2485,ENSFALG00000002566,Aldh7a1,ALDH7A1
2486,ENSFALG00000002567,TERF2IP,TERF2IP
2487,ENSFALG00000002568,SLC25A44,SLC25A44
2488,ENSFALG00000002569,Rnpep,RNPEP
2489,ENSFALG00000002570,SETD3,SETD3
2490,ENSFALG00000002571,ASAP1,ASAP1
2491,ENSFALG00000002572,SOX9,SOX9
2492,ENSFALG00000002573,SEMA4A,SEMA4A
2493,ENSFALG00000002574,ADCY8,ADCY8
2494,ENSFALG00000002575,TGM4,TGM4
2495,ENSFALG00000002577,TAT,TAT
2496,ENSFALG00000002578,MTMR9,MTMR9
2497,ENSFALG00000002579,EFR3A,EFR3A
2498,ENSFALG00000002580,RNPC3,RNPC3
2499,ENSFALG00000002580,Rnpc3,RNPC3
2500,ENSFALG00000002581,MYO6,MYO6
2501,ENSFALG00000002581,MYO6,MYO6
2502,ENSFALG00000002582,CCNK,CCNK
2503,ENSFALG00000002583,Amyp,ENSFALG00000002583
2504,ENSFALG00000002584,SKA1,ENSFALG00000002584
2505,ENSFALG00000002585,NTNG1,NTNG1
2506,ENSFALG00000002585,NTNG1,NTNG1
2507,ENSFALG00000002586,LMNA,LMNA
2508,ENSFALG00000002587,Fem1c,FEM1C
2509,ENSFALG00000002588,Dusp16,DUSP16
2510,ENSFALG00000002589,OC90,ENSFALG00000002589
2511,ENSFALG00000002591,PHLPP2,PHLPP2
2512,ENSFALG00000002592,PGGT1B,CCDC112
2513,ENSFALG00000002593,CCDC85C,ENSFALG00000002593
2514,ENSFALG00000002594,RAB25,ENSFALG00000002594
2515,ENSFALG00000002595,ZDHHC3,ZDHHC3
2516,ENSFALG00000002596,BORCS5,BORCS5
2517,ENSFALG00000002597,RAB25,RAB25
2518,ENSFALG00000002598,Hhla1,ENSFALG00000002598
2519,ENSFALG00000002599,LZTR1,LZTR1
2520,ENSFALG00000002600,EXOSC7,EXOSC7
2521,ENSFALG00000002601,AP1G1,AP1G1
2522,ENSFALG00000002602,MANSC1,MANSC1
2523,ENSFALG00000002603,HHIPL1,HHIPL1
2524,ENSFALG00000002604,Lamtor2,LAMTOR2
2525,ENSFALG00000002605,PGGT1B,PGGT1B
2526,ENSFALG00000002606,Kcnq3,KCNQ3
2527,ENSFALG00000002607,Lrp6,LRP6
2528,ENSFALG00000002608,CLEC3B,CLEC3B
2529,ENSFALG00000002609,UBQLN4,UBQLN4
2530,ENSFALG00000002610,IPO9,IPO9
2531,ENSFALG00000002611,CYP46A1,CYP46A1
2532,ENSFALG00000002612,ZNF821,ZNF821
2533,ENSFALG00000002613,CDCP1,CDCP1
2534,ENSFALG00000002614,TRIM36,TRIM36
2535,ENSFALG00000002615,DNAAF11,LRRC6
2536,ENSFALG00000002616,ETV6,ETV6
2537,ENSFALG00000002618,LARS2,LARS2
2538,ENSFALG00000002619,KCNN2,KCNN2
2539,ENSFALG00000002620,VAV3,VAV3
2540,ENSFALG00000002620,VAV3,VAV3
2541,ENSFALG00000002621,Gpatch4,ENSFALG00000002621
2542,ENSFALG00000002622,KDM5B,KDM5B
2543,ENSFALG00000002623,YTHDC2,ENSFALG00000002623
2544,ENSFALG00000002624,IST1,IST1
2545,ENSFALG00000002625,APOA1BP,NAXE
2546,ENSFALG00000002626,OTOF,OTOF
2547,ENSFALG00000002627,LIMD1,LIMD1
2548,ENSFALG00000002628,PYROXD1,PYROXD1
2549,ENSFALG00000002629,Tuba1c,ENSFALG00000002629
2550,ENSFALG00000002630,Mroh9,ENSFALG00000002630
2551,ENSFALG00000002631,TMEM71,TMEM71
2552,ENSFALG00000002632,EML1,EML1
2553,ENSFALG00000002633,IMPG1,IMPG1
2554,ENSFALG00000002634,KLHL12,KLHL12
2555,ENSFALG00000002635,RECQL,RECQL
2556,ENSFALG00000002636,Ttc24,ENSFALG00000002636
2557,ENSFALG00000002639,GOLT1B,GOLT1B
2558,ENSFALG00000002640,SACM1L,SACM1L
2559,ENSFALG00000002641,PHF20L1,PHF20L1
2560,ENSFALG00000002642,IQGAP3,IQGAP3
2561,ENSFALG00000002643,BCAT1,BCAT1
2562,ENSFALG00000002644,MEI4,MEI4
2563,ENSFALG00000002645,DHODH,ENSFALG00000002645
2564,ENSFALG00000002646,SNRPD1,SNRPD1
2565,ENSFALG00000002647,SOX5,SOX5
2566,ENSFALG00000002648,LGR6,LGR6
2567,ENSFALG00000002649,Irak1bp1,IRAK1BP1
2568,ENSFALG00000002650,SLC6A20,SLC6A20
2569,ENSFALG00000002651,ETNK1,ETNK1
2570,ENSFALG00000002652,PHIP,PHIP
2571,ENSFALG00000002653,C2CD5,C2CD5
2572,ENSFALG00000002654,LZTFL1,LZTFL1
2573,ENSFALG00000002655,GADD45B,GADD45B
2574,ENSFALG00000002656,Hmgn3,HMGN3
2575,ENSFALG00000002657,LCA5,LCA5
2576,ENSFALG00000002658,EVL,EVL
2577,ENSFALG00000002659,Enp1,MAP1S
2578,ENSFALG00000002660,SLC25A24,SLC25A24
2579,ENSFALG00000002661,St8sia1,ST8SIA1
2580,ENSFALG00000002662,AVL9,AVL9
2581,ENSFALG00000002663,SH3BGRL2,SH3BGRL2
2582,ENSFALG00000002664,EEIG2,FAM102B
2583,ENSFALG00000002665,ELOVL4,ELOVL4
2584,ENSFALG00000002667,KBTBD2,KBTBD2
2585,ENSFALG00000002668,HENMT1,HENMT1
2586,ENSFALG00000002669,TTK,TTK
2587,ENSFALG00000002671,Dhx38,DHX38
2588,ENSFALG00000002673,PRPF38B,ENSFALG00000002673
2589,ENSFALG00000002674,RP9,ENSFALG00000002674
2590,ENSFALG00000002675,DEGS2,DEGS2
2591,ENSFALG00000002676,NR0B2,ENSFALG00000002676
2592,ENSFALG00000002677,FNDC7,FNDC7
2593,ENSFALG00000002678,FKBP9,FKBP9
2594,ENSFALG00000002679,BCKDHB,BCKDHB
2595,ENSFALG00000002680,TG,TG
2596,ENSFALG00000002681,STXBP3,STXBP3
2597,ENSFALG00000002682,TENT5A,TENT5A
2598,ENSFALG00000002683,YY1,YY1
2599,ENSFALG00000002683,YY1,YY1
2600,ENSFALG00000002684,NT5C3A,NT5C3A
2601,ENSFALG00000002685,IBTK,IBTK
2602,ENSFALG00000002686,AKNAD1,ENSFALG00000002686
2603,ENSFALG00000002686,AKNAD1,ENSFALG00000002686
2604,ENSFALG00000002687,GPSM2,GPSM2
2605,ENSFALG00000002688,TPBG,TPBG
2606,ENSFALG00000002689,SLC25A29,SLC25A29
2607,ENSFALG00000002690,UBE3D,UBE3D
2608,ENSFALG00000002691,CLCC1,CLCC1
2609,ENSFALG00000002692,WDR47,WDR47
2610,ENSFALG00000002693,SLC25A47,SLC25A47
2611,ENSFALG00000002694,DOP1A,DOP1A
2612,ENSFALG00000002695,PTPN7,PTPN7
2613,ENSFALG00000002696,WARS1,WARS
2614,ENSFALG00000002697,CAMSAP2,CAMSAP2
2615,ENSFALG00000002698,BBS9,BBS9
2616,ENSFALG00000002700,Arl8a,ARL8A
2617,ENSFALG00000002701,PGM3,PGM3
2618,ENSFALG00000002702,Wdr25,WDR25
2619,ENSFALG00000002702,Wdr25,WDR25
2620,ENSFALG00000002703,DDX59,DDX59
2621,ENSFALG00000002704,RWDD2A,RWDD2A
2622,ENSFALG00000002705,BEGAIN,BEGAIN
2623,ENSFALG00000002706,Zfhx3,ZFHX3
2624,ENSFALG00000002707,DLK1,DLK1
2625,ENSFALG00000002708,KIF14,KIF14
2626,ENSFALG00000002709,PPP2R5C,PPP2R5C
2627,ENSFALG00000002711,GPR37L1,GPR37L1
2628,ENSFALG00000002712,Bmper,BMPER
2629,ENSFALG00000002713,DYNC1H1,DYNC1H1
2630,ENSFALG00000002714,ELF3,ELF3
2631,ENSFALG00000002715,SLA,SLA
2632,ENSFALG00000002716,NR5A2,NR5A2
2633,ENSFALG00000002717,ME1,ME1
2634,ENSFALG00000002717,ME1,ME1
2635,ENSFALG00000002718,CCN4,CCN4
2636,ENSFALG00000002719,WWP2,WWP2
2637,ENSFALG00000002720,NPSR1,NPSR1
2638,ENSFALG00000002721,KIF21B,KIF21B
2639,ENSFALG00000002722,HSP90AA1,HSP90AA1
2640,ENSFALG00000002723,NDRG1,NDRG1
2641,ENSFALG00000002724,DPY19L1,ENSFALG00000002724
2642,ENSFALG00000002725,PTPRC,PTPRC
2643,ENSFALG00000002725,PTPRC,PTPRC
2644,ENSFALG00000002726,ENSA,ENSA
2645,ENSFALG00000002727,Tbx20,TBX20
2646,ENSFALG00000002728,RNF40,ENSFALG00000002728
2647,ENSFALG00000002729,GOLPH3L,GOLPH3L
2648,ENSFALG00000002730,Sp2,SP2
2649,ENSFALG00000002731,HERPUD2,HERPUD2
2650,ENSFALG00000002732,HORMAD1,HORMAD1
2651,ENSFALG00000002733,SNAP91,SNAP91
2652,ENSFALG00000002734,SCRN2,SCRN2
2653,ENSFALG00000002735,ST3GAL1,ST3GAL1
2654,ENSFALG00000002736,ATP6V1G3,ATP6V1G3
2655,ENSFALG00000002737,LRRC46,ENSFALG00000002737
2656,ENSFALG00000002738,Mrpl10,ENSFALG00000002738
2657,ENSFALG00000002739,PSMD7,PSMD7
2658,ENSFALG00000002740,WDR20,WDR20
2659,ENSFALG00000002741,KHDC4,KHDC4
2660,ENSFALG00000002742,Ripply2,RIPPLY2
2661,ENSFALG00000002743,SLC39A14,SLC39A14
2662,ENSFALG00000002744,ZFAT,ZFAT
2663,ENSFALG00000002745,NEK7,NEK7
2664,ENSFALG00000002746,ZNF839,ZNF839
2665,ENSFALG00000002747,NOB1,NOB1
2666,ENSFALG00000002748,Cacna1s,CACNA1S
2667,ENSFALG00000002749,Sf1,ENSFALG00000002749
2668,ENSFALG00000002750,SEPTIN7,SEPTIN7
2669,ENSFALG00000002750,SEPTIN7,SEPTIN7
2670,ENSFALG00000002751,CYB5R4,CYB5R4
2671,ENSFALG00000002752,KHDRBS3,KHDRBS3
2672,ENSFALG00000002753,CINP,CINP
2673,ENSFALG00000002754,NFAT5,NFAT5
2674,ENSFALG00000002755,RIT1,RIT1
2675,ENSFALG00000002756,TECPR2,TECPR2
2676,ENSFALG00000002757,CYB5B,CYB5B
2677,ENSFALG00000002757,Cyb5b,CYB5B
2678,ENSFALG00000002758,FAM135B,FAM135B
2679,ENSFALG00000002759,SYT11,SYT11
2680,ENSFALG00000002760,RCOR1,RCOR1
2681,ENSFALG00000002761,NIP7,NIP7
2682,ENSFALG00000002762,LYZ,ENSFALG00000002762
2683,ENSFALG00000002763,LHX9,LHX9
2684,ENSFALG00000002763,Lhx9,LHX9
2685,ENSFALG00000002764,MRAP2,MRAP2
2686,ENSFALG00000002765,Pcdhgb5,ENSFALG00000002765
2687,ENSFALG00000002766,PRR5,ENSFALG00000002766
2688,ENSFALG00000002767,CEP162,CEP162
2689,ENSFALG00000002769,Spag4,ENSFALG00000002769
2690,ENSFALG00000002770,Ahdc1,AHDC1
2691,ENSFALG00000002771,TRAF3,TRAF3
2692,ENSFALG00000002772,PPP3CC,PPP3CC
2693,ENSFALG00000002774,ARHGAP8,ENSFALG00000002774
2694,ENSFALG00000002775,CA10,ENSFALG00000002775
2695,ENSFALG00000002776,DENND1B,DENND1B
2696,ENSFALG00000002777,EEPD1,EEPD1
2697,ENSFALG00000002778,AMN,AMN
2698,ENSFALG00000002780,Pcdhgb5,ENSFALG00000002780
2699,ENSFALG00000002781,TERF2,TERF2
2700,ENSFALG00000002782,GON4L,ENSFALG00000002782
2701,ENSFALG00000002783,Tbx18,TBX18
2702,ENSFALG00000002784,PASD1,ENSFALG00000002784
2703,ENSFALG00000002785,PHF21B,PHF21B
2704,ENSFALG00000002786,PSMA5,PSMA5
2705,ENSFALG00000002787,CDC42BPB,CDC42BPB
2706,ENSFALG00000002788,CRB1,CRB1
2707,ENSFALG00000002789,MATCAP2,KIAA0895
2708,ENSFALG00000002790,COL22A1,ENSFALG00000002790
2709,ENSFALG00000002791,TBC1D8B,TBC1D8B
2710,ENSFALG00000002792,PDS5A,PDS5A
2711,ENSFALG00000002793,FGR,FGR
2712,ENSFALG00000002793,FGR,FGR
2713,ENSFALG00000002794,NUP50,NUP50
2714,ENSFALG00000002795,LBHD2,ENSFALG00000002795
2715,ENSFALG00000002797,KIAA0930,KIAA0930
2716,ENSFALG00000002798,Hunk,ENSFALG00000002798
2717,ENSFALG00000002799,EXOC3L4,EXOC3L4
2718,ENSFALG00000002800,RNF128,RNF128
2719,ENSFALG00000002801,Fam118a,FAM118A
2720,ENSFALG00000002802,Kcnk9,KCNK9
2721,ENSFALG00000002803,ANLN,ANLN
2722,ENSFALG00000002804,TMED6,ENSFALG00000002804
2723,ENSFALG00000002805,TNFAIP2,TNFAIP2
2724,ENSFALG00000002806,Trappc9,ENSFALG00000002806
2725,ENSFALG00000002807,ZBTB41,ZBTB41
2726,ENSFALG00000002808,SMC1B,SMC1B
2727,ENSFALG00000002810,AOAH,AOAH
2728,ENSFALG00000002811,Cog8,ENSFALG00000002811
2729,ENSFALG00000002812,NT5E,NT5E
2730,ENSFALG00000002813,TRAPPC9,TRAPPC9
2731,ENSFALG00000002814,ELMO1,ELMO1
2732,ENSFALG00000002815,RIBC2,RIBC2
2733,ENSFALG00000002816,EIF5,EIF5
2734,ENSFALG00000002818,PDF,PDF
2735,ENSFALG00000002819,SYPL2,SYPL2
2736,ENSFALG00000002820,GPR141,GPR141
2737,ENSFALG00000002821,VPS4A,ENSFALG00000002821
2738,ENSFALG00000002822,MSTO1,MSTO1
2739,ENSFALG00000002823,SESN2,FAM76A
2740,ENSFALG00000002824,NME8,NME8
2741,ENSFALG00000002825,ASPM,ASPM
2742,ENSFALG00000002826,AMIGO1,AMIGO1
2743,ENSFALG00000002827,SNTB2,SNTB2
2744,ENSFALG00000002829,SFRP4,SFRP4
2745,ENSFALG00000002830,FBLN1,FBLN1
2746,ENSFALG00000002831,GPR61,GPR61
2747,ENSFALG00000002833,CHRAC1,CHRAC1
2748,ENSFALG00000002834,MARK3,MARK3
2749,ENSFALG00000002836,DAP3,DAP3
2750,ENSFALG00000002837,Epdr1,EPDR1
2751,ENSFALG00000002838,AGO2,AGO2
2752,ENSFALG00000002839,SORBS3,SORBS3
2753,ENSFALG00000002840,ATXN10,ATXN10
2754,ENSFALG00000002841,ASH1L,ASH1L
2755,ENSFALG00000002842,UTP4,UTP4
2756,ENSFALG00000002843,STARD3NL,STARD3NL
2757,ENSFALG00000002844,N4BP2,N4BP2
2758,ENSFALG00000002845,CKB,CKB
2759,ENSFALG00000002845,CKB,CKB
2760,ENSFALG00000002846,RPLP1,RPLP1
2761,ENSFALG00000002847,Pcdhgc3,PCDHGC3
2762,ENSFALG00000002848,WNT7B,WNT7B
2763,ENSFALG00000002849,CCND3,CCND3
2764,ENSFALG00000002849,CCND3,CCND3
2765,ENSFALG00000002850,Gnai3,GNAI3
2766,ENSFALG00000002851,Fdps,RUSC1
2767,ENSFALG00000002852,PPARA,PPARA
2768,ENSFALG00000002853,CHRNA9,CHRNA9
2769,ENSFALG00000002854,TTC38,TTC38
2770,ENSFALG00000002855,TRMT61A,TRMT61A
2771,ENSFALG00000002856,MLH1,MLH1
2772,ENSFALG00000002857,PTK2,PTK2
2773,ENSFALG00000002859,F13B,F13B
2774,ENSFALG00000002860,HAS3,HAS3
2775,ENSFALG00000002861,RBM47,RBM47
2776,ENSFALG00000002862,BAG5,BAG5
2777,ENSFALG00000002863,Chtf8,CHTF8
2778,ENSFALG00000002864,NSUN7,NSUN7
2779,ENSFALG00000002865,KLC1,COA8
2780,ENSFALG00000002866,CFH,ENSFALG00000002866
2781,ENSFALG00000002867,SNX14,SNX14
2782,ENSFALG00000002867,Snx14,SNX14
2783,ENSFALG00000002868,HCN3,ENSFALG00000002868
2784,ENSFALG00000002869,APBB2,APBB2
2785,ENSFALG00000002870,KLC1,ENSFALG00000002870
2786,ENSFALG00000002871,UCHL1,UCHL1
2787,ENSFALG00000002872,KCNT2,KCNT2
2788,ENSFALG00000002873,TANGO6,TANGO6
2789,ENSFALG00000002874,XRCC3,XRCC3
2790,ENSFALG00000002875,TRANK1,TRANK1
2791,ENSFALG00000002876,ZNF462,ZNF462
2792,ENSFALG00000002877,HDAC3,HDAC3
2793,ENSFALG00000002878,Clk2,CLK2
2794,ENSFALG00000002880,DCLK3,DCLK3
2795,ENSFALG00000002881,STAC,STAC
2796,ENSFALG00000002882,ZFYVE21,ZFYVE21
2797,ENSFALG00000002883,LIMCH1,LIMCH1
2798,ENSFALG00000002884,TMEM38B,TMEM38B
2799,ENSFALG00000002885,PPP1R13B,PPP1R13B
2800,ENSFALG00000002886,CDC73,CDC73
2801,ENSFALG00000002887,SCAMP3,SCAMP3
2802,ENSFALG00000002888,RELL2,RELL2
2803,ENSFALG00000002889,ENTREP3,FAM189B
2804,ENSFALG00000002890,Gnat2,GNAT2
2805,ENSFALG00000002891,FCHSD1,FCHSD1
2806,ENSFALG00000002892,Cdc25b,ENSFALG00000002892
2807,ENSFALG00000002894,FKTN,FKTN
2808,ENSFALG00000002895,SYNCRIP,SYNCRIP
2809,ENSFALG00000002896,Cdh1,ENSFALG00000002896
2810,ENSFALG00000002897,BYSL,BYSL
2811,ENSFALG00000002898,GBA,ENSFALG00000002898
2812,ENSFALG00000002899,PHOX2B,PHOX2B
2813,ENSFALG00000002900,FSD1L,FSD1L
2814,ENSFALG00000002901,CGA,CGA
2815,ENSFALG00000002902,TMEM33,TMEM33
2816,ENSFALG00000002903,Mp68,ENSFALG00000002903
2817,ENSFALG00000002904,SLC30A9,SLC30A9
2818,ENSFALG00000002905,RD3L,RD3L
2819,ENSFALG00000002906,GLRX2,GLRX2
2820,ENSFALG00000002908,ZNF292,ZNF292
2821,ENSFALG00000002909,BEND4,BEND4
2822,ENSFALG00000002910,MAP3K20,MAP3K20
2823,ENSFALG00000002911,TDRD9,TDRD9
2824,ENSFALG00000002912,ARAP3,ARAP3
2825,ENSFALG00000002913,RO60,RO60
2826,ENSFALG00000002914,MTX1,MTX1
2827,ENSFALG00000002915,POMC,POMC
2828,ENSFALG00000002916,ATP8A1,ATP8A1
2829,ENSFALG00000002917,SMIM8,SMIM8
2830,ENSFALG00000002917,SMIM8,SMIM8
2831,ENSFALG00000002918,CDCA7,CDCA7
2832,ENSFALG00000002919,ASPG,ASPG
2833,ENSFALG00000002920,CFAP206,ENSFALG00000002920
2834,ENSFALG00000002921,GRXCR1,GRXCR1
2835,ENSFALG00000002922,SP3,SP3
2836,ENSFALG00000002923,UCHL5,UCHL5
2837,ENSFALG00000002924,CAST,ENSFALG00000002924
2838,ENSFALG00000002925,AMPD2,AMPD2
2839,ENSFALG00000002926,THBS3,THBS3
2840,ENSFALG00000002927,Kctd8,KCTD8
2841,ENSFALG00000002928,Kif26a,KIF26A
2842,ENSFALG00000002929,SLC35A1,SLC35A1
2843,ENSFALG00000002930,YIPF7,YIPF7
2844,ENSFALG00000002931,Muc1,ENSFALG00000002931
2845,ENSFALG00000002932,GUF1,GUF1
2846,ENSFALG00000002933,Med20,MED20
2847,ENSFALG00000002934,CECR2,CECR2
2848,ENSFALG00000002935,TRIM46,TRIM46
2849,ENSFALG00000002936,RARS2,RARS2
2850,ENSFALG00000002937,GNPDA2,GNPDA2
2851,ENSFALG00000002938,Tmem179,TMEM179
2852,ENSFALG00000002939,Gstm3,GSTM3
2853,ENSFALG00000002940,Orc3,ORC3
2854,ENSFALG00000002942,INF2,INF2
2855,ENSFALG00000002943,Krtcap2,KRTCAP2
2856,ENSFALG00000002944,OLA1,OLA1
2857,ENSFALG00000002945,USP49,USP49
2858,ENSFALG00000002946,AKIRIN2,AKIRIN2
2859,ENSFALG00000002947,RC3H1,RC3H1
2860,ENSFALG00000002948,PCDH1,PCDH1
2861,ENSFALG00000002949,NFYA,NFYA
2862,ENSFALG00000002950,SLC50A1,SLC50A1
2863,ENSFALG00000002951,Alx3,ALX3
2864,ENSFALG00000002952,GABRG1,GABRG1
2865,ENSFALG00000002953,DELE1,DELE1
2866,ENSFALG00000002954,EFNA3,ENSFALG00000002954
2867,ENSFALG00000002955,CDH3,CDH1
2868,ENSFALG00000002956,PCSK1,PCSK1
2869,ENSFALG00000002957,Pcdh12,PCDH12
2870,ENSFALG00000002958,CNR1,CNR1
2871,ENSFALG00000002959,Tmigd3,ENSFALG00000002959
2872,ENSFALG00000002960,ADA2,ADA2
2873,ENSFALG00000002960,ADA2,ADA2
2874,ENSFALG00000002961,ST8SIA4,ST8SIA4
2875,ENSFALG00000002962,TREM2,TREM2
2876,ENSFALG00000002963,RNGTT,RNGTT
2877,ENSFALG00000002964,ECSCR,ENSFALG00000002964
2878,ENSFALG00000002965,Fam174,FAM174A
2879,ENSFALG00000002966,ADAM15,ADAM15
2880,ENSFALG00000002967,ADSSL1,ADSSL1
2881,ENSFALG00000002968,PNRC1,PNRC1
2882,ENSFALG00000002969,DNAJC18,DNAJC18
2883,ENSFALG00000002970,Siva1,ENSFALG00000002970
2884,ENSFALG00000002971,EPS8L3,ENSFALG00000002971
2885,ENSFALG00000002972,GABRA2,GABRA2
2886,ENSFALG00000002973,Treml2,ENSFALG00000002973
2887,ENSFALG00000002974,AKT1,AKT1
2888,ENSFALG00000002975,PM20D2,PM20D2
2889,ENSFALG00000002976,GABRA4,GABRA4
2890,ENSFALG00000002977,SERPINC1,SERPINC1
2891,ENSFALG00000002978,CEP170B,CEP170B
2892,ENSFALG00000002979,ZBTB37,ZBTB37
2893,ENSFALG00000002980,PCBP2,PCBP2
2894,ENSFALG00000002981,PAIP2B,PAIP2B
2895,ENSFALG00000002982,HEBP2,ENSFALG00000002982
2896,ENSFALG00000002983,Gabrr1,GABRR1
2897,ENSFALG00000002984,Mzb1,MZB1
2898,ENSFALG00000002986,GABRB1,ENSFALG00000002986
2899,ENSFALG00000002988,NPL,NPL
2900,ENSFALG00000002989,HDHD5,HDHD5
2901,ENSFALG00000002990,CSF1,ENSFALG00000002990
2902,ENSFALG00000002991,PLD4,PLD4
2903,ENSFALG00000002992,DHX9,DHX9
2904,ENSFALG00000002993,AHCYL1,AHCYL1
2905,ENSFALG00000002994,CIR1,CIR1
2906,ENSFALG00000002995,Gabrr2,GABRR2
2907,ENSFALG00000002996,DCST2,DCST2
2908,ENSFALG00000002997,ATF7,ENSFALG00000002997
2909,ENSFALG00000002998,Urah,ENSFALG00000002998
2910,ENSFALG00000002999,CECR6,ENSFALG00000002999
2911,ENSFALG00000003000,COMMD8,COMMD8
2912,ENSFALG00000003001,LAMC1,LAMC1
2913,ENSFALG00000003002,FSTL5,FSTL5
2914,ENSFALG00000003003,IL17RA,IL17RA
2915,ENSFALG00000003004,GAS8,GAS8
2916,ENSFALG00000003005,AHNAK2,ENSFALG00000003005
2917,ENSFALG00000003006,UBE2J1,UBE2J1
2918,ENSFALG00000003007,Pear1,ENSFALG00000003007
2919,ENSFALG00000003008,Slc23a1,SLC23A1
2920,ENSFALG00000003009,Ahnak2,ENSFALG00000003009
2921,ENSFALG00000003010,DBNDD1,ENSFALG00000003010
2922,ENSFALG00000003011,RAPGEF2,RAPGEF2
2923,ENSFALG00000003012,RRAGD,RRAGD
2924,ENSFALG00000003013,SCRN3,SCRN3
2925,ENSFALG00000003014,LAMC2,LAMC2
2926,ENSFALG00000003015,CLBA1,CLBA1
2927,ENSFALG00000003017,DEF8,DEF8
2928,ENSFALG00000003018,Strip1,STRIP1
2929,ENSFALG00000003019,ATP10D,ATP10D
2930,ENSFALG00000003020,CDCA4,CDCA4
2931,ENSFALG00000003021,FNIP2,FNIP2
2932,ENSFALG00000003022,ANKRD6,ANKRD6
2933,ENSFALG00000003023,GPR155,GPR155
2934,ENSFALG00000003024,TUBB3,ENSFALG00000003024
2935,ENSFALG00000003025,Arhgef10l,ENSFALG00000003025
2936,ENSFALG00000003025,Arhgef10l,ENSFALG00000003025
2937,ENSFALG00000003026,NTRK1,NTRK1
2938,ENSFALG00000003027,Igsf21,IGSF21
2939,ENSFALG00000003028,PPID,PPID
2940,ENSFALG00000003029,NMNAT2,NMNAT2
2941,ENSFALG00000003030,Wipf1,ENSFALG00000003030
2942,ENSFALG00000003030,Wipf1,ENSFALG00000003030
2943,ENSFALG00000003031,TCF25,TCF25
2944,ENSFALG00000003032,FOXP4,FOXP4
2945,ENSFALG00000003033,Fibin,FIBIN
2946,ENSFALG00000003034,CHRNA1,CHRNA1
2947,ENSFALG00000003035,SLC5A12,SLC5A12
2948,ENSFALG00000003036,LYRM2,LYRM2
2949,ENSFALG00000003037,Spire2,SPIRE2
2950,ENSFALG00000003038,GPD2,GPD2
2951,ENSFALG00000003040,ANO3,ANO3
2952,ENSFALG00000003041,JAG2,JAG2
2953,ENSFALG00000003042,PAIP2,PAIP2
2954,ENSFALG00000003043,SLC6A17,SLC6A17
2955,ENSFALG00000003044,BNC2,BNC2
2956,ENSFALG00000003045,GALNT5,ENSFALG00000003045
2957,ENSFALG00000003046,ETFDH,ETFDH
2958,ENSFALG00000003047,SMG7,SMG7
2959,ENSFALG00000003048,KCNC4,KCNC4
2960,ENSFALG00000003049,SH3GL2,SH3GL2
2961,ENSFALG00000003050,CORIN,CORIN
2962,ENSFALG00000003051,Fanca,FANCA
2963,ENSFALG00000003052,ACVR1C,ENSFALG00000003052
2964,ENSFALG00000003053,TF,LTF
2965,ENSFALG00000003054,NCF2,NCF2
2966,ENSFALG00000003055,ADAMTSL1,ADAMTSL1
2967,ENSFALG00000003057,SULT6B1,ENSFALG00000003057
2968,ENSFALG00000003058,CHN1,CHN1
2969,ENSFALG00000003059,RXFP1,RXFP1
2970,ENSFALG00000003060,NFXL1,NFXL1
2971,ENSFALG00000003061,SMOC2,SMOC2
2972,ENSFALG00000003062,RBM15,RBM15
2973,ENSFALG00000003062,Rbm15,RBM15
2974,ENSFALG00000003063,CACNA1C,CACNA1C
2975,ENSFALG00000003064,ACVR1C,ACVR1C
2976,ENSFALG00000003065,Arpc5,ARPC5
2977,ENSFALG00000003066,PLIN2,PLIN2
2978,ENSFALG00000003067,Insrr,INSRR
2979,ENSFALG00000003068,MDN1,MDN1
2980,ENSFALG00000003069,C4H4orf46,C4orf46
2981,ENSFALG00000003070,Znf276,ZNF276
2982,ENSFALG00000003071,MATR3,ENSFALG00000003071
2983,ENSFALG00000003072,SLC16A4,SLC16A4
2984,ENSFALG00000003073,RGL1,RGL1
2985,ENSFALG00000003074,TMEM144,TMEM144
2986,ENSFALG00000003075,DENND4C,DENND4C
2987,ENSFALG00000003076,CNGA1,CNGA1
2988,ENSFALG00000003077,GASK1B,GASK1B
2989,ENSFALG00000003078,RPS6,RPS6
2990,ENSFALG00000003079,THBS2,THBS2
2991,ENSFALG00000003081,LAMTOR5,LAMTOR5
2992,ENSFALG00000003082,ACER2,ACER2
2993,ENSFALG00000003083,COLGALT2,COLGALT2
2994,ENSFALG00000003084,NIPAL1,NIPAL1
2995,ENSFALG00000003085,ACVR1,ACVR1
2996,ENSFALG00000003086,GRIA2,GRIA2
2997,ENSFALG00000003087,ATF2,ATF2
2998,ENSFALG00000003088,SLC24A2,SLC24A2
2999,ENSFALG00000003089,CDK10,CDK10
3000,ENSFALG00000003090,MDFI,MDFI
3001,ENSFALG00000003091,Aqp12b,ENSFALG00000003091
3002,ENSFALG00000003092,TXK,TXK
3003,ENSFALG00000003093,GLRB,GLRB
3004,ENSFALG00000003094,SIL1,SIL1
3005,ENSFALG00000003095,ATP5MC3,ATP5MC3
3006,ENSFALG00000003096,PEPE,ENSFALG00000003096
3007,ENSFALG00000003097,TFEB,TFEB
3008,ENSFALG00000003098,PAK2,PAK2
3009,ENSFALG00000003099,NUDT14,NUDT14
3010,ENSFALG00000003099,NUDT14,NUDT14
3011,ENSFALG00000003100,PDGFC,PDGFC
3012,ENSFALG00000003101,MLLT3,MLLT3
3013,ENSFALG00000003103,UPP2,UPP2
3014,ENSFALG00000003104,LNPK,LNPK
3015,ENSFALG00000003105,PIGX,PIGX
3016,ENSFALG00000003106,CTNNA1,CTNNA1
3017,ENSFALG00000003107,TSEN15,TSEN15
3018,ENSFALG00000003108,BRF1,BRF1
3019,ENSFALG00000003109,EVX2,EVX2
3020,ENSFALG00000003110,CCDC148,CCDC148
3021,ENSFALG00000003111,TEC,TEC
3022,ENSFALG00000003112,SPATA2L,SPATA2L
3023,ENSFALG00000003113,LRRTM2,LRRTM2
3024,ENSFALG00000003114,CEP19,CEP19
3025,ENSFALG00000003115,BTBD6,BTBD6
3026,ENSFALG00000003117,CUNH1orf21,C1orf21
3027,ENSFALG00000003118,HOXD13,HOXD13
3028,ENSFALG00000003119,FOCAD,FOCAD
3029,ENSFALG00000003120,CHMP1A,CHMP1A
3030,ENSFALG00000003121,PPP1R36,ENSFALG00000003121
3031,ENSFALG00000003122,HOXD12,HOXD12
3032,ENSFALG00000003123,Dapk2,ENSFALG00000003123
3033,ENSFALG00000003124,NRROS,NRROS
3034,ENSFALG00000003125,EDEM3,EDEM3
3035,ENSFALG00000003126,KCNA10,KCNA10
3036,ENSFALG00000003127,ZBTB1,ZBTB1
3037,ENSFALG00000003128,Pkp4,PKP4
3038,ENSFALG00000003129,HACD4,HACD4
3039,ENSFALG00000003130,CASP8AP2,CASP8AP2
3040,ENSFALG00000003131,Fbxo45,FBXO45
3041,ENSFALG00000003132,HOXD11,HOXD11
3042,ENSFALG00000003133,Kcna3,KCNA3
3043,ENSFALG00000003134,PRCC,PRCC
3044,ENSFALG00000003135,PGC,ENSFALG00000003135
3045,ENSFALG00000003136,WDR27,ENSFALG00000003136
3046,ENSFALG00000003137,ZBTB25,ZBTB25
3047,ENSFALG00000003138,DPEP1,ENSFALG00000003138
3048,ENSFALG00000003139,Ifnw1,ENSFALG00000003139
3049,ENSFALG00000003140,HSPA9,HSPA9
3050,ENSFALG00000003141,WDR53,WDR53
3051,ENSFALG00000003142,Hoxd10,HOXD10
3052,ENSFALG00000003143,Zzef1,ENSFALG00000003143
3053,ENSFALG00000003144,LMF1,ENSFALG00000003144
3054,ENSFALG00000003145,SLAIN2,SLAIN2
3055,ENSFALG00000003147,TJP2,ENSFALG00000003147
3056,ENSFALG00000003148,NIBAN1,NIBAN1
3057,ENSFALG00000003148,NIBAN1,NIBAN1
3058,ENSFALG00000003149,Hoxd9,HOXD9
3059,ENSFALG00000003150,Sult2b1,ENSFALG00000003150
3060,ENSFALG00000003151,GJA10,ENSFALG00000003151
3061,ENSFALG00000003151,Gja10,ENSFALG00000003151
3062,ENSFALG00000003152,RNF168,RNF168
3063,ENSFALG00000003153,Hdgf,HDGF
3064,ENSFALG00000003154,PHF10,PHF10
3065,ENSFALG00000003155,Akap5,AKAP5
3066,ENSFALG00000003155,Akap5,AKAP5
3067,ENSFALG00000003158,HOXD8,HOXD8
3068,ENSFALG00000003159,CPNE7,CPNE7
3069,ENSFALG00000003160,Bach2,BACH2
3070,ENSFALG00000003161,RNF2,RNF2
3071,ENSFALG00000003162,SLC10A4,SLC10A4
3072,ENSFALG00000003164,MYO16,ENSFALG00000003164
3073,ENSFALG00000003164,Myo16,ENSFALG00000003164
3074,ENSFALG00000003165,UBXN7,ENSFALG00000003165
3075,ENSFALG00000003166,Frs3,FRS3
3076,ENSFALG00000003167,MRPL24,MRPL24
3077,ENSFALG00000003168,PNPLA1,ENSFALG00000003168
3078,ENSFALG00000003169,MAP3K7,MAP3K7
3079,ENSFALG00000003170,DAPL1,DAPL1
3080,ENSFALG00000003171,PHF10,TCTE3
3081,ENSFALG00000003172,GNG13,GNG13
3082,ENSFALG00000003173,Rpl13,RPL13
3083,ENSFALG00000003174,Zar1,ENSFALG00000003174
3084,ENSFALG00000003175,IRS2,IRS2
3085,ENSFALG00000003176,PIP5K1B,PIP5K1B
3086,ENSFALG00000003176,PIP5K1B,PIP5K1B
3087,ENSFALG00000003177,TRMT1L,TRMT1L
3088,ENSFALG00000003178,PRICKLE4,ENSFALG00000003178
3089,ENSFALG00000003179,HSPB7,HSPB7
3090,ENSFALG00000003180,Tm4sf1,ENSFALG00000003180
3091,ENSFALG00000003181,HOXD4,HOXD4
3092,ENSFALG00000003182,Rrnad1,RRNAD1
3093,ENSFALG00000003183,ETV7,ETV7
3094,ENSFALG00000003184,ERMARD,ERMARD
3095,ENSFALG00000003185,Col4a1,ENSFALG00000003185
3096,ENSFALG00000003186,FRYL,FRYL
3097,ENSFALG00000003187,TANC1,TANC1
3098,ENSFALG00000003188,CHTF18,CHTF18
3099,ENSFALG00000003189,GRXCR2,GRXCR2
3100,ENSFALG00000003190,Hoxd3,HOXD3
3101,ENSFALG00000003191,NEU4,NEU4
3102,ENSFALG00000003192,Isg20l2,ISG20L2
3103,ENSFALG00000003193,SPG7,SPG7
3104,ENSFALG00000003195,PROZ,PROZ
3105,ENSFALG00000003196,DLL1,DLL1
3106,ENSFALG00000003197,KCTD20,KCTD20
3107,ENSFALG00000003198,Sh3rf2,ENSFALG00000003198
3108,ENSFALG00000003199,Slc27a6,ENSFALG00000003199
3109,ENSFALG00000003200,CLCNKA,ENSFALG00000003200
3110,ENSFALG00000003201,MTX2,MTX2
3111,ENSFALG00000003202,GAL3ST2,GAL3ST2
3112,ENSFALG00000003203,MTHFD1,MTHFD1
3113,ENSFALG00000003203,MTHFD1,MTHFD1
3114,ENSFALG00000003204,Ociad1,OCIAD1
3115,ENSFALG00000003205,CRABP2,CRABP2
3116,ENSFALG00000003206,SWT1,SWT1
3117,ENSFALG00000003207,ANKRD11,ANKRD11
3118,ENSFALG00000003208,FAM120B,FAM120B
3119,ENSFALG00000003209,LARS1,LARS
3120,ENSFALG00000003210,STK38,STK38
3121,ENSFALG00000003211,RPUSD1,RPUSD1
3122,ENSFALG00000003212,Epha7,EPHA7
3123,ENSFALG00000003213,D2HGDH,D2HGDH
3124,ENSFALG00000003214,RFK,RFK
3125,ENSFALG00000003215,HNRNPA3,HNRNPA3
3126,ENSFALG00000003216,PCID2,PCID2
3127,ENSFALG00000003218,IVNS1ABP,IVNS1ABP
3128,ENSFALG00000003219,OCIAD2,OCIAD2
3129,ENSFALG00000003220,Pth4,ENSFALG00000003220
3130,ENSFALG00000003221,WDSUB1,WDSUB1
3131,ENSFALG00000003222,SLC22A31,SLC22A31
3132,ENSFALG00000003223,PSMB1,PSMB1
3133,ENSFALG00000003224,Msln,MSLN
3134,ENSFALG00000003225,Etf1,ETF1
3135,ENSFALG00000003226,CUL4A,CUL4A
3136,ENSFALG00000003227,NFE2L2,NFE2L2
3137,ENSFALG00000003228,Rbm27,ENSFALG00000003228
3138,ENSFALG00000003230,Ing5,ING5
3139,ENSFALG00000003231,HMCN1,ENSFALG00000003231
3140,ENSFALG00000003232,Wasf1,ENSFALG00000003232
3141,ENSFALG00000003232,Wasf1,ENSFALG00000003232
3142,ENSFALG00000003233,LRRC2,LRRC2
3143,ENSFALG00000003234,SRSF3,SRSF3
3144,ENSFALG00000003235,CDH15,CDH15
3145,ENSFALG00000003236,PRUNE2,PRUNE2
3146,ENSFALG00000003237,CWH43,CWH43
3147,ENSFALG00000003238,Tbp,TBP
3148,ENSFALG00000003239,MSLN,ENSFALG00000003239
3149,ENSFALG00000003240,DCP1B,DCP1B
3150,ENSFALG00000003240,DCP1B,DCP1B
3151,ENSFALG00000003242,BAZ2B,BAZ2B
3152,ENSFALG00000003243,LAMP1,LAMP1
3153,ENSFALG00000003244,Wasf1,ENSFALG00000003244
3154,ENSFALG00000003245,Cfc1,ENSFALG00000003245
3155,ENSFALG00000003246,CDKN1A,CDKN1A
3156,ENSFALG00000003248,Tle1,TLE1
3157,ENSFALG00000003249,Hmcn1,ENSFALG00000003249
3158,ENSFALG00000003250,CIAO3,CIAO3
3159,ENSFALG00000003251,TCERG1,TCERG1
3160,ENSFALG00000003252,ESR2,ESR2
3161,ENSFALG00000003254,EPHA2,EPHA2
3162,ENSFALG00000003255,Spai,ENSFALG00000003255
3163,ENSFALG00000003256,DTYMK,DTYMK
3164,ENSFALG00000003257,AGPS,AGPS
3165,ENSFALG00000003259,Dcun1d4,DCUN1D4
3166,ENSFALG00000003260,TSNAX,ENSFALG00000003260
3167,ENSFALG00000003261,Fam240b,ENSFALG00000003261
3168,ENSFALG00000003262,ACSF3,ACSF3
3169,ENSFALG00000003263,MARCHF7,MARCH7
3170,ENSFALG00000003265,VPS13A,VPS13A
3171,ENSFALG00000003266,GRTP1,GRTP1
3172,ENSFALG00000003267,Haghl,HAGHL
3173,ENSFALG00000003268,CACNA2D4,CACNA2D4
3174,ENSFALG00000003269,Pdcd2,PDCD2
3175,ENSFALG00000003269,GNPAT,PDCD2
3176,ENSFALG00000003270,PPP2R2B,ENSFALG00000003270
3177,ENSFALG00000003271,Fam240a,ENSFALG00000003271
3178,ENSFALG00000003272,Egln1,ENSFALG00000003272
3179,ENSFALG00000003273,PRG4,PRG4
3180,ENSFALG00000003274,SYNE2,ENSFALG00000003274
3181,ENSFALG00000003275,Tana,ENSFALG00000003275
3182,ENSFALG00000003275,Tana,ENSFALG00000003275
3183,ENSFALG00000003277,ATG4B,ATG4B
3184,ENSFALG00000003278,GNPAT,GNPAT
3185,ENSFALG00000003279,Hagh,HAGH
3186,ENSFALG00000003280,FBXW11,FBXW11
3187,ENSFALG00000003280,FBXW11,FBXW11
3188,ENSFALG00000003281,PRXL2C,PRXL2C
3189,ENSFALG00000003282,Lrrc66,ENSFALG00000003282
3190,ENSFALG00000003283,Adprhl1,ADPRHL1
3191,ENSFALG00000003284,Pde11a,ENSFALG00000003284
3192,ENSFALG00000003285,C6orf89,C6orf89
3193,ENSFALG00000003286,SPRTN,SPRTN
3194,ENSFALG00000003287,SGCB,SGCB
3195,ENSFALG00000003288,C1orf131,ENSFALG00000003288
3196,ENSFALG00000003289,Pi16,ENSFALG00000003289
3197,ENSFALG00000003290,TPR,TPR
3198,ENSFALG00000003291,CBFA2T3,ENSFALG00000003291
3199,ENSFALG00000003292,Bcan,ENSFALG00000003292
3200,ENSFALG00000003293,Dcun1d2,DCUN1D2
3201,ENSFALG00000003294,GNAQ,ENSFALG00000003294
3202,ENSFALG00000003295,Exoc8,EXOC8
3203,ENSFALG00000003296,Cplane2,ENSFALG00000003296
3204,ENSFALG00000003297,MEIOB,MEIOB
3205,ENSFALG00000003298,SPATA18,SPATA18
3206,ENSFALG00000003300,CDC14B,ENSFALG00000003300
3207,ENSFALG00000003301,STK32A,STK32A
3208,ENSFALG00000003302,TRIM67,TRIM67
3209,ENSFALG00000003302,TRIM67,TRIM67
3210,ENSFALG00000003304,MSRB1,MSRB1
3211,ENSFALG00000003305,Fbxo42,FBXO42
3212,ENSFALG00000003306,LRTM2,LRTM2
3213,ENSFALG00000003307,Rhou,RHOU
3214,ENSFALG00000003308,Arv1,ARV1
3215,ENSFALG00000003309,FGF18,FGF18
3216,ENSFALG00000003310,ODR4,ODR4
3217,ENSFALG00000003311,Mtch1,MTCH1
3218,ENSFALG00000003312,THAP4,THAP4
3219,ENSFALG00000003314,USP46,USP46
3220,ENSFALG00000003315,SYNE2,ENSFALG00000003315
3221,ENSFALG00000003316,Hapln2,HAPLN2
3222,ENSFALG00000003317,TMCO3,TMCO3
3223,ENSFALG00000003318,TRPM2,TRPM2
3224,ENSFALG00000003319,Pabpn1,PABPN1L
3225,ENSFALG00000003320,Npm1,ENSFALG00000003320
3226,ENSFALG00000003321,CEP78,CEP78
3227,ENSFALG00000003322,TFDP1,TFDP1
3228,ENSFALG00000003323,Rasl11b,RASL11B
3229,ENSFALG00000003324,RAB4A,RAB4A
3230,ENSFALG00000003325,SZRD1,SZRD1
3231,ENSFALG00000003326,RPL3L,RPL3L
3232,ENSFALG00000003327,HABP4,HABP4
3233,ENSFALG00000003328,DPYSL3,DPYSL3
3234,ENSFALG00000003329,TSPEAR,TSPEAR
3235,ENSFALG00000003330,RBM45,RBM45
3236,ENSFALG00000003331,PDC,PDC
3237,ENSFALG00000003332,SCFD2,ENSFALG00000003332
3238,ENSFALG00000003333,CCSAP,CCSAP
3239,ENSFALG00000003334,SGPP1,SGPP1
3240,ENSFALG00000003335,PSAT1,PSAT1
3241,ENSFALG00000003336,Tlx3,TLX3
3242,ENSFALG00000003337,ATP4B,ATP4B
3243,ENSFALG00000003338,Ndufb10,NDUFB10
3244,ENSFALG00000003339,Trappc2l,TRAPPC2L
3245,ENSFALG00000003340,UBE2G2,UBE2G2
3246,ENSFALG00000003341,FGD2,FGD2
3247,ENSFALG00000003342,Necap2,NECAP2
3248,ENSFALG00000003343,ZNF367,ZNF367
3249,ENSFALG00000003344,JAKMIP2,JAKMIP2
3250,ENSFALG00000003346,ACTA1,ACTA1
3251,ENSFALG00000003347,PPP2R5E,PPP2R5E
3252,ENSFALG00000003348,PTGS2,PTGS2
3253,ENSFALG00000003350,PTTG1IP,PTTG1IP
3254,ENSFALG00000003351,CDC23,CDC23
3255,ENSFALG00000003353,GALNS,GALNS
3256,ENSFALG00000003354,GPHB5,GPHB5
3257,ENSFALG00000003355,GABRP,GABRP
3258,ENSFALG00000003356,RHOJ,RHOJ
3259,ENSFALG00000003357,Tmem255b,TMEM255B
3260,ENSFALG00000003358,RHBG,ENSFALG00000003358
3261,ENSFALG00000003358,RHBG,ENSFALG00000003358
3262,ENSFALG00000003359,GFRA3,GFRA3
3263,ENSFALG00000003360,FIP1L1,ENSFALG00000003360
3264,ENSFALG00000003361,NUP133,NUP133
3265,ENSFALG00000003362,SLC35D2,ENSFALG00000003362
3266,ENSFALG00000003363,KCNH5,KCNH5
3267,ENSFALG00000003364,DGKG,DGKG
3268,ENSFALG00000003365,Crocc,ENSFALG00000003365
3269,ENSFALG00000003366,Aprt,APRT
3270,ENSFALG00000003367,PIM1,ENSFALG00000003367
3271,ENSFALG00000003368,PLA2G4A,PLA2G4A
3272,ENSFALG00000003369,OSBPL6,OSBPL6
3273,ENSFALG00000003370,RPS2,RPS2
3274,ENSFALG00000003371,Gas6,GAS6
3275,ENSFALG00000003373,Abcb10,ABCB10
3276,ENSFALG00000003374,KCNIP1,KCNIP1
3277,ENSFALG00000003376,Mfap2,MFAP2
3278,ENSFALG00000003378,SYT16,SYT16
3279,ENSFALG00000003379,Arhgap23,ENSFALG00000003379
3280,ENSFALG00000003380,TAF5L,TAF5L
3281,ENSFALG00000003381,Cdt1,CDT1
3282,ENSFALG00000003382,Tspan2,TSPAN2
3283,ENSFALG00000003383,Etv5,ETV5
3284,ENSFALG00000003384,SNAPC1,SNAPC1
3285,ENSFALG00000003385,URB2,URB2
3286,ENSFALG00000003386,LNX1,LNX1
3287,ENSFALG00000003387,TSHB,TSHB
3288,ENSFALG00000003388,GALNT2,GALNT2
3289,ENSFALG00000003389,TSHB,ENSFALG00000003389
3290,ENSFALG00000003391,CHIC2,CHIC2
3291,ENSFALG00000003392,KCNMB1,KCNMB1
3292,ENSFALG00000003393,PGBD5,PGBD5
3293,ENSFALG00000003394,BRINP3,BRINP3
3294,ENSFALG00000003396,HIF1A,HIF1A
3295,ENSFALG00000003397,KDM3B,KDM3B
3296,ENSFALG00000003398,Sike1,SIKE1
3297,ENSFALG00000003399,ATP13A2,ATP13A2
3298,ENSFALG00000003400,ERCC6L2,ERCC6L2
3299,ENSFALG00000003401,COG2,COG2
3300,ENSFALG00000003402,RASA3,RASA3
3301,ENSFALG00000003403,SOCS7,SOCS7
3302,ENSFALG00000003404,GSX2,GSX2
3303,ENSFALG00000003405,RGS2,RGS2
3304,ENSFALG00000003406,REEP2,REEP2
3305,ENSFALG00000003407,CSDE1,CSDE1
3306,ENSFALG00000003408,BOK,BOK
3307,ENSFALG00000003409,TBL3,TBL3
3308,ENSFALG00000003410,AGT,AGT
3309,ENSFALG00000003412,PJVK,ENSFALG00000003412
3310,ENSFALG00000003413,EGR1,EGR1
3311,ENSFALG00000003414,MRPL45,MRPL45
3312,ENSFALG00000003415,NRAS,NRAS
3313,ENSFALG00000003416,Pfdn2,PFDN2
3314,ENSFALG00000003417,FKBP7,FKBP7
3315,ENSFALG00000003418,STK25,STK25
3316,ENSFALG00000003419,PRKCH,ENSFALG00000003419
3317,ENSFALG00000003420,AMPD1,AMPD1
3318,ENSFALG00000003421,RGS1,RGS1
3319,ENSFALG00000003422,PIEZO1,PIEZO1
3320,ENSFALG00000003423,FARP2,FARP2
3321,ENSFALG00000003424,SLC38A6,SLC38A6
3322,ENSFALG00000003425,DENND2C,DENND2C
3323,ENSFALG00000003426,RGS21,RGS21
3324,ENSFALG00000003428,PDGFRA,ENSFALG00000003428
3325,ENSFALG00000003429,SEPTIN2,SEPTIN2
3326,ENSFALG00000003430,TRMT5,TRMT5
3327,ENSFALG00000003431,BCAS2,BCAS2
3328,ENSFALG00000003432,Rgs18,RGS18
3329,ENSFALG00000003433,FHIP2B,FAM160B2
3330,ENSFALG00000003434,PLEKHA3,PLEKHA3
3331,ENSFALG00000003434,PLEKHA3,PLEKHA3
3332,ENSFALG00000003435,USF1,ENSFALG00000003435
3333,ENSFALG00000003436,MNAT1,MNAT1
3334,ENSFALG00000003437,HDLBP,HDLBP
3335,ENSFALG00000003438,CDC16,CDC16
3336,ENSFALG00000003438,CDC16,CDC16
3337,ENSFALG00000003438,Upf3a,CDC16
3338,ENSFALG00000003439,PPP1R7,ENSFALG00000003439
3339,ENSFALG00000003440,Noxo1,NOXO1
3340,ENSFALG00000003441,SDHB,SDHB
3341,ENSFALG00000003442,CAPN9,CAPN9
3342,ENSFALG00000003444,Rgs4,RGS4
3343,ENSFALG00000003445,TRIM33,TRIM33
3344,ENSFALG00000003446,SIX4,SIX4
3345,ENSFALG00000003447,Kcnj10,KCNJ10
3346,ENSFALG00000003448,Gfer,GFER
3347,ENSFALG00000003449,PTCH1,PTCH1
3348,ENSFALG00000003449,PTCH1,PTCH1
3349,ENSFALG00000003450,PASK,PASK
3350,ENSFALG00000003451,SIX1,SIX1
3351,ENSFALG00000003453,TTN,ENSFALG00000003453
3352,ENSFALG00000003454,SYNGR3,SYNGR3
3353,ENSFALG00000003455,Six6,SIX6
3354,ENSFALG00000003456,C14orf39,ENSFALG00000003456
3355,ENSFALG00000003457,PPM1A,PPM1A
3356,ENSFALG00000003458,DHRS7,DHRS7
3357,ENSFALG00000003459,PCNX4,PCNX4
3358,ENSFALG00000003460,PRKCD,PRKCD
3359,ENSFALG00000003460,PRKCD,PRKCD
3360,ENSFALG00000003461,SYT6,SYT6
3361,ENSFALG00000003462,Rgs5,RGS5
3362,ENSFALG00000003463,ZNF598,ZNF598
3363,ENSFALG00000003465,RTN1,ENSFALG00000003465
3364,ENSFALG00000003466,Padi1,ENSFALG00000003466
3365,ENSFALG00000003467,Olfml3,OLFML3
3366,ENSFALG00000003468,SNED1,SNED1
3367,ENSFALG00000003469,Htatip2,HTATIP2
3368,ENSFALG00000003470,Ctu2,CTU2
3369,ENSFALG00000003471,Sept10,SEPTIN10
3370,ENSFALG00000003472,titin,ENSFALG00000003472
3371,ENSFALG00000003473,Slc9a3r2,SLC9A3R2
3372,ENSFALG00000003474,SELP,ENSFALG00000003474
3373,ENSFALG00000003475,HIPK1,HIPK1
3374,ENSFALG00000003476,JKAMP,JKAMP
3375,ENSFALG00000003477,CCDC141,ENSFALG00000003477
3376,ENSFALG00000003478,Dclre1b,DCLRE1B
3377,ENSFALG00000003479,L3HYPDH,L3HYPDH
3378,ENSFALG00000003480,SESTD1,SESTD1
3379,ENSFALG00000003481,KIT,KIT
3380,ENSFALG00000003481,KIT,KIT
3381,ENSFALG00000003482,NTHL1,NTHL1
3382,ENSFALG00000003483,ZNF385B,ZNF385B
3383,ENSFALG00000003484,MAB21L4,MAB21L4
3384,ENSFALG00000003485,RNF166,RNF166
3385,ENSFALG00000003486,Sh3rf3,SH3RF3
3386,ENSFALG00000003486,Sh3rf3,SH3RF3
3387,ENSFALG00000003487,AGXT,AGXT
3388,ENSFALG00000003488,RFT1,RFT1
3389,ENSFALG00000003489,Ap4b1,AP4B1
3390,ENSFALG00000003490,ATF6,ATF6
3391,ENSFALG00000003491,KIF1A,KIF1A
3392,ENSFALG00000003492,FANCC,FANCC
3393,ENSFALG00000003493,MVD,MVD
3394,ENSFALG00000003494,EDAR,EDAR
3395,ENSFALG00000003495,CWC22,CWC22
3396,ENSFALG00000003496,CYBA,CYBA
3397,ENSFALG00000003497,DAAM1,DAAM1
3398,ENSFALG00000003498,ILKAP,ILKAP
3399,ENSFALG00000003499,SFMBT1,SFMBT1
3400,ENSFALG00000003500,Ptpn22,ENSFALG00000003500
3401,ENSFALG00000003501,IL17C,IL17C
3402,ENSFALG00000003502,Erfe,ENSFALG00000003502
3403,ENSFALG00000003503,RSBN1,RSBN1
3404,ENSFALG00000003504,Padi2,PADI2
3405,ENSFALG00000003505,CUNH1orf198,C1orf198
3406,ENSFALG00000003506,KLHL30,KLHL30
3407,ENSFALG00000003507,CCDC138,CCDC138
3408,ENSFALG00000003508,TTC13,TTC13
3409,ENSFALG00000003509,Olfml2b,OLFML2B
3410,ENSFALG00000003510,PHTF1,PHTF1
3411,ENSFALG00000003511,FBXL12,FBXL12
3412,ENSFALG00000003512,AOPEP,AOPEP
3413,ENSFALG00000003513,Tsc2,TSC2
3414,ENSFALG00000003514,WDR33,ENSFALG00000003514
3415,ENSFALG00000003516,HSD17B7,HSD17B7
3416,ENSFALG00000003517,Tbc1d22b,TBC1D22B
3417,ENSFALG00000003518,FBP1,FBP1
3418,ENSFALG00000003519,RANBP2,RANBP2
3419,ENSFALG00000003520,UBE2E3,UBE2E3
3420,ENSFALG00000003521,WDR33,ENSFALG00000003521
3421,ENSFALG00000003522,TMEM110,ENSFALG00000003522
3422,ENSFALG00000003523,DDR2,DDR2
3423,ENSFALG00000003524,BRPF3,BRPF3
3424,ENSFALG00000003525,FBP2,FBP2
3425,ENSFALG00000003528,POLR2D,POLR2D
3426,ENSFALG00000003529,CTSL,ENSFALG00000003529
3427,ENSFALG00000003530,Mustn1,ENSFALG00000003530
3428,ENSFALG00000003532,ITIH4,ITIH4
3429,ENSFALG00000003533,Uap1,UAP1
3430,ENSFALG00000003534,DAPK1,DAPK1
3431,ENSFALG00000003535,DACT1,DACT1
3432,ENSFALG00000003536,ITGA4,ITGA4
3433,ENSFALG00000003537,MAPK13,MAPK13
3434,ENSFALG00000003538,AMMECR1L,AMMECR1L
3435,ENSFALG00000003539,IRAG2,ENSFALG00000003539
3436,ENSFALG00000003540,SAP130,SAP130
3437,ENSFALG00000003541,TUT7,TUT7
3438,ENSFALG00000003542,ZBTB17,ZBTB17
3439,ENSFALG00000003543,KIAA0586,KIAA0586
3440,ENSFALG00000003544,LIMS1,ENSFALG00000003544
3441,ENSFALG00000003546,UHMK1,UHMK1
3442,ENSFALG00000003547,UGGT1,UGGT1
3443,ENSFALG00000003548,GCC2,GCC2
3444,ENSFALG00000003549,HS6ST1,HS6ST1
3445,ENSFALG00000003550,NOS1AP,ENSFALG00000003550
3446,ENSFALG00000003551,Spen,SPEN
3447,ENSFALG00000003552,SPX,SPX
3448,ENSFALG00000003553,PLEKHB2,PLEKHB2
3449,ENSFALG00000003554,SULT1C3,SULT1C3
3450,ENSFALG00000003555,Isca1,ISCA1
3451,ENSFALG00000003556,Cerkl,CERKL
3452,ENSFALG00000003557,GYS2,GYS2
3453,ENSFALG00000003558,TIMM9,TIMM9
3454,ENSFALG00000003559,Fblim1,FBLIM1
3455,ENSFALG00000003560,GOLM1,GOLM1
3456,ENSFALG00000003561,ARID4A,ARID4A
3457,ENSFALG00000003562,Tedc1,TEDC1
3458,ENSFALG00000003562,Tedc1,TEDC1
3459,ENSFALG00000003563,MAPK14,MAPK14
3460,ENSFALG00000003564,TMEM82,TMEM82
3461,ENSFALG00000003565,LDHB,ENSFALG00000003565
3462,ENSFALG00000003566,Crip1,ENSFALG00000003566
3463,ENSFALG00000003567,FAM168B,FAM168B
3464,ENSFALG00000003569,Slc25a34,SLC25A34
3465,ENSFALG00000003570,PKD1,PKD1
3466,ENSFALG00000003571,ITPRID2,ITPRID2
3467,ENSFALG00000003572,KDR,KDR
3468,ENSFALG00000003572,KDR,KDR
3469,ENSFALG00000003573,PSMA3,PSMA3
3470,ENSFALG00000003574,NAA35,NAA35
3471,ENSFALG00000003575,PPP1R1C,PPP1R1C
3472,ENSFALG00000003576,RAB26,RAB26
3473,ENSFALG00000003577,CRIP2,CRIP2
3474,ENSFALG00000003578,ARHGEF4,ARHGEF4
3475,ENSFALG00000003579,SLC5A7,SLC5A7
3476,ENSFALG00000003580,KCNJ8,KCNJ8
3477,ENSFALG00000003581,PLEKHM2,PLEKHM2
3478,ENSFALG00000003582,TRAF7,TRAF7
3479,ENSFALG00000003583,ABCC9,ABCC9
3480,ENSFALG00000003584,ST6GAL2,ST6GAL2
3481,ENSFALG00000003585,SRPK1,SRPK1
3482,ENSFALG00000003586,PDE1A,PDE1A
3483,ENSFALG00000003587,Lhfpl5,LHFPL5
3484,ENSFALG00000003589,ACTR10,ACTR10
3485,ENSFALG00000003590,Caskin1,CASKIN1
3486,ENSFALG00000003591,Ppp1r10,ENSFALG00000003591
3487,ENSFALG00000003592,MTA1,MTA1
3488,ENSFALG00000003593,tmtops2,ENSFALG00000003593
3489,ENSFALG00000003594,CLPS,CLPS
3490,ENSFALG00000003596,KLHL6,KLHL6
3491,ENSFALG00000003597,Scara3,ENSFALG00000003597
3492,ENSFALG00000003598,UXS1,UXS1
3493,ENSFALG00000003599,PACS2,PACS2
3494,ENSFALG00000003600,FKBP5,FKBP5
3495,ENSFALG00000003601,CMAS,CMAS
3496,ENSFALG00000003602,Rsc1a1,RSC1A1
3497,ENSFALG00000003603,CCDC25,CCDC25
3498,ENSFALG00000003604,ECRG4,ECRG4
3499,ENSFALG00000003605,AGTPBP1,AGTPBP1
3500,ENSFALG00000003606,SEC22B,SEC22B
3501,ENSFALG00000003608,ARMH4,ARMH4
3502,ENSFALG00000003609,KLHL24,KLHL24
3503,ENSFALG00000003610,PBK,PBK
3504,ENSFALG00000003611,Rasef,RASEF
3505,ENSFALG00000003612,PRPF38A,ENSFALG00000003612
3506,ENSFALG00000003613,ECRG4,NCK2
3507,ENSFALG00000003614,SLC35F4,SLC35F4
3508,ENSFALG00000003615,SCARA5,SCARA5
3509,ENSFALG00000003616,Dnajc10,DNAJC10
3510,ENSFALG00000003617,DDOST,DDOST
3511,ENSFALG00000003618,FHL2,FHL2
3512,ENSFALG00000003619,MLST8,MLST8
3513,ENSFALG00000003621,TULP1,TULP1
3514,ENSFALG00000003623,C1H2orf49,C2orf49
3515,ENSFALG00000003624,CCDC198,ENSFALG00000003624
3516,ENSFALG00000003625,Kif17,ENSFALG00000003625
3517,ENSFALG00000003626,BRICD5,BRICD5
3518,ENSFALG00000003627,STMN4,STMN4
3519,ENSFALG00000003628,YEATS2,YEATS2
3520,ENSFALG00000003629,PIKFYVE,PIKFYVE
3521,ENSFALG00000003630,SRD5A3,SRD5A3
3522,ENSFALG00000003631,NAA30,NAA30
3523,ENSFALG00000003632,E4F1,E4F1
3524,ENSFALG00000003633,SH2D5,SH2D5
3525,ENSFALG00000003634,TGFBRAP1,TGFBRAP1
3526,ENSFALG00000003635,TEAD3,TEAD3
3527,ENSFALG00000003636,TMEM165,TMEM165
3528,ENSFALG00000003637,Zdhhc4,ZDHHC4
3529,ENSFALG00000003638,PARL,ENSFALG00000003638
3530,ENSFALG00000003639,SMPD2,SMPD2
3531,ENSFALG00000003640,IDH1,IDH1
3532,ENSFALG00000003641,Grid2ip,ENSFALG00000003641
3533,ENSFALG00000003642,TMEM52B,TMEM52B
3534,ENSFALG00000003643,TRIM35,TRIM35
3535,ENSFALG00000003644,NOTCH2,NOTCH2
3536,ENSFALG00000003645,SLC5A11,SLC5A11
3537,ENSFALG00000003647,MRPS9,MRPS9
3538,ENSFALG00000003648,GABARAPL1,GABARAPL1
3539,ENSFALG00000003649,HP1BP3,HP1BP3
3540,ENSFALG00000003650,SGO2,ENSFALG00000003650
3541,ENSFALG00000003651,AP5M1,AP5M1
3542,ENSFALG00000003653,MICAL1,MICAL1
3543,ENSFALG00000003654,STYK1,STYK1
3544,ENSFALG00000003655,ARHGAP17,ENSFALG00000003655
3545,ENSFALG00000003656,DRC1,DRC1
3546,ENSFALG00000003657,DUSP28,DUSP28
3547,ENSFALG00000003658,NBEAL1,NBEAL1
3548,ENSFALG00000003659,NMU,NMU
3549,ENSFALG00000003659,NMU,NMU
3550,ENSFALG00000003660,LCMT1,LCMT1
3551,ENSFALG00000003661,Ybx3,YBX3
3552,ENSFALG00000003662,EXOC1L,EXOC1L
3553,ENSFALG00000003663,EXOC1,EXOC1
3554,ENSFALG00000003664,AQP8,AQP8
3555,ENSFALG00000003665,TMEM182,TMEM182
3556,ENSFALG00000003666,Gpc1,GPC1
3557,ENSFALG00000003666,Gpc1,GPC1
3558,ENSFALG00000003667,CEP135,CEP135
3559,ENSFALG00000003668,TRIM24,TRIM24
3560,ENSFALG00000003669,Aada,ENSFALG00000003669
3561,ENSFALG00000003670,MFSD9,MFSD9
3562,ENSFALG00000003671,AKR1D1,AKR1D1
3563,ENSFALG00000003673,SLC9A2,SLC9A2
3564,ENSFALG00000003675,CRACD,KIAA1211
3565,ENSFALG00000003676,EIF4G3,EIF4G3
3566,ENSFALG00000003677,FANCE,FANCE
3567,ENSFALG00000003678,CYP20A1,CYP20A1
3568,ENSFALG00000003679,SLC9A4,SLC9A4
3569,ENSFALG00000003680,EXOC5,EXOC5
3570,ENSFALG00000003680,EXOC5,EXOC5
3571,ENSFALG00000003682,Recql4,ENSFALG00000003682
3572,ENSFALG00000003684,KDM7A,KDM7A
3573,ENSFALG00000003685,MKRN1,ENSFALG00000003685
3574,ENSFALG00000003686,AASDH,AASDH
3575,ENSFALG00000003687,IL18RAP,IL18RAP
3576,ENSFALG00000003688,PTK2B,PTK2B
3577,ENSFALG00000003689,PPARD,PPARD
3578,ENSFALG00000003690,LRRC14,ENSFALG00000003690
3579,ENSFALG00000003691,PRKCB,PRKCB
3580,ENSFALG00000003692,IL18R1,IL18R1
3581,ENSFALG00000003693,PPAT,PPAT
3582,ENSFALG00000003694,DEF6,DEF6
3583,ENSFALG00000003695,SLC37A3,ENSFALG00000003695
3584,ENSFALG00000003697,PAICS,PAICS
3585,ENSFALG00000003698,ZNF76,ZNF76
3586,ENSFALG00000003699,Lonrf1,LONRF1
3587,ENSFALG00000003700,IL1RL1,IL1RL1
3588,ENSFALG00000003701,Rpl10a,RPL10A
3589,ENSFALG00000003703,ECE1,ECE1
3590,ENSFALG00000003704,TRMT9B,TRMT9B
3591,ENSFALG00000003705,ABI2,ABI2
3592,ENSFALG00000003706,SCUBE3,SCUBE3
3593,ENSFALG00000003707,Il1rl2,ENSFALG00000003707
3594,ENSFALG00000003708,Otx2,OTX2
3595,ENSFALG00000003709,Rab19,RAB19
3596,ENSFALG00000003710,ALPL,ALPL
3597,ENSFALG00000003711,ANKS1A,ANKS1A
3598,ENSFALG00000003712,RAP1GAP,ENSFALG00000003712
3599,ENSFALG00000003713,RAPH1,RAPH1
3600,ENSFALG00000003714,DLC1,DLC1
3601,ENSFALG00000003715,TMEM260,TMEM260
3602,ENSFALG00000003716,IL1R1,ENSFALG00000003716
3603,ENSFALG00000003717,MKRN1,MKRN1
3604,ENSFALG00000003718,CD28,CD28
3605,ENSFALG00000003719,PELI2,PELI2
3606,ENSFALG00000003720,RAP1GAP,RAP1GAP
3607,ENSFALG00000003721,Reg4,REG4
3608,ENSFALG00000003722,BLTP3A,UHRF1BP1
3609,ENSFALG00000003723,IL1R2,IL1R2
3610,ENSFALG00000003724,DLC1,ENSFALG00000003724
3611,ENSFALG00000003725,KTN1,KTN1
3612,ENSFALG00000003726,USP48,USP48
3613,ENSFALG00000003727,PSUG,ENSFALG00000003727
3614,ENSFALG00000003728,HTATSF1,HTATSF1
3615,ENSFALG00000003728,HTATSF1,HTATSF1
3616,ENSFALG00000003729,CTLA4,CTLA4
3617,ENSFALG00000003730,HMGCS2,HMGCS2
3618,ENSFALG00000003731,CHRNA2,CHRNA2
3619,ENSFALG00000003732,SGCZ,SGCZ
3620,ENSFALG00000003732,SGCZ,SGCZ
3621,ENSFALG00000003733,PHGDH,PHGDH
3622,ENSFALG00000003734,DENND2A,DENND2A
3623,ENSFALG00000003735,TBPL2,TBPL2
3624,ENSFALG00000003736,ATG14,ATG14
3625,ENSFALG00000003738,CACNG3,CACNG3
3626,ENSFALG00000003739,ADCK2,ADCK2
3627,ENSFALG00000003740,VGLL1,VGLL1
3628,ENSFALG00000003741,Taf11,ENSFALG00000003741
3629,ENSFALG00000003742,Fbxo34,FBXO34
3630,ENSFALG00000003742,Fbxo34,FBXO34
3631,ENSFALG00000003743,ICOS,ENSFALG00000003743
3632,ENSFALG00000003743,ICOS,ENSFALG00000003743
3633,ENSFALG00000003744,EPHX2,EPHX2
3634,ENSFALG00000003745,PALB2,ENSFALG00000003745
3635,ENSFALG00000003745,PALB2,ENSFALG00000003745
3636,ENSFALG00000003746,CD40LG,CD40LG
3637,ENSFALG00000003747,Pard3b,ENSFALG00000003747
3638,ENSFALG00000003748,HSPG2,HSPG2
3639,ENSFALG00000003749,PARD3B,ENSFALG00000003749
3640,ENSFALG00000003750,RBBP6,RBBP6
3641,ENSFALG00000003751,MAP4K4,MAP4K4
3642,ENSFALG00000003753,ARHGEF6,ARHGEF6
3643,ENSFALG00000003754,DLGAP5,DLGAP5
3644,ENSFALG00000003755,PDE4DIP,PDE4DIP
3645,ENSFALG00000003756,SNRPC,SNRPC
3646,ENSFALG00000003757,TNRC6A,TNRC6A
3647,ENSFALG00000003758,NDUFB2,NDUFB2
3648,ENSFALG00000003759,RBMX,ENSFALG00000003759
3649,ENSFALG00000003761,BRAF,BRAF
3650,ENSFALG00000003762,Impg2,ENSFALG00000003762
3651,ENSFALG00000003763,ILRUN,ILRUN
3652,ENSFALG00000003764,NDUFAB1,NDUFAB1
3653,ENSFALG00000003766,Gulo,ENSFALG00000003766
3654,ENSFALG00000003767,SSBP1,ENSFALG00000003767
3655,ENSFALG00000003769,PALB2,ENSFALG00000003769
3656,ENSFALG00000003770,SPDEF,SPDEF
3657,ENSFALG00000003771,LGALS3,LGALS3
3658,ENSFALG00000003772,ZIC3,ZIC3
3659,ENSFALG00000003773,PACSIN1,PACSIN1
3660,ENSFALG00000003774,MAPK1IP1L,MAPK1IP1L
3661,ENSFALG00000003775,Dctn5,DCTN5
3662,ENSFALG00000003776,WDHD1,WDHD1
3663,ENSFALG00000003777,RPS10,RPS10
3664,ENSFALG00000003778,PLK1,PLK1
3665,ENSFALG00000003779,GCH1,GCH1
3666,ENSFALG00000003780,FGF13,FGF13
3667,ENSFALG00000003780,FGF13,FGF13
3668,ENSFALG00000003781,WEE2,WEE2
3669,ENSFALG00000003782,RFX8,ENSFALG00000003782
3670,ENSFALG00000003783,PRKAB2,PRKAB2
3671,ENSFALG00000003784,DENND11,DENND11
3672,ENSFALG00000003785,CREG2,CREG2
3673,ENSFALG00000003786,CAC3,ENSFALG00000003786
3674,ENSFALG00000003787,SAMD4A,SAMD4A
3675,ENSFALG00000003788,NUDT3,NUDT3
3676,ENSFALG00000003789,NRP2,NRP2
3677,ENSFALG00000003789,NRP2,NRP2
3678,ENSFALG00000003790,ERN2,ERN2
3679,ENSFALG00000003791,Fmo5,FMO5
3680,ENSFALG00000003792,F9,F9
3681,ENSFALG00000003793,RNF149,RNF149
3682,ENSFALG00000003794,AGK,AGK
3683,ENSFALG00000003795,Hmga1,HMGA1
3684,ENSFALG00000003796,PLPP6,PLPP6
3685,ENSFALG00000003797,TMEM178B,ENSFALG00000003797
3686,ENSFALG00000003798,Fam78b,FAM78B
3687,ENSFALG00000003799,MRPS33,MRPS33
3688,ENSFALG00000003800,Acrbp,ENSFALG00000003800
3689,ENSFALG00000003801,Ervk9,ENSFALG00000003801
3690,ENSFALG00000003802,CNOT11,CNOT11
3691,ENSFALG00000003803,Ddx11,DDX11
3692,ENSFALG00000003804,PRDX6,PRDX6
3693,ENSFALG00000003805,TMEM269,TMEM269
3694,ENSFALG00000003806,CGRRF1,CGRRF1
3695,ENSFALG00000003808,GMFB,GMFB
3696,ENSFALG00000003809,TRIM62,TRIM62
3697,ENSFALG00000003810,MCF2,MCF2
3698,ENSFALG00000003811,TBC1D8,TBC1D8
3699,ENSFALG00000003812,CNIH1,CNIH1
3700,ENSFALG00000003813,Ubfd1,UBFD1
3701,ENSFALG00000003814,RPL31,ENSFALG00000003814
3702,ENSFALG00000003815,Tada1,TADA1
3703,ENSFALG00000003816,Grm4,GRM4
3704,ENSFALG00000003817,ATP11C,ATP11C
3705,ENSFALG00000003818,Washc1,WASHC1
3706,ENSFALG00000003818,Washc1,WASHC1
3707,ENSFALG00000003819,ZNF362,ZNF362
3708,ENSFALG00000003820,CDKN3,CDKN3
3709,ENSFALG00000003821,BMP4,BMP4
3710,ENSFALG00000003822,Ugt1a8,ENSFALG00000003822
3711,ENSFALG00000003823,PHC2,PHC2
3712,ENSFALG00000003825,Trmt12,TRMT12
3713,ENSFALG00000003825,Trmt12,TRMT12
3714,ENSFALG00000003826,USP40,USP40
3715,ENSFALG00000003827,NPAS2,NPAS2
3716,ENSFALG00000003828,Ears2,EARS2
3717,ENSFALG00000003829,Arl13a,ARL13A
3718,ENSFALG00000003830,IQSEC3,IQSEC3
3719,ENSFALG00000003831,TRAF3IP1,TRAF3IP1
3720,ENSFALG00000003832,SLC2A1,SLC2A1
3721,ENSFALG00000003833,Xkrx,ENSFALG00000003833
3722,ENSFALG00000003834,Ddhd1,DDHD1
3723,ENSFALG00000003835,ZMYND12,ZMYND12
3724,ENSFALG00000003836,Asb1,ASB1
3725,ENSFALG00000003837,Ppcs,PPCS
3726,ENSFALG00000003838,INO80D,INO80D
3727,ENSFALG00000003839,HDAC4,HDAC4
3728,ENSFALG00000003840,CCDC30,ENSFALG00000003840
3729,ENSFALG00000003841,MPV17L,ENSFALG00000003841
3730,ENSFALG00000003842,NOX1,NOX1
3731,ENSFALG00000003843,Pra1,ENSFALG00000003843
3732,ENSFALG00000003844,GUCA2B,ENSFALG00000003844
3733,ENSFALG00000003845,PDXDC1,PDXDC1
3734,ENSFALG00000003846,SLC6A1,ENSFALG00000003846
3735,ENSFALG00000003847,FERMT2,FERMT2
3736,ENSFALG00000003849,NDUFS1,NDUFS1
3737,ENSFALG00000003850,Pdcl3,PDCL3
3738,ENSFALG00000003851,TMRA,ENSFALG00000003851
3739,ENSFALG00000003852,Ntan1,NTAN1
3740,ENSFALG00000003853,Gnpnat1,GNPNAT1
3741,ENSFALG00000003854,NDUFA10,NDUFA10
3742,ENSFALG00000003855,ARFGAP3,ARFGAP3
3743,ENSFALG00000003856,Mln,MLN
3744,ENSFALG00000003857,DNAI7,ENSFALG00000003857
3745,ENSFALG00000003858,LEMD2,LEMD2
3746,ENSFALG00000003859,CSTF2,CSTF2
3747,ENSFALG00000003860,NMS,ENSFALG00000003860
3748,ENSFALG00000003861,ETFRF1,ETFRF1
3749,ENSFALG00000003862,RRN3,RRN3
3750,ENSFALG00000003863,STYX,STYX
3751,ENSFALG00000003864,CHST10,CHST10
3752,ENSFALG00000003865,IP6K3,IP6K3
3753,ENSFALG00000003866,SPTBN4,SPTBN4
3754,ENSFALG00000003867,KRAS,KRAS
3755,ENSFALG00000003868,Lonrf2,LONRF2
3756,ENSFALG00000003869,Rsl1d1,RSL1D1
3757,ENSFALG00000003870,AHR2,ENSFALG00000003870
3758,ENSFALG00000003871,Uqcc2,ENSFALG00000003871
3759,ENSFALG00000003872,Aff3,ENSFALG00000003872
3760,ENSFALG00000003873,Psmc6,PSMC6
3761,ENSFALG00000003874,Rassf8,RASSF8
3762,ENSFALG00000003875,SYTL4,SYTL4
3763,ENSFALG00000003877,Bhlhe41,BHLHE41
3764,ENSFALG00000003878,Aff3,ENSFALG00000003878
3765,ENSFALG00000003879,EEF1B2,EEF1B2
3766,ENSFALG00000003880,GSPT1,GSPT1
3767,ENSFALG00000003881,ERO1A,ERO1A
3768,ENSFALG00000003882,SSPN,SSPN
3769,ENSFALG00000003883,SRPX2,SRPX2
3770,ENSFALG00000003884,Itpr3,ITPR3
3771,ENSFALG00000003885,GPR137C,GPR137C
3772,ENSFALG00000003886,TNFRSF17,TNFRSF17
3773,ENSFALG00000003886,TNFRSF17,TNFRSF17
3774,ENSFALG00000003887,ITPR2,ITPR2
3775,ENSFALG00000003888,SNX29,SNX29
3776,ENSFALG00000003889,SLC6A13,SLC6A12
3777,ENSFALG00000003890,REV1,REV1
3778,ENSFALG00000003891,ZDBF2,ENSFALG00000003891
3779,ENSFALG00000003891,Zdbf2,ENSFALG00000003891
3780,ENSFALG00000003892,TXNDC16,TXNDC16
3781,ENSFALG00000003893,TSPAN6,TSPAN6
3782,ENSFALG00000003895,CPPED1,ENSFALG00000003895
3783,ENSFALG00000003896,SHISA9,SHISA9
3784,ENSFALG00000003897,BAK1,BAK1
3785,ENSFALG00000003898,COL18A1,COL18A1
3786,ENSFALG00000003899,ERCC4,ERCC4
3787,ENSFALG00000003900,SLC6A13,SLC6A13
3788,ENSFALG00000003901,DAG1,ENSFALG00000003901
3789,ENSFALG00000003903,TSPO2,TSPO2
3790,ENSFALG00000003904,MRTFB,MRTFB
3791,ENSFALG00000003905,PTGER2,PTGER2
3792,ENSFALG00000003907,KDM5A,KDM5A
3793,ENSFALG00000003908,PTGDR,ENSFALG00000003908
3794,ENSFALG00000003909,Ints13,INTS13
3795,ENSFALG00000003910,APOBEC2,APOBEC2
3796,ENSFALG00000003911,PARN,PARN
3797,ENSFALG00000003912,TNMD,TNMD
3798,ENSFALG00000003913,ADAM23,ADAM23
3799,ENSFALG00000003914,CCDC77,CCDC77
3800,ENSFALG00000003915,NID2,NID2
3801,ENSFALG00000003916,Oard1,OARD1
3802,ENSFALG00000003917,FGFR1OP2,FGFR1OP2
3803,ENSFALG00000003918,B4GALNT3,B4GALNT3
3804,ENSFALG00000003919,BFAR,BFAR
3805,ENSFALG00000003920,Eif5b,ENSFALG00000003920
3806,ENSFALG00000003921,Gypc,GYPC
3807,ENSFALG00000003922,PCDH19,PCDH19
3808,ENSFALG00000003923,NINJ2,NINJ2
3809,ENSFALG00000003924,BIN1,BIN1
3810,ENSFALG00000003926,TM7SF3,TM7SF3
3811,ENSFALG00000003927,TXNDC9,TXNDC9
3812,ENSFALG00000003928,CYP27C1,CYP27C1
3813,ENSFALG00000003929,PLA2G10,ENSFALG00000003929
3814,ENSFALG00000003930,MED21,MED21
3815,ENSFALG00000003931,ZC3H7A,ZC3H7A
3816,ENSFALG00000003933,STK38L,STK38L
3817,ENSFALG00000003934,DIAPH2,DIAPH2
3818,ENSFALG00000003935,TXNDC11,TXNDC11
3819,ENSFALG00000003936,ERCC3,ERCC3
3820,ENSFALG00000003937,MRPL30,ENSFALG00000003937
3821,ENSFALG00000003938,LITAF,LITAF
3822,ENSFALG00000003939,WNK1,WNK1
3823,ENSFALG00000003940,MITD1,MITD1
3824,ENSFALG00000003941,Yp015,ENSFALG00000003941
3825,ENSFALG00000003942,BMAL2,ARNTL2
3826,ENSFALG00000003943,RMI2,RMI2
3827,ENSFALG00000003944,LIPT1,LIPT1
3828,ENSFALG00000003945,SLC19A1,SLC19A1
3829,ENSFALG00000003946,CLEC16A,CLEC16A
3830,ENSFALG00000003947,CRACDL,KIAA1211L
3831,ENSFALG00000003947,CRACDL,KIAA1211L
3832,ENSFALG00000003948,FAM237A,FAM237A
3833,ENSFALG00000003949,PCBP3,ENSFALG00000003949
3834,ENSFALG00000003950,DYTN,ENSFALG00000003950
3835,ENSFALG00000003952,DYTN,DYTN
3836,ENSFALG00000003953,MAP3K2,MAP3K2
3837,ENSFALG00000003954,PCDH11X,ENSFALG00000003954
3838,ENSFALG00000003955,PPFIBP1,PPFIBP1
3839,ENSFALG00000003956,Ciita,ENSFALG00000003956
3840,ENSFALG00000003957,MDH1B,MDH1B
3841,ENSFALG00000003958,Ciita,ENSFALG00000003958
3842,ENSFALG00000003959,CYB5R3,CYB5R3
3843,ENSFALG00000003960,MGAT4A,MGAT4A
3844,ENSFALG00000003960,MGAT4A,MGAT4A
3845,ENSFALG00000003961,RAD52,RAD52
3846,ENSFALG00000003962,Endoua,ENSFALG00000003962
3847,ENSFALG00000003963,PECR,PECR
3848,ENSFALG00000003963,PECR,PECR
3849,ENSFALG00000003964,FASTKD2,FASTKD2
3850,ENSFALG00000003965,TVP23A,TVP23A
3851,ENSFALG00000003967,COL6A1,COL6A1
3852,ENSFALG00000003968,KLHL4,KLHL4
3853,ENSFALG00000003969,Nubp1a,NUBP1
3854,ENSFALG00000003970,TMEM169,TMEM169
3855,ENSFALG00000003971,EMP2,EMP2
3856,ENSFALG00000003972,XRCC5,XRCC5
3857,ENSFALG00000003974,UNC50,UNC50
3858,ENSFALG00000003975,Erc1,ERC1
3859,ENSFALG00000003976,MARCHF4,MARCH4
3860,ENSFALG00000003977,COA5,COA5
3861,ENSFALG00000003978,GRIN2A,GRIN2A
3862,ENSFALG00000003979,INPP4A,INPP4A
3863,ENSFALG00000003980,CPO,CPO
3864,ENSFALG00000003981,SMARCAL1,SMARCAL1
3865,ENSFALG00000003982,Rpl37a,RPL37A
3866,ENSFALG00000003983,Igfbp2,IGFBP2
3867,ENSFALG00000003984,Igfbp5,IGFBP5
3868,ENSFALG00000003985,TNS1,TNS1
3869,ENSFALG00000003986,TMEM131,TMEM131
3870,ENSFALG00000003987,DACH2,DACH2
3871,ENSFALG00000003988,CNOT9,CNOT9
3872,ENSFALG00000003988,CNOT9,CNOT9
3873,ENSFALG00000003989,KLF7,KLF7
3874,ENSFALG00000003991,COL6A2,COL6A2
3875,ENSFALG00000003992,RUFY4,RUFY4
3876,ENSFALG00000003993,WNT5B,WNT5B
3877,ENSFALG00000003994,CHM,ENSFALG00000003994
3878,ENSFALG00000003995,USP7,USP7
3879,ENSFALG00000003996,CREB1,CREB1
3880,ENSFALG00000003997,POF1B,POF1B
3881,ENSFALG00000003998,LITAFD,ENSFALG00000003998
3882,ENSFALG00000003999,ARPC2,ARPC2
3883,ENSFALG00000004000,Carhsp1,CARHSP1
3884,ENSFALG00000004001,ADIPOR2,ADIPOR2
3885,ENSFALG00000004002,PMM2,PMM2
3886,ENSFALG00000004003,METTL21A,METTL21A
3887,ENSFALG00000004004,VWA3B,VWA3B
3888,ENSFALG00000004005,ZNF711,ZNF711
3889,ENSFALG00000004006,ABAT,ABAT
3890,ENSFALG00000004007,Cops9,ENSFALG00000004007
3891,ENSFALG00000004008,Adipoq,ADIPOQ
3892,ENSFALG00000004009,Ccnyl1b,CCNYL1
3893,ENSFALG00000004011,METTL22,METTL22
3894,ENSFALG00000004012,ST6GAL1,ST6GAL1
3895,ENSFALG00000004013,FTCD,FTCD
3896,ENSFALG00000004014,Cng1,ENSFALG00000004014
3897,ENSFALG00000004014,CNGA3,ENSFALG00000004014
3898,ENSFALG00000004015,Aamp,AAMP
3899,ENSFALG00000004016,APOOL,APOOL
3900,ENSFALG00000004017,Tmem114,TMEM114
3901,ENSFALG00000004018,tmtopn3.S,ENSFALG00000004018
3902,ENSFALG00000004019,UBE3A,UBE3A
3903,ENSFALG00000004020,PLEKHM3,PLEKHM3
3904,ENSFALG00000004021,ATP10A,ATP10A
3905,ENSFALG00000004023,CARF,CARF
3906,ENSFALG00000004024,Mcm3ap,MCM3AP
3907,ENSFALG00000004025,GABRB3,GABRB3
3908,ENSFALG00000004027,RBFOX1,RBFOX1
3909,ENSFALG00000004028,PNKD,PNKD
3910,ENSFALG00000004030,GABRA5,GABRA5
3911,ENSFALG00000004032,WDR12,WDR12
3912,ENSFALG00000004033,GPR35,ENSFALG00000004033
3913,ENSFALG00000004034,SHISA6,SHISA6
3914,ENSFALG00000004035,GABRG3,GABRG3
3915,ENSFALG00000004035,Gabrg3,GABRG3
3916,ENSFALG00000004036,Fam117b,FAM117B
3917,ENSFALG00000004037,ITM2C,ITM2C
3918,ENSFALG00000004038,CATIP,CATIP
3919,ENSFALG00000004040,IL20RB,IL20RB
3920,ENSFALG00000004041,SLC11A1,SLC11A1
3921,ENSFALG00000004042,GSG1L,ENSFALG00000004042
3922,ENSFALG00000004043,CAB39,CAB39
3923,ENSFALG00000004044,OCA2,OCA2
3924,ENSFALG00000004045,Hes6,ENSFALG00000004045
3925,ENSFALG00000004046,Ctdsp1,CTDSP1
3926,ENSFALG00000004047,BMPR2,BMPR2
3927,ENSFALG00000004048,KATNIP,KIAA0556
3928,ENSFALG00000004049,YBEY,YBEY
3929,ENSFALG00000004050,HDX,HDX
3930,ENSFALG00000004051,RPS6KA6,RPS6KA6
3931,ENSFALG00000004052,NOP58,NOP58
3932,ENSFALG00000004053,GTF3C1,GTF3C1
3933,ENSFALG00000004055,Pofut2,POFUT2
3934,ENSFALG00000004056,HERC2,HERC2
3935,ENSFALG00000004057,Per2,PER2
3936,ENSFALG00000004058,POLR3K,POLR3K
3937,ENSFALG00000004059,SUMO1,SUMO1
3938,ENSFALG00000004060,Slc9a2,ENSFALG00000004060
3939,ENSFALG00000004061,Vil1,VIL1
3940,ENSFALG00000004062,Snrnp25,ENSFALG00000004062
3941,ENSFALG00000004063,Nipa1,NIPA1
3942,ENSFALG00000004064,Rhbdf1,RHBDF1
3943,ENSFALG00000004065,Arx,ARX
3944,ENSFALG00000004066,Cdk15,CDK15
3945,ENSFALG00000004067,NIPA2,NIPA2
3946,ENSFALG00000004068,SH3BGRL,SH3BGRL
3947,ENSFALG00000004069,HMGN5,ENSFALG00000004069
3948,ENSFALG00000004070,CYFIP1,CYFIP1
3949,ENSFALG00000004071,BRWD3,BRWD3
3950,ENSFALG00000004072,USP37,USP37
3951,ENSFALG00000004073,VAMP2,ENSFALG00000004073
3952,ENSFALG00000004074,MPG,MPG
3953,ENSFALG00000004075,ALS2,ALS2
3954,ENSFALG00000004076,Chmp1b,CHMP1B
3955,ENSFALG00000004078,NPRL3,NPRL3
3956,ENSFALG00000004079,TUBGCP5,TUBGCP5
3957,ENSFALG00000004080,POLA1,POLA1
3958,ENSFALG00000004081,PIK3CB,PIK3CB
3959,ENSFALG00000004082,TBX22,TBX22
3960,ENSFALG00000004083,Hbpi,HBZ
3961,ENSFALG00000004084,PLCD4,PLCD4
3962,ENSFALG00000004086,ITM2A,ITM2A
3963,ENSFALG00000004087,HBB,ENSFALG00000004087
3964,ENSFALG00000004088,MRPS22,MRPS22
3965,ENSFALG00000004089,MPP4,MPP4
3966,ENSFALG00000004090,P2RY10,ENSFALG00000004090
3967,ENSFALG00000004091,Hbaa,ENSFALG00000004091
3968,ENSFALG00000004093,CHST7,CHST7
3969,ENSFALG00000004094,COPB2,COPB2
3970,ENSFALG00000004095,SLC9A7,SLC9A7
3971,ENSFALG00000004096,NALF2,FAM155B
3972,ENSFALG00000004096,Fam155b,FAM155B
3973,ENSFALG00000004097,RBP2,RBP2
3974,ENSFALG00000004098,PGAP6,TMEM8A
3975,ENSFALG00000004099,ZNF142,ZNF142
3976,ENSFALG00000004100,Rp2,RP2
3977,ENSFALG00000004102,RBP1,RBP1
3978,ENSFALG00000004103,MRPL28,MRPL28
3979,ENSFALG00000004104,TAF9B,TAF9
3980,ENSFALG00000004105,Jade3,JADE3
3981,ENSFALG00000004106,BCS1L,BCS1L
3982,ENSFALG00000004107,NMNAT3,NMNAT3
3983,ENSFALG00000004108,KIF4A,KIF4A
3984,ENSFALG00000004109,TMEM237,TMEM237
3985,ENSFALG00000004110,AXIN1,AXIN1
3986,ENSFALG00000004111,JADE3,RGN
3987,ENSFALG00000004112,RNF25,RNF25
3988,ENSFALG00000004113,Pdzd11,PDZD11
3989,ENSFALG00000004114,PCYT1B,PCYT1B
3990,ENSFALG00000004115,PDK3,PDK3
3991,ENSFALG00000004116,STRADB,STRADB
3992,ENSFALG00000004117,RAB41,RAB41
3993,ENSFALG00000004118,Stk36,STK36
3994,ENSFALG00000004119,CLSTN2,CLSTN2
3995,ENSFALG00000004120,SLC51A,ENSFALG00000004120
3996,ENSFALG00000004121,Pdia2,PDIA2
3997,ENSFALG00000004122,TRAK2,TRAK2
3998,ENSFALG00000004124,CASP8,CASP8
3999,ENSFALG00000004125,Arhgdig,ARHGDIG
4000,ENSFALG00000004126,PLCXD1,PLCXD1
4001,ENSFALG00000004127,ZFX,ENSFALG00000004127
4002,ENSFALG00000004129,ARR3,ARR3
4003,ENSFALG00000004130,RGS11,RGS11
4004,ENSFALG00000004131,EIF2S3,ENSFALG00000004131
4005,ENSFALG00000004132,CASP10,CASP10
4006,ENSFALG00000004134,FAM234A,FAM234A
4007,ENSFALG00000004135,TTLL4,TTLL4
4008,ENSFALG00000004136,CFLAR,CFLAR
4009,ENSFALG00000004137,STAG2,ENSFALG00000004137
4010,ENSFALG00000004139,KLHL15,KLHL15
4011,ENSFALG00000004140,NDUFB3,NDUFB3
4012,ENSFALG00000004141,APOO,APOO
4013,ENSFALG00000004142,PPP2R3B,ENSFALG00000004142
4014,ENSFALG00000004143,PRKAG3,PRKAG3
4015,ENSFALG00000004144,HYCC2,FAM126B
4016,ENSFALG00000004145,SAT1,SAT1
4017,ENSFALG00000004146,LUC7L,LUC7L
4018,ENSFALG00000004147,Orc2,ORC2
4019,ENSFALG00000004148,Shox,SHOX
4020,ENSFALG00000004149,NIF3L1,NIF3L1
4021,ENSFALG00000004150,CRLF2,CRLF2
4022,ENSFALG00000004151,PERCC1,ENSFALG00000004151
4023,ENSFALG00000004152,Cyp27a1,CYP27A1
4024,ENSFALG00000004153,Inppl1a,ENSFALG00000004153
4025,ENSFALG00000004154,ACOT9,ACOT9
4026,ENSFALG00000004154,ACOT9,ACOT9
4027,ENSFALG00000004156,Csf2ra,ENSFALG00000004156
4028,ENSFALG00000004156,Csf2ra,ENSFALG00000004156
4029,ENSFALG00000004157,PPIL3,ENSFALG00000004157
4030,ENSFALG00000004159,WNT6,WNT6
4031,ENSFALG00000004160,Slc25a6,ENSFALG00000004160
4032,ENSFALG00000004160,Slc25a6,ENSFALG00000004160
4033,ENSFALG00000004161,BZW1,BZW1
4034,ENSFALG00000004162,Prdx4,PRDX4
4035,ENSFALG00000004163,ASMTL,ASMTL
4036,ENSFALG00000004164,WNT10A,WNT10A
4037,ENSFALG00000004165,Akap17a,AKAP17A
4038,ENSFALG00000004166,Fev,FEV
4039,ENSFALG00000004167,CRYBA2,CRYBA2
4040,ENSFALG00000004168,CLCN7,CLCN7
4041,ENSFALG00000004168,CLCN7,CLCN7
4042,ENSFALG00000004169,CFAP65,CFAP65
4043,ENSFALG00000004171,Asmt,ASMT
4044,ENSFALG00000004172,PTCHD1,PTCHD1
4045,ENSFALG00000004174,PHEX,PHEX
4046,ENSFALG00000004175,IHH,IHH
4047,ENSFALG00000004177,NHEJ1,NHEJ1
4048,ENSFALG00000004178,SMS,SMS
4049,ENSFALG00000004179,AOX1,AOX1
4050,ENSFALG00000004180,IGBP1,ENSFALG00000004180
4051,ENSFALG00000004181,SLC23A3,SLC23A3
4052,ENSFALG00000004182,DHRSX,DHRSX
4053,ENSFALG00000004183,MBTPS2,MBTPS2
4054,ENSFALG00000004184,CD99,CD99
4055,ENSFALG00000004185,Wnt11b2,ENSFALG00000004185
4056,ENSFALG00000004186,CNPPD1,CNPPD1
4057,ENSFALG00000004187,XG,ENSFALG00000004187
4058,ENSFALG00000004188,GYG2,GYG2
4059,ENSFALG00000004189,SMPX,SMPX
4060,ENSFALG00000004190,Lrrc32,ENSFALG00000004190
4061,ENSFALG00000004191,ARSD,ENSFALG00000004191
4062,ENSFALG00000004192,Klhl34,KLHL34
4063,ENSFALG00000004193,Eda,EDA
4064,ENSFALG00000004195,RETREG2,ENSFALG00000004195
4065,ENSFALG00000004197,CNKSR2,CNKSR2
4066,ENSFALG00000004198,EFNB1,EFNB1
4067,ENSFALG00000004199,ZFAND2B,ZFAND2B
4068,ENSFALG00000004200,ARSD,ENSFALG00000004200
4069,ENSFALG00000004200,ARSD,ENSFALG00000004200
4070,ENSFALG00000004201,ABCB6,ABCB6
4071,ENSFALG00000004202,ECI1,ECI1
4072,ENSFALG00000004203,RPS6KA3,RPS6KA3
4073,ENSFALG00000004205,ATG9A,ENSFALG00000004205
4074,ENSFALG00000004206,STARD8,STARD8
4075,ENSFALG00000004207,EIF1AX,ENSFALG00000004207
4076,ENSFALG00000004208,SMARCA4,SMARCA4
4077,ENSFALG00000004209,Dnase1l2,DNASE1L2
4078,ENSFALG00000004210,Yipf6,YIPF6
4079,ENSFALG00000004211,TNFSF13B,TNFSF13B
4080,ENSFALG00000004212,MAP7D2,MAP7D2
4081,ENSFALG00000004213,ABHD13,ABHD13
4082,ENSFALG00000004214,LIG4,LIG4
4083,ENSFALG00000004215,NALF1,ENSFALG00000004215
4084,ENSFALG00000004216,BCLAF3,BCLAF3
4085,ENSFALG00000004217,OPHN1,OPHN1
4086,ENSFALG00000004218,Arglu1,ARGLU1
4087,ENSFALG00000004219,ANKZF1,ANKZF1
4088,ENSFALG00000004220,Dnase1,ENSFALG00000004220
4089,ENSFALG00000004221,EFNB2,EFNB2
4090,ENSFALG00000004222,SGO2,ENSFALG00000004222
4091,ENSFALG00000004223,SLC10A2,SLC10A2
4092,ENSFALG00000004224,KCTD18,KCTD18
4093,ENSFALG00000004225,AR,AR
4094,ENSFALG00000004226,SPATS2L,SPATS2L
4095,ENSFALG00000004227,METTL21EP,ENSFALG00000004227
4096,ENSFALG00000004228,MAIP1,MAIP1
4097,ENSFALG00000004229,ERCC5,ENSFALG00000004229
4098,ENSFALG00000004230,C14H7orf26,C7orf26
4099,ENSFALG00000004231,EDA2R,EDA2R
4100,ENSFALG00000004232,SH3KBP1,SH3KBP1
4101,ENSFALG00000004232,SH3KBP1,SH3KBP1
4102,ENSFALG00000004233,BIVM,ENSFALG00000004233
4103,ENSFALG00000004234,TYW5,TYW5
4104,ENSFALG00000004235,NAA60,NAA60
4105,ENSFALG00000004236,GLMP,GLMP
4106,ENSFALG00000004237,GLB1L,GLB1L
4107,ENSFALG00000004239,POGLUT2,POGLUT2
4108,ENSFALG00000004240,Nudt16l1,NUDT16L1
4109,ENSFALG00000004241,CADM3,CADM3
4110,ENSFALG00000004242,SATB2,SATB2
4111,ENSFALG00000004243,MGRN1,MGRN1
4112,ENSFALG00000004245,Ubald1,UBALD1
4113,ENSFALG00000004246,STK16,STK16
4114,ENSFALG00000004247,Dusp23,ENSFALG00000004247
4115,ENSFALG00000004248,CDIP1,CDIP1
4116,ENSFALG00000004249,HEPH,HEPH
4117,ENSFALG00000004250,Tex30,ENSFALG00000004250
4118,ENSFALG00000004251,PLCL1,PLCL1
4119,ENSFALG00000004252,Dcaf8,ENSFALG00000004252
4120,ENSFALG00000004252,Dcaf8,ENSFALG00000004252
4121,ENSFALG00000004253,MAP3K15,MAP3K15
4122,ENSFALG00000004254,Tuba4a,TUBA4A
4123,ENSFALG00000004255,BOLL,BOLL
4124,ENSFALG00000004256,HMOX2,HMOX2
4125,ENSFALG00000004257,DNAJB2,DNAJB2
4126,ENSFALG00000004258,METTL21C,METTL21C
4127,ENSFALG00000004259,IGSF9,IGSF9
4128,ENSFALG00000004259,Igsf9,IGSF9
4129,ENSFALG00000004260,Hsf3,ENSFALG00000004260
4130,ENSFALG00000004261,RFTN2,RFTN2
4131,ENSFALG00000004262,PDHA1,ENSFALG00000004262
4132,ENSFALG00000004263,PTPRN,PTPRN
4133,ENSFALG00000004265,SLX4,SLX4
4134,ENSFALG00000004266,MOB4,ENSFALG00000004266
4135,ENSFALG00000004267,Tagln2,TAGLN2
4136,ENSFALG00000004268,Dnpep,DNPEP
4137,ENSFALG00000004270,Hspe1,HSPE1
4138,ENSFALG00000004271,Vsig4,ENSFALG00000004271
4139,ENSFALG00000004272,HSPD1,HSPD1
4140,ENSFALG00000004273,ADGRG2,ADGRG2
4141,ENSFALG00000004274,VSIG4,ENSFALG00000004274
4142,ENSFALG00000004275,CFAP45,ENSFALG00000004275
4143,ENSFALG00000004276,DES,DES
4144,ENSFALG00000004277,Coq10b,COQ10B
4145,ENSFALG00000004278,Arhgap20,ENSFALG00000004278
4146,ENSFALG00000004279,TPP2,TPP2
4147,ENSFALG00000004281,Sf3b1,SF3B1
4148,ENSFALG00000004282,MSN,MSN
4149,ENSFALG00000004284,Pex19,ENSFALG00000004284
4150,ENSFALG00000004284,Pex19,ENSFALG00000004284
4151,ENSFALG00000004285,SPEG,ENSFALG00000004285
4152,ENSFALG00000004286,ANKRD44,ANKRD44
4153,ENSFALG00000004287,LAS1L,LAS1L
4154,ENSFALG00000004288,Trap1,TRAP1
4155,ENSFALG00000004289,PHKA2,PHKA2
4156,ENSFALG00000004290,GMPPA,GMPPA
4157,ENSFALG00000004291,PGAP1,PGAP1
4158,ENSFALG00000004293,ZC3H12B,ZC3H12B
4159,ENSFALG00000004294,PPEF1,PPEF1
4160,ENSFALG00000004295,C2orf66,C2orf66
4161,ENSFALG00000004296,ZC4H2,ZC4H2
4162,ENSFALG00000004297,Asic4a,ASIC4
4163,ENSFALG00000004298,CHPF,CHPF
4164,ENSFALG00000004299,TMEM198,TMEM198
4165,ENSFALG00000004300,FGF14,FGF14
4166,ENSFALG00000004300,FGF14,FGF14
4167,ENSFALG00000004301,MAP7D3,ENSFALG00000004301
4168,ENSFALG00000004302,OBSL1,OBSL1
4169,ENSFALG00000004303,GTF3C3,GTF3C3
4170,ENSFALG00000004304,Itgbl1,ITGBL1
4171,ENSFALG00000004305,Inha,INHA
4172,ENSFALG00000004306,RS1,ENSFALG00000004306
4173,ENSFALG00000004307,GJC1,GJC3
4174,ENSFALG00000004308,FHL1,FHL1
4175,ENSFALG00000004309,SLC9A6,SLC9A6
4176,ENSFALG00000004310,CDKL5,CDKL5
4177,ENSFALG00000004311,MMGT1,MMGT1
4178,ENSFALG00000004312,SCML2,SCML2
4179,ENSFALG00000004313,STK11IP,STK11IP
4180,ENSFALG00000004314,DDX26B,INTS6L
4181,ENSFALG00000004315,Rai2,RAI2
4182,ENSFALG00000004316,MOSPD1,MOSPD1
4183,ENSFALG00000004317,Bend2,ENSFALG00000004317
4184,ENSFALG00000004318,Fam122a,ENSFALG00000004318
4185,ENSFALG00000004319,HECW2,HECW2
4186,ENSFALG00000004320,NHS,NHS
4187,ENSFALG00000004321,NALCN,NALCN
4188,ENSFALG00000004322,CREBBP,CREBBP
4189,ENSFALG00000004323,STK17B,STK17B
4190,ENSFALG00000004324,Fam122a,FAM122B
4191,ENSFALG00000004325,REPS2,REPS2
4192,ENSFALG00000004326,ADCY9,ADCY9
4193,ENSFALG00000004327,BIRC5,ENSFALG00000004327
4194,ENSFALG00000004328,SRL,SRL
4195,ENSFALG00000004329,HPRT1,HPRT1
4196,ENSFALG00000004330,SLC39A10,SLC39A10
4197,ENSFALG00000004331,TFAP4,TFAP4
4198,ENSFALG00000004332,RBBP7,RBBP7
4199,ENSFALG00000004333,Glis2,ENSFALG00000004333
4200,ENSFALG00000004334,SLC4A3,SLC4A3
4201,ENSFALG00000004335,Pam16a,PAM16
4202,ENSFALG00000004336,Tmeff2,TMEFF2
4203,ENSFALG00000004337,TXLNG,TXLNG
4204,ENSFALG00000004338,Coro7,ENSFALG00000004338
4205,ENSFALG00000004339,SYAP1,SYAP1
4206,ENSFALG00000004340,CAVIN2,CAVIN2
4207,ENSFALG00000004341,TMTC4,TMTC4
4208,ENSFALG00000004342,NABP1,NABP1
4209,ENSFALG00000004343,PCCA,PCCA
4210,ENSFALG00000004344,ZIC2,ZIC2
4211,ENSFALG00000004345,MYO1B,MYO1B
4212,ENSFALG00000004347,TDRKH,ENSFALG00000004347
4213,ENSFALG00000004347,TDRKH,ENSFALG00000004347
4214,ENSFALG00000004348,Clybl,CLYBL
4215,ENSFALG00000004349,STAT1,STAT1
4216,ENSFALG00000004350,Rorc,ENSFALG00000004350
4217,ENSFALG00000004351,CORO7,ENSFALG00000004351
4218,ENSFALG00000004352,CTPS2,CTPS2
4219,ENSFALG00000004353,TM9SF2,TM9SF2
4220,ENSFALG00000004354,CSAD,CSAD
4221,ENSFALG00000004355,GLS,GLS
4222,ENSFALG00000004356,ZNF740,ZNF740
4223,ENSFALG00000004357,F10,F10
4224,ENSFALG00000004358,RARG,RARG
4225,ENSFALG00000004360,UBAC2,UBAC2
4226,ENSFALG00000004361,F7,F7
4227,ENSFALG00000004363,DOCK9,DOCK9
4228,ENSFALG00000004364,MFSD5,MFSD5
4229,ENSFALG00000004365,GRPR,GRPR
4230,ENSFALG00000004366,VASN,VASN
4231,ENSFALG00000004367,Abtb2,ABTB2
4232,ENSFALG00000004368,DNAJA3,DNAJA3
4233,ENSFALG00000004369,NAB1,NAB1
4234,ENSFALG00000004370,SPRYD3,SPRYD3
4235,ENSFALG00000004371,AP1S2,AP1S2
4236,ENSFALG00000004373,Zrsr2,ZRSR2
4237,ENSFALG00000004374,NMRAL1,NMRAL1
4238,ENSFALG00000004375,LY75,ENSFALG00000004375
4239,ENSFALG00000004376,MCF2L,MCF2L
4240,ENSFALG00000004377,CLTRN,ENSFALG00000004377
4241,ENSFALG00000004378,ATP11A,ATP11A
4242,ENSFALG00000004379,NEMP2,NEMP2
4243,ENSFALG00000004379,NEMP2,NEMP2
4244,ENSFALG00000004380,Nlrc3,NLRC3
4245,ENSFALG00000004381,TUBGCP3,TUBGCP3
4246,ENSFALG00000004382,EIF4B,EIF4B
4247,ENSFALG00000004383,SLC15A1,SLC15A1
4248,ENSFALG00000004384,ARHGEF7,ARHGEF7
4249,ENSFALG00000004385,ACE2,ACE2
4250,ENSFALG00000004386,ANKRD10,ANKRD10
4251,ENSFALG00000004387,ING1,ING1
4252,ENSFALG00000004388,MFSD6,MFSD6
4253,ENSFALG00000004389,KIAA1755,KIAA1755
4254,ENSFALG00000004391,CLUAP1,CLUAP1
4255,ENSFALG00000004392,CARS2,CARS2
4256,ENSFALG00000004393,Cat,CAT
4257,ENSFALG00000004394,HIBCH,HIBCH
4258,ENSFALG00000004395,PLA2R1,PLA2R1
4259,ENSFALG00000004397,KRT18,KRT18
4260,ENSFALG00000004398,MSTN,MSTN
4261,ENSFALG00000004399,ZNF830,ZNF830
4262,ENSFALG00000004400,STK24,STK24
4263,ENSFALG00000004401,NAXD,NAXD
4264,ENSFALG00000004402,PMS1,PMS1
4265,ENSFALG00000004403,VEGFD,VEGFD
4266,ENSFALG00000004405,FARP1,FARP1
4267,ENSFALG00000004406,ORMDL1,ORMDL1
4268,ENSFALG00000004407,PIGA,PIGA
4269,ENSFALG00000004408,Krt8,ENSFALG00000004408
4270,ENSFALG00000004409,RAB20,RAB20
4271,ENSFALG00000004410,ITGB6,ITGB6
4272,ENSFALG00000004411,pcbp2,ENSFALG00000004411
4273,ENSFALG00000004412,ASB11,ASB11
4274,ENSFALG00000004413,TGM2,TGM2
4275,ENSFALG00000004414,IPO5,IPO5
4276,ENSFALG00000004415,OSGEPL1,OSGEPL1
4277,ENSFALG00000004416,Col4a2,COL4A2
4278,ENSFALG00000004417,EPHB6,EPHB6
4279,ENSFALG00000004417,EPHB6,EPHB6
4280,ENSFALG00000004418,Rap2a,RAP2A
4281,ENSFALG00000004419,FADS1,ENSFALG00000004419
4282,ENSFALG00000004420,ASB9,ASB9
4283,ENSFALG00000004421,Anks3,ANKS3
4284,ENSFALG00000004422,Krt4,ENSFALG00000004422
4285,ENSFALG00000004422,Krt4,ENSFALG00000004422
4286,ENSFALG00000004423,C14H16orf71,ENSFALG00000004423
4287,ENSFALG00000004424,ASNSD1,ENSFALG00000004424
4288,ENSFALG00000004426,C14H16orf71,ENSFALG00000004426
4289,ENSFALG00000004428,Mbnl2,MBNL2
4290,ENSFALG00000004430,C14H16orf71,ENSFALG00000004430
4291,ENSFALG00000004431,MOCOS,MOCOS
4292,ENSFALG00000004432,MOSPD2,MOSPD2
4293,ENSFALG00000004434,Slc40a1,SLC40A1
4294,ENSFALG00000004435,C14H16orf71,ENSFALG00000004435
4295,ENSFALG00000004437,SBK1,SBK1
4296,ENSFALG00000004439,FANCB,FANCB
4297,ENSFALG00000004440,RBMS1,RBMS1
4298,ENSFALG00000004441,XPO6,XPO6
4299,ENSFALG00000004442,FADS1,ENSFALG00000004442
4300,ENSFALG00000004443,PTPN3,PTPN3
4301,ENSFALG00000004444,FADS2,ENSFALG00000004444
4302,ENSFALG00000004445,GLRA2,GLRA2
4303,ENSFALG00000004446,TANK,TANK
4304,ENSFALG00000004447,WDR75,WDR75
4305,ENSFALG00000004448,Frrs1l,FRRS1L
4306,ENSFALG00000004449,RAB3IL1,RAB3IL1
4307,ENSFALG00000004451,GEMIN8,GEMIN8
4308,ENSFALG00000004452,Decr2,DECR2
4309,ENSFALG00000004453,Hs6st3,ENSFALG00000004453
4310,ENSFALG00000004454,GPM6B,GPM6B
4311,ENSFALG00000004455,UGGT2,UGGT2
4312,ENSFALG00000004457,BEST1,BEST1
4313,ENSFALG00000004458,OFD1,OFD1
4314,ENSFALG00000004459,EPB41L4B,EPB41L4B
4315,ENSFALG00000004460,COL5A2,ENSFALG00000004460
4316,ENSFALG00000004461,PSMD14,PSMD14
4317,ENSFALG00000004462,TRAPPC2,ENSFALG00000004462
4318,ENSFALG00000004463,EGFL6,EGFL6
4319,ENSFALG00000004464,RAB11FIP3,RAB11FIP3
4320,ENSFALG00000004464,RAB11FIP3,RAB11FIP3
4321,ENSFALG00000004464,RAB11FIP3,RAB11FIP3
4322,ENSFALG00000004464,RAB11FIP3,RAB11FIP3
4323,ENSFALG00000004465,DNAJC3,DNAJC3
4324,ENSFALG00000004466,TBR1,TBR1
4325,ENSFALG00000004467,TMSB4,ENSFALG00000004467
4326,ENSFALG00000004468,TRPV6,TRPV6
4327,ENSFALG00000004469,Fth,ENSFALG00000004469
4328,ENSFALG00000004470,Col2a1,COL3A1
4329,ENSFALG00000004471,Or4s2,ENSFALG00000004471
4330,ENSFALG00000004472,TLR7,TLR7
4331,ENSFALG00000004473,KEL,ENSFALG00000004473
4332,ENSFALG00000004474,TMEM245,TMEM245
4333,ENSFALG00000004475,PRPS2,PRPS2
4334,ENSFALG00000004476,Ino80c,INO80C
4335,ENSFALG00000004477,DZIP1,DZIP1
4336,ENSFALG00000004478,CD163,CD163
4337,ENSFALG00000004479,FRMPD4,FRMPD4
4338,ENSFALG00000004480,Gulp1,GULP1
4339,ENSFALG00000004481,RPRD1B,RPRD1B
4340,ENSFALG00000004482,SEPTIN12,SEPTIN12
4341,ENSFALG00000004484,CLDN10,CLDN10
4342,ENSFALG00000004485,Galnt1,GALNT1
4343,ENSFALG00000004486,ABCC4,ABCC4
4344,ENSFALG00000004487,MSL3,MSL3
4345,ENSFALG00000004488,TTI1,TTI1
4346,ENSFALG00000004489,TFPI,TFPI
4347,ENSFALG00000004490,GPR180,GPR180
4348,ENSFALG00000004491,Myadm,ENSFALG00000004491
4349,ENSFALG00000004492,VSTM2L,VSTM2L
4350,ENSFALG00000004493,GSTK1,GSTK1
4351,ENSFALG00000004494,Arhgap6,ARHGAP6
4352,ENSFALG00000004495,CALCRL,CALCRL
4353,ENSFALG00000004496,FAM171B,FAM171B
4354,ENSFALG00000004497,TGDS,TGDS
4355,ENSFALG00000004498,RAP1GAP,ENSFALG00000004498
4356,ENSFALG00000004500,PITPNC1,ENSFALG00000004500
4357,ENSFALG00000004501,C18orf21,C18orf21
4358,ENSFALG00000004502,Ctnnbl1,CTNNBL1
4359,ENSFALG00000004503,MID1,MID1
4360,ENSFALG00000004504,TMEM139,ENSFALG00000004504
4361,ENSFALG00000004505,DCT,DCT
4362,ENSFALG00000004506,CLCN4,CLCN4
4363,ENSFALG00000004507,RPRD1A,RPRD1A
4364,ENSFALG00000004508,XRN2,XRN2
4365,ENSFALG00000004509,Sspo,ENSFALG00000004509
4366,ENSFALG00000004510,CASP2,CASP2
4367,ENSFALG00000004511,WWC3,WWC3
4368,ENSFALG00000004512,MSS51,MSS51
4369,ENSFALG00000004513,EPB41L4A,EPB41L4A
4370,ENSFALG00000004514,ITGAV,ITGAV
4371,ENSFALG00000004515,Cfap70,CFAP70
4372,ENSFALG00000004516,Shroom2,SHROOM2
4373,ENSFALG00000004517,CLCN1,CLCN1
4374,ENSFALG00000004518,GPR143,GPR143
4375,ENSFALG00000004519,KRT75,ENSFALG00000004519
4376,ENSFALG00000004520,WDR90,WDR90
4377,ENSFALG00000004521,FHOD3,FHOD3
4378,ENSFALG00000004524,FAM131B,FAM131B
4379,ENSFALG00000004525,TANC2,TANC2
4380,ENSFALG00000004526,Cyp1a4,ENSFALG00000004526
4381,ENSFALG00000004526,Cyp1a4,ENSFALG00000004526
4382,ENSFALG00000004527,RHOT2,RHOT2
4383,ENSFALG00000004528,Wap,ENSFALG00000004528
4384,ENSFALG00000004529,TBL1X,ENSFALG00000004529
4385,ENSFALG00000004531,ZYX,ZYX
4386,ENSFALG00000004532,SPINT4,ENSFALG00000004532
4387,ENSFALG00000004533,CYB561,CYB561
4388,ENSFALG00000004534,Rhbdl1,RHBDL1
4389,ENSFALG00000004535,VSTM2A,VSTM2A
4390,ENSFALG00000004537,GPC6,GPC6
4391,ENSFALG00000004539,VWF,VWF
4392,ENSFALG00000004540,ACE,ENSFALG00000004540
4393,ENSFALG00000004541,FAU,ENSFALG00000004541
4394,ENSFALG00000004543,EDC3,EDC3
4395,ENSFALG00000004544,KIZ,ENSFALG00000004544
4396,ENSFALG00000004545,TNNC2,ENSFALG00000004545
4397,ENSFALG00000004545,TNNC2,ENSFALG00000004545
4398,ENSFALG00000004546,Stub1,STUB1
4399,ENSFALG00000004547,GPC5,GPC5
4400,ENSFALG00000004549,Dennd4b,ENSFALG00000004549
4401,ENSFALG00000004550,Crtc2,ENSFALG00000004550
4402,ENSFALG00000004551,ANOS1,ANOS1
4403,ENSFALG00000004552,Dnttip1,DNTTIP1
4404,ENSFALG00000004553,EPHA1,EPHA1
4405,ENSFALG00000004554,Jtb,ENSFALG00000004554
4406,ENSFALG00000004555,KCNH6,KCNH6
4407,ENSFALG00000004557,JMJD8,JMJD8
4408,ENSFALG00000004558,RPS27,ENSFALG00000004558
4409,ENSFALG00000004559,Pelo,PELO
4410,ENSFALG00000004560,CTSS,ENSFALG00000004560
4411,ENSFALG00000004561,Itga1,ENSFALG00000004561
4412,ENSFALG00000004562,Ube2c,UBE2C
4413,ENSFALG00000004563,Clk3,CLK3
4414,ENSFALG00000004564,RALGAPA2,RALGAPA2
4415,ENSFALG00000004565,Pnpla4,PNPLA4
4416,ENSFALG00000004566,ZC3H15,ZC3H15
4417,ENSFALG00000004567,TNNC2,TNNC2
4418,ENSFALG00000004568,TMX3,TMX3
4419,ENSFALG00000004569,Cd9,CD9
4420,ENSFALG00000004570,Ccdc102b,ENSFALG00000004570
4421,ENSFALG00000004571,WDR24,WDR24
4422,ENSFALG00000004572,STS,STS
4423,ENSFALG00000004573,Nobox,ENSFALG00000004573
4424,ENSFALG00000004574,DOK6,DOK6
4425,ENSFALG00000004574,Dok6,DOK6
4426,ENSFALG00000004575,SNX21,SNX21
4427,ENSFALG00000004576,PUDP,PUDP
4428,ENSFALG00000004577,ARHGEF5,ENSFALG00000004577
4429,ENSFALG00000004578,Znf804a,ZNF804A
4430,ENSFALG00000004579,CTSA,CTSA
4431,ENSFALG00000004580,NLGN4X,ENSFALG00000004580
4432,ENSFALG00000004581,K2CO,ENSFALG00000004581
4433,ENSFALG00000004582,NEURL2,NEURL2
4434,ENSFALG00000004583,FBXL16,FBXL16
4435,ENSFALG00000004584,DCAF7,DCAF7
4436,ENSFALG00000004585,CCDC78,ENSFALG00000004585
4437,ENSFALG00000004586,Pex5,PEX5
4438,ENSFALG00000004587,Prkx,ENSFALG00000004587
4439,ENSFALG00000004587,PRKX,ENSFALG00000004587
4440,ENSFALG00000004588,ARID3B,ARID3B
4441,ENSFALG00000004589,CLSTN3,CLSTN3
4442,ENSFALG00000004590,MXRA5,MXRA5
4443,ENSFALG00000004591,PLTP,PLTP
4444,ENSFALG00000004592,RTTN,RTTN
4445,ENSFALG00000004593,Act5,ENSFALG00000004593
4446,ENSFALG00000004594,FAR2,FAR2
4447,ENSFALG00000004595,Slc25a36a,ENSFALG00000004595
4448,ENSFALG00000004596,ANTKMT,ANTKMT
4449,ENSFALG00000004597,UBL7,UBL7
4450,ENSFALG00000004598,Igfals,IGFALS
4451,ENSFALG00000004599,MYO16,MYO16
4452,ENSFALG00000004600,NUBP2,NUBP2
4453,ENSFALG00000004601,Insm1,INSM1
4454,ENSFALG00000004602,SPSB3,SPSB3
4455,ENSFALG00000004603,RBP5,RBP5
4456,ENSFALG00000004604,CFAP61,CFAP61
4457,ENSFALG00000004605,NME3,NME3
4458,ENSFALG00000004606,C1R,C1R
4459,ENSFALG00000004607,UBN1,UBN1
4460,ENSFALG00000004608,MAP3K3,MAP3K3
4461,ENSFALG00000004609,SEMA7A,SEMA7A
4462,ENSFALG00000004610,C1S,C1S
4463,ENSFALG00000004611,Crnkl1,CRNKL1
4464,ENSFALG00000004612,PCIF1,PCIF1
4465,ENSFALG00000004613,LPCAT3,LPCAT3
4466,ENSFALG00000004615,SLC24A3,SLC24A3
4467,ENSFALG00000004616,PPL,PPL
4468,ENSFALG00000004617,EMG1,EMG1
4469,ENSFALG00000004618,CCDC91,CCDC91
4470,ENSFALG00000004619,Rin2,RIN2
4471,ENSFALG00000004620,PTHLH,PTHLH
4472,ENSFALG00000004621,ZNF335,ZNF335
4473,ENSFALG00000004622,KLHL42,KLHL42
4474,ENSFALG00000004623,MANSC4,MANSC4
4475,ENSFALG00000004624,Cbln2,CBLN2
4476,ENSFALG00000004625,MRPS35,MRPS35
4477,ENSFALG00000004626,STRADA,LIMD2
4478,ENSFALG00000004627,PHB2,PHB2
4479,ENSFALG00000004628,Stxbp4,ENSFALG00000004628
4480,ENSFALG00000004630,NETO1,NETO1
4481,ENSFALG00000004631,KRT80,ENSFALG00000004631
4482,ENSFALG00000004632,FBXO15,FBXO15
4483,ENSFALG00000004633,Rnf113a,ENSFALG00000004633
4484,ENSFALG00000004634,SEC14L5,SEC14L5
4485,ENSFALG00000004635,Cdkn1b,CDKN1B
4486,ENSFALG00000004636,URB1,URB1
4487,ENSFALG00000004637,TIMM21,TIMM21
4488,ENSFALG00000004638,CREBL2,CREBL2
4489,ENSFALG00000004639,NAGPA,NAGPA
4490,ENSFALG00000004641,Cyb5a,CYB5A
4491,ENSFALG00000004642,AQP2,AQP2
4492,ENSFALG00000004643,C2H18orf63,C18orf63
4493,ENSFALG00000004644,Strada,STRADA
4494,ENSFALG00000004645,PTPN6,PTPN6
4495,ENSFALG00000004646,Fam69c,DIPK1C
4496,ENSFALG00000004647,CHD3,ENSFALG00000004647
4497,ENSFALG00000004648,Aqp5,AQP5
4498,ENSFALG00000004649,Grcc10,C12orf57
4499,ENSFALG00000004650,MMP9,MMP9
4500,ENSFALG00000004651,CNDP2,CNDP2
4501,ENSFALG00000004652,SMTNL2,SMTNL2
4502,ENSFALG00000004654,TEKT1,TEKT1
4503,ENSFALG00000004655,CNDP1,CNDP1
4504,ENSFALG00000004656,CCDC47,CCDC47
4505,ENSFALG00000004657,ATN1,ATN1
4506,ENSFALG00000004658,FBXO39,FBXO39
4507,ENSFALG00000004659,Alg1,ENSFALG00000004659
4508,ENSFALG00000004660,PIMREG,PIMREG
4509,ENSFALG00000004661,Eva1c,ENSFALG00000004661
4510,ENSFALG00000004662,PITPNM3,PITPNM3
4511,ENSFALG00000004663,ZNF407,ZNF407
4512,ENSFALG00000004664,KIAA0753,KIAA0753
4513,ENSFALG00000004665,Eno2,ENO2
4514,ENSFALG00000004666,SLC4A8,SLC4A8
4515,ENSFALG00000004667,TXNDC17,TXNDC17
4516,ENSFALG00000004668,PTGR3,ZADH2
4517,ENSFALG00000004669,Lrrc23,LRRC23
4518,ENSFALG00000004670,Med31,MED31
4519,ENSFALG00000004671,CFAP298,ENSFALG00000004671
4520,ENSFALG00000004671,CFAP298,ENSFALG00000004671
4521,ENSFALG00000004672,TSHZ1,TSHZ1
4522,ENSFALG00000004673,SLC13A5,SLC13A5
4523,ENSFALG00000004674,ZNF516,ZNF516
4524,ENSFALG00000004675,DDX42,DDX42
4525,ENSFALG00000004676,Wscd1,WSCD1
4526,ENSFALG00000004677,Eef2kmt,ENSFALG00000004677
4527,ENSFALG00000004678,LRRC23,TPI1
4528,ENSFALG00000004679,Ndufb6,ENSFALG00000004679
4529,ENSFALG00000004680,SYNJ1,SYNJ1
4530,ENSFALG00000004681,CAPN15,CAPN15
4531,ENSFALG00000004682,ZNF236,ZNF236
4532,ENSFALG00000004684,Rap1gap2,RAP1GAP2
4533,ENSFALG00000004685,USP5,USP5
4534,ENSFALG00000004686,Pth1r,ENSFALG00000004686
4535,ENSFALG00000004687,PRR35,ENSFALG00000004687
4536,ENSFALG00000004687,Prr35,ENSFALG00000004687
4537,ENSFALG00000004688,Cdca3,ENSFALG00000004688
4538,ENSFALG00000004689,PIGQ,PIGQ
4539,ENSFALG00000004690,Tiam1,TIAM1
4540,ENSFALG00000004691,Rab40c,RAB40C
4541,ENSFALG00000004692,GNB3,GNB3
4542,ENSFALG00000004693,Wfikkn1,WFIKKN1
4543,ENSFALG00000004694,Galnt6,GALNT6
4544,ENSFALG00000004695,CCDC92B,ENSFALG00000004695
4545,ENSFALG00000004696,P3h3,P3H3
4546,ENSFALG00000004697,METTL26,METTL26
4547,ENSFALG00000004698,Dtnb,ENSFALG00000004698
4548,ENSFALG00000004699,GPR162,GPR162
4549,ENSFALG00000004700,MBP,MBP
4550,ENSFALG00000004701,Slc12a5,SLC12A5
4551,ENSFALG00000004702,GALR1,GALR1
4552,ENSFALG00000004703,Cldn8,CLDN8
4553,ENSFALG00000004704,Mcrip2,MCRIP2
4554,ENSFALG00000004705,CD4,ENSFALG00000004705
4555,ENSFALG00000004706,CELA1,CELA1
4556,ENSFALG00000004707,CLUH,CLUH
4557,ENSFALG00000004708,GRIK1,GRIK1
4558,ENSFALG00000004709,Hsd17b10,ENSFALG00000004709
4559,ENSFALG00000004710,TDP2,TDP2
4560,ENSFALG00000004711,Nkpd1,NKPD1
4561,ENSFALG00000004712,Bin2,ENSFALG00000004712
4562,ENSFALG00000004713,Mlex,ENSFALG00000004713
4563,ENSFALG00000004714,Ppp1r37,ENSFALG00000004714
4564,ENSFALG00000004715,LAG3,ENSFALG00000004715
4565,ENSFALG00000004716,ATP5O,ENSFALG00000004716
4566,ENSFALG00000004717,Acot13,ACOT13
4567,ENSFALG00000004718,C6orf62,C6orf62
4568,ENSFALG00000004720,GMNN,GMNN
4569,ENSFALG00000004721,MLF2,MLF2
4570,ENSFALG00000004722,SMC5,ENSFALG00000004722
4571,ENSFALG00000004723,SLCO2B1,ENSFALG00000004723
4572,ENSFALG00000004724,TFCP2,TFCP2
4573,ENSFALG00000004725,RIPOR2,ENSFALG00000004725
4574,ENSFALG00000004726,Cops7a,COPS7A
4575,ENSFALG00000004727,MAMDC2,MAMDC2
4576,ENSFALG00000004728,IKZF5,IKZF5
4577,ENSFALG00000004729,CARMIL1,CARMIL1
4578,ENSFALG00000004730,ABCA3,ABCA3
4579,ENSFALG00000004731,TRY1,ENSFALG00000004731
4580,ENSFALG00000004732,ACADSB,ACADSB
4581,ENSFALG00000004733,SHOX2,SHOX2
4582,ENSFALG00000004734,PIANP,PIANP
4583,ENSFALG00000004735,BUB3,BUB3
4584,ENSFALG00000004736,CDC27,CDC27
4585,ENSFALG00000004736,CDC27,CDC27
4586,ENSFALG00000004737,PAFAH1B1,PAFAH1B1
4587,ENSFALG00000004738,Pqlc2,ENSFALG00000004738
4588,ENSFALG00000004739,Bloc1s4,BLOC1S4
4589,ENSFALG00000004740,GPR26,GPR26
4590,ENSFALG00000004741,MLF2,ZNF384
4591,ENSFALG00000004742,VEPH1,VEPH1
4592,ENSFALG00000004743,SCGN,SCGN
4593,ENSFALG00000004744,CPXM2,CPXM2
4594,ENSFALG00000004745,Topors,ENSFALG00000004745
4595,ENSFALG00000004746,Pard6g,PARD6G
4596,ENSFALG00000004747,PGM2L1,PGM2L1
4597,ENSFALG00000004748,PTX3,PTX3
4598,ENSFALG00000004748,PTX3,PTX3
4599,ENSFALG00000004749,CHST15,CHST15
4600,ENSFALG00000004750,SLC17A6,SLC17A6
4601,ENSFALG00000004751,GADD45G,GADD45G
4602,ENSFALG00000004752,PRMT8,PRMT8
4603,ENSFALG00000004753,DPP7,DPP7
4604,ENSFALG00000004754,Mnt,MNT
4605,ENSFALG00000004755,PTAR1,PTAR1
4606,ENSFALG00000004756,Ing4,ING4
4607,ENSFALG00000004756,ING4,ING4
4608,ENSFALG00000004757,GLIPR2,GLIPR2
4609,ENSFALG00000004758,Phf7,ENSFALG00000004758
4610,ENSFALG00000004759,SYK,SYK
4611,ENSFALG00000004760,Ccnl1,CCNL1
4612,ENSFALG00000004761,POLD3,ENSFALG00000004761
4613,ENSFALG00000004762,SGSM2,SGSM2
4614,ENSFALG00000004763,KANSL1,KANSL1
4615,ENSFALG00000004764,Ifi6,ENSFALG00000004764
4616,ENSFALG00000004765,MAN1B1,MAN1B1
4617,ENSFALG00000004766,APBA1,APBA1
4618,ENSFALG00000004767,Auh,AUH
4619,ENSFALG00000004767,Auh,AUH
4620,ENSFALG00000004768,OAT,OAT
4621,ENSFALG00000004769,Kcnh2,ENSFALG00000004769
4622,ENSFALG00000004770,ALG2,ALG2
4623,ENSFALG00000004771,ACRBP,ACRBP
4624,ENSFALG00000004772,ENTREP1,FAM189A2
4625,ENSFALG00000004773,LEKR1,ENSFALG00000004773
4626,ENSFALG00000004774,TNFAIP1,TNFAIP1
4627,ENSFALG00000004775,ROR2,ROR2
4628,ENSFALG00000004776,Vrk3,VRK3
4629,ENSFALG00000004777,Ccdc171,ENSFALG00000004777
4630,ENSFALG00000004778,LEKR1,ENSFALG00000004778
4631,ENSFALG00000004779,NR4A3,NR4A3
4632,ENSFALG00000004780,MAPT,ENSFALG00000004780
4633,ENSFALG00000004781,TIPARP,TIPARP
4634,ENSFALG00000004782,CRACR2A,CRACR2A
4635,ENSFALG00000004783,Nkx12,ENSFALG00000004783
4636,ENSFALG00000004784,FANCF,FANCF
4637,ENSFALG00000004785,CHD4,ENSFALG00000004785
4638,ENSFALG00000004786,SSR3,SSR3
4639,ENSFALG00000004787,CCNF,CCNF
4640,ENSFALG00000004788,Chrdl2,CHRDL2
4641,ENSFALG00000004789,PARP11,PARP11
4642,ENSFALG00000004790,SPTLC1,SPTLC1
4643,ENSFALG00000004791,UAP1L1,UAP1L1
4644,ENSFALG00000004792,GAS2,GAS2
4645,ENSFALG00000004793,IFT20,IFT20
4646,ENSFALG00000004794,STX17,STX17
4647,ENSFALG00000004795,TEDC2,ENSFALG00000004795
4648,ENSFALG00000004796,TSPAN9,TSPAN9
4649,ENSFALG00000004797,NOP2,ENSFALG00000004797
4650,ENSFALG00000004798,Rnf169,RNF169
4651,ENSFALG00000004799,LHPP,LHPP
4652,ENSFALG00000004799,LHPP,LHPP
4653,ENSFALG00000004799,LHPP,LHPP
4654,ENSFALG00000004800,Erp44,ERP44
4655,ENSFALG00000004801,Slc25a39,SLC25A39
4656,ENSFALG00000004802,NCOA5,NCOA5
4657,ENSFALG00000004803,Svip,ENSFALG00000004803
4658,ENSFALG00000004804,KCNAB1,KCNAB1
4659,ENSFALG00000004805,TEAD4,TEAD4
4660,ENSFALG00000004806,SPCS2,SPCS2
4661,ENSFALG00000004807,TMEM97,TMEM97
4662,ENSFALG00000004808,IFFO1,IFFO1
4663,ENSFALG00000004809,FAM53B,FAM53B
4664,ENSFALG00000004810,Ankfn1,ENSFALG00000004810
4665,ENSFALG00000004811,CD40,CD40
4666,ENSFALG00000004812,P4HA3,P4HA3
4667,ENSFALG00000004813,TULP3,TULP3
4668,ENSFALG00000004814,INVS,INVS
4669,ENSFALG00000004815,Sapcd2,SAPCD2
4670,ENSFALG00000004816,EEF1AKMT2,ENSFALG00000004816
4671,ENSFALG00000004817,GAPDH,GAPDH
4672,ENSFALG00000004818,NLK,NLK
4673,ENSFALG00000004819,PPME1,PPME1
4674,ENSFALG00000004821,TULP3,RHNO1
4675,ENSFALG00000004823,Cnp2,ENSFALG00000004823
4676,ENSFALG00000004824,ENTPD2,ENTPD2
4677,ENSFALG00000004826,NCAPD2,NCAPD2
4678,ENSFALG00000004827,TMEM141,TMEM141
4679,ENSFALG00000004828,C2CD3,C2CD3
4680,ENSFALG00000004829,CDC42SE2,CDC42SE2
4681,ENSFALG00000004830,ABRAXAS2,ABRAXAS2
4682,ENSFALG00000004831,CDH22,CDH22
4683,ENSFALG00000004832,NTN3,NTN3
4684,ENSFALG00000004833,PCDH18,PCDH18
4685,ENSFALG00000004834,FOXM1,FOXM1
4686,ENSFALG00000004835,LYRM7,LYRM7
4687,ENSFALG00000004836,MRPL51,MRPL51
4688,ENSFALG00000004837,ZRANB1,ZRANB1
4689,ENSFALG00000004839,UCP3,UCP3
4690,ENSFALG00000004840,Clic3,CLIC3
4691,ENSFALG00000004843,Slc35c2,SLC35C2
4692,ENSFALG00000004844,ATP6V0C,ENSFALG00000004844
4693,ENSFALG00000004845,Hint1,HINT1
4694,ENSFALG00000004846,Syb,VAMP1
4695,ENSFALG00000004847,TEX10,TEX10
4696,ENSFALG00000004848,SLC7A11,SLC7A11
4697,ENSFALG00000004849,CTBP2,CTBP2
4698,ENSFALG00000004850,Rundc3a,RUNDC3A
4699,ENSFALG00000004851,LYRM9,ENSFALG00000004851
4700,ENSFALG00000004852,ST14,ST14
4701,ENSFALG00000004853,NRIP2,NRIP2
4702,ENSFALG00000004854,SLC7A13,ENSFALG00000004854
4703,ENSFALG00000004855,Gmps,GMPS
4704,ENSFALG00000004856,Pstk,PSTK
4705,ENSFALG00000004857,CHSY3,CHSY3
4706,ENSFALG00000004858,SIPA1L1,SIPA1L1
4707,ENSFALG00000004859,MINAR2,MINAR2
4708,ENSFALG00000004860,NFRKB,NFRKB
4709,ENSFALG00000004861,AMDHD2,ENSFALG00000004861
4710,ENSFALG00000004862,ELMO2,ELMO2
4711,ENSFALG00000004863,ITFG2,ITFG2
4712,ENSFALG00000004864,AMDHD2,ENSFALG00000004864
4713,ENSFALG00000004865,FKBP4,FKBP4
4714,ENSFALG00000004866,SNRPB,SNRPB
4715,ENSFALG00000004867,ADAMTS19,ADAMTS19
4716,ENSFALG00000004868,Rnps1,RNPS1
4717,ENSFALG00000004869,SLC4A1,SLC4A1
4718,ENSFALG00000004870,Scnn1a,SCNN1A
4719,ENSFALG00000004870,Scnn1a,SCNN1A
4720,ENSFALG00000004871,Adam9,ENSFALG00000004871
4721,ENSFALG00000004872,LRRCC1,LRRCC1
4722,ENSFALG00000004873,PRDM10,PRDM10
4723,ENSFALG00000004874,NOS2,NOS2
4724,ENSFALG00000004875,MSANTD3,MSANTD3
4725,ENSFALG00000004876,NOCT,NOCT
4726,ENSFALG00000004877,Tcaf2,ENSFALG00000004877
4727,ENSFALG00000004878,PCNX1,PCNX1
4728,ENSFALG00000004879,ABCA2,ABCA2
4729,ENSFALG00000004880,SLC33A1,ENSFALG00000004880
4730,ENSFALG00000004881,ELF2,ELF2
4731,ENSFALG00000004882,TELO2,TELO2
4732,ENSFALG00000004883,AHRR,ENSFALG00000004883
4733,ENSFALG00000004884,Ddx27,DDX27
4734,ENSFALG00000004885,NAA15,NAA15
4735,ENSFALG00000004886,RAB33B,RAB33B
4736,ENSFALG00000004888,Isoc1,ISOC1
4737,ENSFALG00000004890,Pdcd6,PDCD6
4738,ENSFALG00000004891,Clec6a,ENSFALG00000004891
4739,ENSFALG00000004892,FBXO40,FBXO40
4740,ENSFALG00000004893,Setd7,SETD7
4741,ENSFALG00000004894,EXOC3,EXOC3
4742,ENSFALG00000004895,APLP2,APLP2
4743,ENSFALG00000004896,Clec4e,ENSFALG00000004896
4744,ENSFALG00000004897,E2F5,E2F5
4745,ENSFALG00000004898,PLCH1,PLCH1
4746,ENSFALG00000004899,SLC27A6,SLC27A6
4747,ENSFALG00000004900,MAML3,MAML3
4748,ENSFALG00000004902,SLC44A1,SLC44A1
4749,ENSFALG00000004903,TMEM45B,TMEM45B
4750,ENSFALG00000004904,SCOC,SCOC
4751,ENSFALG00000004905,C10orf88,C10orf88
4752,ENSFALG00000004906,BARX2,BARX2
4753,ENSFALG00000004907,CLGN,CLGN
4754,ENSFALG00000004909,ZNFX1,ZNFX1
4755,ENSFALG00000004910,CA13,CA13
4756,ENSFALG00000004911,MGAT4D,MGAT4D
4757,ENSFALG00000004912,MAP3K9,MAP3K9
4758,ENSFALG00000004913,Cuzd1,ENSFALG00000004913
4759,ENSFALG00000004915,Ca1,ENSFALG00000004915
4760,ENSFALG00000004916,KPNA1,KPNA1
4761,ENSFALG00000004916,KPNA1,KPNA1
4762,ENSFALG00000004917,Ttc9,TTC9
4763,ENSFALG00000004919,ARHGAP32,ARHGAP32
4764,ENSFALG00000004921,ELMOD2,ELMOD2
4765,ENSFALG00000004922,Med6,MED6
4766,ENSFALG00000004923,Ca2,CA2
4767,ENSFALG00000004924,Dmbt1,ENSFALG00000004924
4768,ENSFALG00000004925,ATP6V0D2,ATP6V0D2
4769,ENSFALG00000004926,Ksr1,KSR1
4770,ENSFALG00000004927,KCNJ5,KCNJ5
4771,ENSFALG00000004928,Ccndbp1,CCNDBP1
4772,ENSFALG00000004929,FLI1,FLI1
4773,ENSFALG00000004930,ADAM20,ADAM20
4774,ENSFALG00000004931,TBC1D9,TBC1D9
4775,ENSFALG00000004932,SYNJ2BP,ENSFALG00000004932
4776,ENSFALG00000004933,Pou5f3,ENSFALG00000004933
4777,ENSFALG00000004934,IFT140,IFT140
4778,ENSFALG00000004934,IFT140,IFT140
4779,ENSFALG00000004936,EPB42,EPB42
4780,ENSFALG00000004937,FETUB,ENSFALG00000004937
4781,ENSFALG00000004938,ABCA1,ABCA1
4782,ENSFALG00000004939,WSB1,WSB1
4783,ENSFALG00000004940,FBXL2,FBXL2
4784,ENSFALG00000004942,Rnf150,RNF150
4785,ENSFALG00000004943,MME,MME
4786,ENSFALG00000004944,FAM162A,FAM162A
4787,ENSFALG00000004945,STRIP2,STRIP2
4788,ENSFALG00000004946,NPDC1,NPDC1
4789,ENSFALG00000004947,ETS1,ETS1
4790,ENSFALG00000004948,DNAH5L,ENSFALG00000004948
4791,ENSFALG00000004949,COX16,COX16
4792,ENSFALG00000004950,WWP1,WWP1
4793,ENSFALG00000004951,GOLM2,CASC4
4794,ENSFALG00000004952,SLC8A3,SLC8A3
4795,ENSFALG00000004953,MIX23,CCDC58
4796,ENSFALG00000004955,Znf330,ZNF330
4797,ENSFALG00000004956,SMOC1,SMOC1
4798,ENSFALG00000004957,EXFAB,ENSFALG00000004957
4799,ENSFALG00000004958,IL15,IL15
4800,ENSFALG00000004959,NF1,NF1
4801,ENSFALG00000004960,Lcn15,ENSFALG00000004960
4802,ENSFALG00000004961,CSTA,ENSFALG00000004961
4803,ENSFALG00000004962,UBP1,UBP1
4804,ENSFALG00000004963,SLC10A1,SLC10A1
4805,ENSFALG00000004964,INPP4B,INPP4B
4806,ENSFALG00000004965,TGM6,TGM6
4807,ENSFALG00000004966,NRF1,NRF1
4808,ENSFALG00000004967,Cstb,CSTB
4809,ENSFALG00000004968,Lipo,ENSFALG00000004968
4810,ENSFALG00000004969,KIRREL3,KIRREL3
4811,ENSFALG00000004970,CTDSPL2,CTDSPL2
4812,ENSFALG00000004971,Tpk1,TPK1
4813,ENSFALG00000004972,EVI2A,ENSFALG00000004972
4814,ENSFALG00000004973,C8g,C8G
4815,ENSFALG00000004974,USP38,USP38
4816,ENSFALG00000004975,CASR,CASR
4817,ENSFALG00000004976,SEC61G,SEC61G
4818,ENSFALG00000004977,AKAP1,AKAP1
4819,ENSFALG00000004978,GAB1,GAB1
4820,ENSFALG00000004979,Srsf5,SRSF5
4821,ENSFALG00000004980,LRRC14,ENSFALG00000004980
4822,ENSFALG00000004981,ST3GAL4,ST3GAL4
4823,ENSFALG00000004982,EGFR,EGFR
4824,ENSFALG00000004983,DSCAM,ENSFALG00000004983
4825,ENSFALG00000004984,MSI2,MSI2
4826,ENSFALG00000004985,FBXW5,FBXW5
4827,ENSFALG00000004986,SUSD6,SUSD6
4828,ENSFALG00000004987,SMARCA5,SMARCA5
4829,ENSFALG00000004988,CD86,CD86
4830,ENSFALG00000004988,CD86,CD86
4831,ENSFALG00000004989,TMEM204,TMEM204
4832,ENSFALG00000004990,Ccdc177,ENSFALG00000004990
4833,ENSFALG00000004992,LANCL2,LANCL2
4834,ENSFALG00000004993,CRAMP1,CRAMP1
4835,ENSFALG00000004995,VOPP1,VOPP1
4836,ENSFALG00000004996,Eif3j,EIF3J
4837,ENSFALG00000004997,UBE2H,UBE2H
4838,ENSFALG00000004998,MAN1A2,MAN1A2
4839,ENSFALG00000004999,PLEKHD1,PLEKHD1
4840,ENSFALG00000005001,MRPS23,ENSFALG00000005001
4841,ENSFALG00000005002,HN1L,JPT2
4842,ENSFALG00000005003,KLHL8,KLHL8
4843,ENSFALG00000005004,IGSF5,IGSF5
4844,ENSFALG00000005005,Hsd3b,ENSFALG00000005005
4845,ENSFALG00000005006,Zc3hc1,ZC3HC1
4846,ENSFALG00000005007,DCPS,DCPS
4847,ENSFALG00000005008,B3GALT5,B3GALT5
4848,ENSFALG00000005009,BLVRA,BLVRA
4849,ENSFALG00000005011,Cuedc1,CUEDC1
4850,ENSFALG00000005012,TRAF2,TRAF2
4851,ENSFALG00000005013,HAO2,HAO2
4852,ENSFALG00000005014,SH3BGR,ENSFALG00000005014
4853,ENSFALG00000005015,TESK2,TESK2
4854,ENSFALG00000005016,SLC39A9,SLC39A9
4855,ENSFALG00000005017,TOE1,TOE1
4856,ENSFALG00000005018,PSD3,PSD3
4857,ENSFALG00000005019,LCA5L,ENSFALG00000005019
4858,ENSFALG00000005020,Spg11,SPG11
4859,ENSFALG00000005021,HSD17B11,HSD17B11
4860,ENSFALG00000005022,GET1,GET1
4861,ENSFALG00000005023,COA1,COA1
4862,ENSFALG00000005023,COA1,COA1
4863,ENSFALG00000005023,COA1,COA1
4864,ENSFALG00000005024,Mutyh,ENSFALG00000005024
4865,ENSFALG00000005025,HSD17B11,HSD17B13
4866,ENSFALG00000005026,TIRAP,TIRAP
4867,ENSFALG00000005027,Hmgn1,HMGN1
4868,ENSFALG00000005028,WARS2,WARS2
4869,ENSFALG00000005029,Klhdc10,KLHDC10
4870,ENSFALG00000005030,Erh,ERH
4871,ENSFALG00000005031,Tgm3,ENSFALG00000005031
4872,ENSFALG00000005032,GPR149,GPR149
4873,ENSFALG00000005033,Stk17a,STK17A
4874,ENSFALG00000005034,NUDT9,NUDT9
4875,ENSFALG00000005035,CLASP2,ENSFALG00000005035
4876,ENSFALG00000005036,EDF1,EDF1
4877,ENSFALG00000005037,RMDN1,RMDN1
4878,ENSFALG00000005037,RMDN1,RMDN1
4879,ENSFALG00000005038,Hpdl,HPDL
4880,ENSFALG00000005039,BRWD1,BRWD1
4881,ENSFALG00000005040,VEZF1,VEZF1
4882,ENSFALG00000005040,VEZF1,VEZF1
4883,ENSFALG00000005041,FAM118B,FAM118B
4884,ENSFALG00000005042,TBX15,TBX15
4885,ENSFALG00000005043,MAPK8IP3,MAPK8IP3
4886,ENSFALG00000005044,GALNT16,GALNT16
4887,ENSFALG00000005045,DHX36,DHX36
4888,ENSFALG00000005046,CLIC6,CLIC6
4889,ENSFALG00000005047,Sepp1b,ENSFALG00000005047
4890,ENSFALG00000005048,Srpra,SRPRA
4891,ENSFALG00000005049,Vnx1,ENSFALG00000005049
4892,ENSFALG00000005050,EXD2,EXD2
4893,ENSFALG00000005051,Phpt1,PHPT1
4894,ENSFALG00000005052,CAVIN4,CAVIN4
4895,ENSFALG00000005053,HECW1,HECW1
4896,ENSFALG00000005055,SPARCL1,SPARCL1
4897,ENSFALG00000005055,SPARCL1,SPARCL1
4898,ENSFALG00000005056,PSMG1,PSMG1
4899,ENSFALG00000005057,CIAO2A,CIAO2A
4900,ENSFALG00000005058,ZSWIM5,ZSWIM5
4901,ENSFALG00000005059,LPL,LPL
4902,ENSFALG00000005059,LPL,LPL
4903,ENSFALG00000005060,FOXRED1,FOXRED1
4904,ENSFALG00000005061,ARHGEF26,ARHGEF26
4905,ENSFALG00000005062,SRSF1,ENSFALG00000005062
4906,ENSFALG00000005063,CPNE3,CPNE3
4907,ENSFALG00000005064,DCAF5,DCAF5
4908,ENSFALG00000005065,TMEM209,TMEM209
4909,ENSFALG00000005066,Ajm1,AJM1
4910,ENSFALG00000005067,SPAG17,SPAG17
4911,ENSFALG00000005068,TMEFF1,ENSFALG00000005068
4912,ENSFALG00000005069,MRPL32,MRPL32
4913,ENSFALG00000005070,RCAN1,RCAN1
4914,ENSFALG00000005071,ZMYND8,ZMYND8
4915,ENSFALG00000005072,ETS2,ETS2
4916,ENSFALG00000005073,DYNLL2,DYNLL2
4917,ENSFALG00000005074,UROD,UROD
4918,ENSFALG00000005075,Pf11,ENSFALG00000005075
4919,ENSFALG00000005076,EI24,EI24
4920,ENSFALG00000005077,SLC39A6,SLC39A6
4921,ENSFALG00000005078,CPA2,CPA2
4922,ENSFALG00000005079,Adamts7,ADAMTS7
4923,ENSFALG00000005080,Rabl6,RABL6
4924,ENSFALG00000005081,Cngb3,CNGB3
4925,ENSFALG00000005082,PSMA2,ENSFALG00000005082
4926,ENSFALG00000005083,Krf3,ENSFALG00000005083
4927,ENSFALG00000005084,ACTN1,ACTN1
4928,ENSFALG00000005085,Kcne1,ENSFALG00000005085
4929,ENSFALG00000005086,Heatr6,HEATR6
4930,ENSFALG00000005087,IBSP,IBSP
4931,ENSFALG00000005088,MBNL1,MBNL1
4932,ENSFALG00000005089,WDR3,WDR3
4933,ENSFALG00000005090,Ctnnal1,CTNNAL1
4934,ENSFALG00000005093,SLC5A3,MRPS6
4935,ENSFALG00000005094,ERG,ERG
4936,ENSFALG00000005095,Nrg1,NRG1
4937,ENSFALG00000005096,EYA2,EYA2
4938,ENSFALG00000005097,Oc116,ENSFALG00000005097
4939,ENSFALG00000005099,GDAP2,GDAP2
4940,ENSFALG00000005100,Cpa1,CPA1
4941,ENSFALG00000005101,HNF1B,HNF1B
4942,ENSFALG00000005102,Fam206a,ABITRAM
4943,ENSFALG00000005103,MEPE,ENSFALG00000005103
4944,ENSFALG00000005104,STT3A,STT3A
4945,ENSFALG00000005105,ATP5O,ENSFALG00000005105
4946,ENSFALG00000005107,RAD51B,RAD51B
4947,ENSFALG00000005108,MRPS34,MRPS34
4948,ENSFALG00000005109,HECTD3,ENSFALG00000005109
4949,ENSFALG00000005110,Dusp12,DUSP12
4950,ENSFALG00000005111,SPP1,ENSFALG00000005111
4951,ENSFALG00000005112,RABL6,AMBP
4952,ENSFALG00000005113,GLI3,GLI3
4953,ENSFALG00000005114,Kcnj6,KCNJ6
4954,ENSFALG00000005115,MMP16,MMP16
4955,ENSFALG00000005116,Cep41,CEP41
4956,ENSFALG00000005117,PLEKHH1,PLEKHH1
4957,ENSFALG00000005118,CHEK1,CHEK1
4958,ENSFALG00000005119,FUT10,FUT10
4959,ENSFALG00000005120,AADAC,AADAC
4960,ENSFALG00000005121,ATP6V1A,ATP6V1A
4961,ENSFALG00000005122,MORF4L1,MORF4L1
4962,ENSFALG00000005123,INHBA,INHBA
4963,ENSFALG00000005124,GLYR1,GLYR1
4964,ENSFALG00000005125,Elp2,ELP2
4965,ENSFALG00000005126,PDCD6IP,ENSFALG00000005126
4966,ENSFALG00000005127,NAA50,NAA50
4967,ENSFALG00000005128,PIGH,PIGH
4968,ENSFALG00000005129,USF3,USF3
4969,ENSFALG00000005130,Fnta,FNTA
4970,ENSFALG00000005131,SUGCT,SUGCT
4971,ENSFALG00000005132,EXD3,EXD3
4972,ENSFALG00000005133,CDON,CDON
4973,ENSFALG00000005133,CDON,CDON
4974,ENSFALG00000005133,CDON,CDON
4975,ENSFALG00000005134,Sidt1,SIDT1
4976,ENSFALG00000005135,MEST,MEST
4977,ENSFALG00000005136,SLC2A10,SLC2A10
4978,ENSFALG00000005137,KCMF1,KCMF1
4979,ENSFALG00000005138,IGSF10,IGSF10
4980,ENSFALG00000005139,PKD2,PKD2
4981,ENSFALG00000005139,PKD2,PKD2
4982,ENSFALG00000005140,DYRK1A,DYRK1A
4983,ENSFALG00000005140,DYRK1A,DYRK1A
4984,ENSFALG00000005141,ARG2,ARG2
4985,ENSFALG00000005142,HECTD3,ENSFALG00000005142
4986,ENSFALG00000005143,CDK13,CDK13
4987,ENSFALG00000005144,NOXA1,NOXA1
4988,ENSFALG00000005145,RIPK2,RIPK2
4989,ENSFALG00000005146,HOOK3,HOOK3
4990,ENSFALG00000005147,TP53RK,TP53RK
4991,ENSFALG00000005148,COPG2,COPG2
4992,ENSFALG00000005149,DDX25,DDX25
4993,ENSFALG00000005150,SPICE1,ENSFALG00000005150
4994,ENSFALG00000005151,P2ry13,P2RY13
4995,ENSFALG00000005152,SUSD5,SUSD5
4996,ENSFALG00000005153,EIF2B3,EIF2B3
4997,ENSFALG00000005154,UACA,UACA
4998,ENSFALG00000005155,DDX52,DDX52
4999,ENSFALG00000005155,DDX52,DDX52
5000,ENSFALG00000005156,GABBR2,GABBR2
5001,ENSFALG00000005157,SLC13A3,SLC13A3
5002,ENSFALG00000005158,Rogdi,ROGDI
5003,ENSFALG00000005159,PUS3,PUS3
5004,ENSFALG00000005160,IL15RA,ENSFALG00000005160
5005,ENSFALG00000005161,GPR87,GPR87
5006,ENSFALG00000005162,Crtap,CRTAP
5007,ENSFALG00000005163,PTCH2,PTCH2
5008,ENSFALG00000005164,Vti1b,VTI1B
5009,ENSFALG00000005166,VPS26C,VPS26C
5010,ENSFALG00000005167,RNF170,RNF170
5011,ENSFALG00000005168,OCSTAMP,OCSTAMP
5012,ENSFALG00000005169,CLRN1,CLRN1
5013,ENSFALG00000005170,RALA,RALA
5014,ENSFALG00000005171,RPUSD4,RPUSD4
5015,ENSFALG00000005172,ABCG2,ABCG2
5016,ENSFALG00000005173,ENTPD8,ENSFALG00000005173
5017,ENSFALG00000005174,OSGIN2,OSGIN2
5018,ENSFALG00000005175,BTBD19,BTBD19
5019,ENSFALG00000005176,Pdk2,ENSFALG00000005176
5020,ENSFALG00000005178,Mindy4b,ENSFALG00000005178
5021,ENSFALG00000005179,Trim45,TRIM45
5022,ENSFALG00000005180,RDH12,ENSFALG00000005180
5023,ENSFALG00000005181,Thap1,THAP1
5024,ENSFALG00000005183,TTC3,TTC3
5025,ENSFALG00000005184,PLK3,PLK3
5026,ENSFALG00000005185,DLX3,DLX3
5027,ENSFALG00000005186,Siah2,SIAH2
5028,ENSFALG00000005187,JPH2,JPH2
5029,ENSFALG00000005188,GALNT12,GALNT12
5030,ENSFALG00000005189,ZFYVE26,ZFYVE26
5031,ENSFALG00000005190,TMIE,ENSFALG00000005190
5032,ENSFALG00000005191,PLAC8,ENSFALG00000005191
5033,ENSFALG00000005192,PANX3,PANX3
5034,ENSFALG00000005194,CHRNB3,CHRNB3
5035,ENSFALG00000005195,ERICH6,ENSFALG00000005195
5036,ENSFALG00000005196,Vtcn1,VTCN1
5037,ENSFALG00000005197,RPS8,RPS8
5038,ENSFALG00000005198,NBN,NBN
5039,ENSFALG00000005199,Oser1,OSER1
5040,ENSFALG00000005200,Synrg,SYNRG
5041,ENSFALG00000005202,KAT7,KAT7
5042,ENSFALG00000005204,SULF1,ENSFALG00000005204
5043,ENSFALG00000005205,CTC1,ENSFALG00000005205
5044,ENSFALG00000005206,Selenot,SELENOT
5045,ENSFALG00000005207,COQ2,COQ2
5046,ENSFALG00000005209,CHRNA6,CHRNA6
5047,ENSFALG00000005210,MYL3,ENSFALG00000005210
5048,ENSFALG00000005212,Slco5a1,SLCO5A1
5049,ENSFALG00000005213,Anks6,ANKS6
5050,ENSFALG00000005214,PIGP,PIGP
5051,ENSFALG00000005215,SIAE,SIAE
5052,ENSFALG00000005216,YAE1,YAE1
5053,ENSFALG00000005217,Kif2c,KIF2C
5054,ENSFALG00000005218,Entpd8,ENSFALG00000005218
5055,ENSFALG00000005219,GDAP1L1,GDAP1L1
5056,ENSFALG00000005220,Lgalsla,ENSFALG00000005220
5057,ENSFALG00000005221,SULF1,SULF1
5058,ENSFALG00000005222,HPSE,HPSE
5059,ENSFALG00000005223,RIPPLY3,ENSFALG00000005223
5060,ENSFALG00000005224,POU6F2,POU6F2
5061,ENSFALG00000005225,IRX1,IRX1
5062,ENSFALG00000005226,Armh1,ENSFALG00000005226
5063,ENSFALG00000005227,Tmem203,TMEM203
5064,ENSFALG00000005228,Spa17,SPA17
5065,ENSFALG00000005229,Decr1,DECR1
5066,ENSFALG00000005230,TNFRSF1A,ENSFALG00000005230
5067,ENSFALG00000005230,TNFRSF1A,ENSFALG00000005230
5068,ENSFALG00000005231,Fitm2,FITM2
5069,ENSFALG00000005232,PLEK2,PLEK2
5070,ENSFALG00000005233,TADA2A,TADA2A
5071,ENSFALG00000005234,C8orf34,C8orf34
5072,ENSFALG00000005235,HLCS,HLCS
5073,ENSFALG00000005236,TMEM53,TMEM53
5074,ENSFALG00000005237,Idua,IDUA
5075,ENSFALG00000005238,VPS41,VPS41
5076,ENSFALG00000005239,ESAM,ESAM
5077,ENSFALG00000005240,NDOR1,NDOR1
5078,ENSFALG00000005241,EIF2A,EIF2A
5079,ENSFALG00000005241,EIF2A,EIF2A
5080,ENSFALG00000005242,R3HDML,R3HDML
5081,ENSFALG00000005243,Irx2,IRX2
5082,ENSFALG00000005244,Eif2s1,EIF2S1
5083,ENSFALG00000005245,BPI,ENSFALG00000005245
5084,ENSFALG00000005246,SLC26A1,ENSFALG00000005246
5085,ENSFALG00000005247,Sim2,SIM2
5086,ENSFALG00000005248,ACACA,ACACA
5087,ENSFALG00000005249,METTL16,METTL16
5088,ENSFALG00000005250,HNF4A,HNF4A
5089,ENSFALG00000005251,Rnf208,RNF208
5090,ENSFALG00000005252,Rnf220,RNF220
5091,ENSFALG00000005253,Calb1,CALB1
5092,ENSFALG00000005254,Commd7,ENSFALG00000005254
5093,ENSFALG00000005255,HELQ,HELQ
5094,ENSFALG00000005256,PTH1R,ENSFALG00000005256
5095,ENSFALG00000005256,PTH1R,ENSFALG00000005256
5096,ENSFALG00000005257,Msantd2,MSANTD2
5097,ENSFALG00000005258,IRX4,IRX4
5098,ENSFALG00000005259,Purp,ENSFALG00000005259
5099,ENSFALG00000005260,ASCC3,ASCC3
5100,ENSFALG00000005261,TTPAL,TTPAL
5101,ENSFALG00000005262,Lrrc26,ENSFALG00000005262
5102,ENSFALG00000005263,TRABD2B,TRABD2B
5103,ENSFALG00000005264,Atp6v1d,ATP6V1D
5104,ENSFALG00000005265,Mrps18c,ENSFALG00000005265
5105,ENSFALG00000005266,BPI,ENSFALG00000005266
5106,ENSFALG00000005267,TSC22D2,TSC22D2
5107,ENSFALG00000005268,PREX2,PREX2
5108,ENSFALG00000005269,POLQ,POLQ
5109,ENSFALG00000005270,AATF,AATF
5110,ENSFALG00000005271,ROBO3,ENSFALG00000005271
5111,ENSFALG00000005272,LRRC14,ENSFALG00000005272
5112,ENSFALG00000005274,Abraxas1,ABRAXAS1
5113,ENSFALG00000005275,LRRC14,ENSFALG00000005275
5114,ENSFALG00000005276,SERINC3,SERINC3
5115,ENSFALG00000005277,Pfn2,PFN2
5116,ENSFALG00000005277,PFN2,PFN2
5117,ENSFALG00000005278,SLC5A9,SLC5A9
5118,ENSFALG00000005279,LRRC14,ENSFALG00000005279
5119,ENSFALG00000005280,PALS1,MPP5
5120,ENSFALG00000005281,Grik2,GRIK2
5121,ENSFALG00000005282,STXBP5L,STXBP5L
5122,ENSFALG00000005283,ERI3,ERI3
5123,ENSFALG00000005284,RNF13,RNF13
5124,ENSFALG00000005286,Tmem64,TMEM64
5125,ENSFALG00000005287,Cdk5rap1,CDK5RAP1
5126,ENSFALG00000005288,DMAP1,DMAP1
5127,ENSFALG00000005289,PDE6B,PDE6B
5128,ENSFALG00000005290,GTF2E1,GTF2E1
5129,ENSFALG00000005291,LHX1,LHX1
5130,ENSFALG00000005292,NECAB1,NECAB1
5131,ENSFALG00000005293,Klf4,ENSFALG00000005293
5132,ENSFALG00000005294,Mrm1,MRM1
5133,ENSFALG00000005295,Pip4p2,PIP4P2
5134,ENSFALG00000005296,Rabl3,RABL3
5135,ENSFALG00000005297,Grin1,GRIN1
5136,ENSFALG00000005297,GRIN1,GRIN1
5137,ENSFALG00000005298,SLC6A9,SLC6A9
5138,ENSFALG00000005299,DHRS11,DHRS11
5139,ENSFALG00000005300,GPHN,GPHN
5140,ENSFALG00000005301,OTUD6B,OTUD6B
5141,ENSFALG00000005302,ROBO4,ENSFALG00000005302
5142,ENSFALG00000005303,SPATA6,SPATA6
5143,ENSFALG00000005304,GPAT3,ENSFALG00000005304
5144,ENSFALG00000005305,COMMD2,COMMD2
5145,ENSFALG00000005306,B4GALT2,B4GALT2
5146,ENSFALG00000005307,HGD,HGD
5147,ENSFALG00000005308,PAPPA,PAPPA
5148,ENSFALG00000005309,AGBL4,ENSFALG00000005309
5149,ENSFALG00000005310,Bpifb3,ENSFALG00000005310
5150,ENSFALG00000005311,Wwtr1,WWTR1
5151,ENSFALG00000005311,Wwtr1,WWTR1
5152,ENSFALG00000005312,NDUFB4,NDUFB4
5153,ENSFALG00000005313,SLC26A7,SLC26A7
5154,ENSFALG00000005314,TM4SF4,TM4SF4
5155,ENSFALG00000005315,BEND5,BEND5
5156,ENSFALG00000005316,HEPACAM,HEPACAM
5157,ENSFALG00000005317,ADA,ADA
5158,ENSFALG00000005318,FSTL1,FSTL1
5159,ENSFALG00000005319,BPIFB2,ENSFALG00000005319
5160,ENSFALG00000005320,Ccdc15,ENSFALG00000005320
5161,ENSFALG00000005321,TM4SF1,TM4SF1
5162,ENSFALG00000005322,BEND5,ENSFALG00000005322
5163,ENSFALG00000005323,ATP6V0B,ATP6V0B
5164,ENSFALG00000005324,Lrrc58,LRRC58
5165,ENSFALG00000005325,TNC,TNC
5166,ENSFALG00000005326,GGNBP2,GGNBP2
5167,ENSFALG00000005326,GGNBP2,GGNBP2
5168,ENSFALG00000005327,Bpifb4,BPIFB3
5169,ENSFALG00000005328,Nkx61,NKX6-1
5170,ENSFALG00000005330,TM4SF18,TM4SF18
5171,ENSFALG00000005331,ELAVL4,ELAVL4
5172,ENSFALG00000005331,ELAVL4,ELAVL4
5173,ENSFALG00000005332,Cpa6,CPA6
5174,ENSFALG00000005333,GPR156,GPR156
5175,ENSFALG00000005333,GPR156,GPR156
5176,ENSFALG00000005334,rbf,ENSFALG00000005334
5177,ENSFALG00000005335,CP,CP
5178,ENSFALG00000005336,Mapre1,MAPRE1
5179,ENSFALG00000005337,SLC37A2,SLC37A2
5180,ENSFALG00000005338,CDS1,CDS1
5181,ENSFALG00000005339,DPH2,DPH2
5182,ENSFALG00000005340,Bmf,BMF
5183,ENSFALG00000005341,TMEM175,TMEM175
5184,ENSFALG00000005342,CCN5,CCN5
5185,ENSFALG00000005343,RUNX1T1,RUNX1T1
5186,ENSFALG00000005343,RUNX1T1,RUNX1T1
5187,ENSFALG00000005344,Cd163,ENSFALG00000005344
5188,ENSFALG00000005346,GSK3B,GSK3B
5189,ENSFALG00000005347,MYO19,MYO19
5190,ENSFALG00000005348,ZNF618,ZNF618
5191,ENSFALG00000005349,Srp14,SRP14
5192,ENSFALG00000005350,TNFSF8,TNFSF8
5193,ENSFALG00000005350,TNFSF8,TNFSF8
5194,ENSFALG00000005351,Kcnk9,KCNK15
5195,ENSFALG00000005352,HPS3,HPS3
5196,ENSFALG00000005353,Dmrta2,DMRTA2
5197,ENSFALG00000005354,Znhit3,ZNHIT3
5198,ENSFALG00000005355,TNFSF15,TNFSF15
5199,ENSFALG00000005356,GAK,GAK
5200,ENSFALG00000005357,CA4,CA4
5201,ENSFALG00000005358,DNMT3B,DNMT3B
5202,ENSFALG00000005359,RIMS4,RIMS4
5203,ENSFALG00000005360,FAF1,FAF1
5204,ENSFALG00000005361,RGS3,RGS3
5205,ENSFALG00000005362,EIF2AK4,EIF2AK4
5206,ENSFALG00000005363,WDFY3,WDFY3
5207,ENSFALG00000005364,TMEM268,TMEM268
5208,ENSFALG00000005365,USP32,ENSFALG00000005365
5209,ENSFALG00000005366,YWHAB,YWHAB
5210,ENSFALG00000005367,PIGG,PIGG
5211,ENSFALG00000005368,IPO13,IPO13
5212,ENSFALG00000005369,Pogk,ENSFALG00000005369
5213,ENSFALG00000005370,CFAP91,ENSFALG00000005370
5214,ENSFALG00000005371,CDKN2C,CDKN2C
5215,ENSFALG00000005372,PABPC1L,PABPC1L
5216,ENSFALG00000005373,Trabd2a,TRABD2A
5217,ENSFALG00000005374,TUBA3A,ENSFALG00000005374
5218,ENSFALG00000005375,Triqk,TRIQK
5219,ENSFALG00000005376,GPR176,GPR176
5220,ENSFALG00000005377,ATP6V1G1,ATP6V1G1
5221,ENSFALG00000005378,RNF11,ENSFALG00000005378
5222,ENSFALG00000005379,PPM1K,PPM1K
5223,ENSFALG00000005380,ARFGEF1,ARFGEF1
5224,ENSFALG00000005381,COX17,ENSFALG00000005381
5225,ENSFALG00000005382,Tomm34,TOMM34
5226,ENSFALG00000005383,GYG1,GYG1
5227,ENSFALG00000005384,FSIP1,FSIP1
5228,ENSFALG00000005385,Appbp2,ENSFALG00000005385
5229,ENSFALG00000005386,NOL4L,NOL4L
5230,ENSFALG00000005387,CIBAR1,FAM92A
5231,ENSFALG00000005388,RGS6,RGS6
5232,ENSFALG00000005389,WHRN,WHRN
5233,ENSFALG00000005390,LRBA,LRBA
5234,ENSFALG00000005391,Pole3,ENSFALG00000005391
5235,ENSFALG00000005392,POPDC2,POPDC2
5236,ENSFALG00000005393,THBS1,THBS1
5237,ENSFALG00000005394,CSPP1,CSPP1
5238,ENSFALG00000005395,TTC39A,TTC39A
5239,ENSFALG00000005396,TMEM67,TMEM67
5240,ENSFALG00000005397,Pknox2,PKNOX2
5241,ENSFALG00000005398,STK4,STK4
5242,ENSFALG00000005399,ARTN,ARTN
5243,ENSFALG00000005400,Dpf3,DPF3
5244,ENSFALG00000005401,ALAD,ALAD
5245,ENSFALG00000005402,PLA1A,PLA1A
5246,ENSFALG00000005403,Dclk2,DCLK2
5247,ENSFALG00000005404,AKNA,ENSFALG00000005404
5248,ENSFALG00000005405,Ppm1d,PPM1D
5249,ENSFALG00000005406,PDP1,PDP1
5250,ENSFALG00000005407,KATNBL1,KATNBL1
5251,ENSFALG00000005408,Cops5,COPS5
5252,ENSFALG00000005409,ASXL1,ASXL1
5253,ENSFALG00000005410,ST3GAL3,ST3GAL3
5254,ENSFALG00000005411,Cd58,ENSFALG00000005411
5255,ENSFALG00000005412,Bspry,BSPRY
5256,ENSFALG00000005413,Akna,ENSFALG00000005413
5257,ENSFALG00000005414,KCNS1,KCNS1
5258,ENSFALG00000005415,NR3C2,NR3C2
5259,ENSFALG00000005416,Fez1,FEZ1
5260,ENSFALG00000005417,MATN4,MATN4
5261,ENSFALG00000005418,Emc7,EMC7
5262,ENSFALG00000005419,WDR31,WDR31
5263,ENSFALG00000005420,Fgl1l,ENSFALG00000005420
5264,ENSFALG00000005421,CDH17,CDH17
5265,ENSFALG00000005422,BCAS3,BCAS3
5266,ENSFALG00000005423,PRPF4,PRPF4
5267,ENSFALG00000005424,DCAF4,ENSFALG00000005424
5268,ENSFALG00000005425,KDM4A,ENSFALG00000005425
5269,ENSFALG00000005426,KIF3B,KIF3B
5270,ENSFALG00000005427,AVEN,AVEN
5271,ENSFALG00000005428,Rbpjl,RBPJL
5272,ENSFALG00000005429,ARHGAP10,ARHGAP10
5273,ENSFALG00000005430,PPP1R42,PPP1R42
5274,ENSFALG00000005432,SLC31A1,SLC31A1
5275,ENSFALG00000005433,ZFYVE1,ZFYVE1
5276,ENSFALG00000005434,POFUT1,POFUT1
5277,ENSFALG00000005435,MCMDC2,MCMDC2
5278,ENSFALG00000005437,FKBP15,FKBP15
5279,ENSFALG00000005438,PRMT9,PRMT9
5280,ENSFALG00000005439,SGK3,SGK3
5281,ENSFALG00000005440,ZBTB44,ZBTB44
5282,ENSFALG00000005441,VCPIP1,VCPIP1
5283,ENSFALG00000005442,EPS15,EPS15
5284,ENSFALG00000005442,EPS15,EPS15
5285,ENSFALG00000005443,Stxbp1,STXBP1
5286,ENSFALG00000005443,STXBP1,STXBP1
5287,ENSFALG00000005444,MYBL1,MYBL1
5288,ENSFALG00000005445,RBM25,RBM25
5289,ENSFALG00000005446,TMEM184C,TMEM184C
5290,ENSFALG00000005447,ADHFE1,ENSFALG00000005447
5291,ENSFALG00000005448,SDC4,SDC4
5292,ENSFALG00000005449,PLAGL2,PLAGL2
5293,ENSFALG00000005450,Lrsam1,LRSAM1
5294,ENSFALG00000005451,GEM,GEM
5295,ENSFALG00000005452,Adamts8,ADAMTS8
5296,ENSFALG00000005453,TRIM55,TRIM55
5297,ENSFALG00000005454,SYS1,ENSFALG00000005454
5298,ENSFALG00000005455,NRN1,ENSFALG00000005455
5299,ENSFALG00000005456,CRH,CRH
5300,ENSFALG00000005457,TM9SF4,TM9SF4
5301,ENSFALG00000005458,Tbx2b,TBX2
5302,ENSFALG00000005459,DBNDD2,DBNDD2
5303,ENSFALG00000005460,EDNRA,EDNRA
5304,ENSFALG00000005461,DNAJC5B,DNAJC5B
5305,ENSFALG00000005462,HCK,HCK
5306,ENSFALG00000005463,PTPRF,PTPRF
5307,ENSFALG00000005464,PDE7A,PDE7A
5308,ENSFALG00000005465,CCM2L,ENSFALG00000005465
5309,ENSFALG00000005466,PSEN1,PSEN1
5310,ENSFALG00000005467,RAD54B,ENSFALG00000005467
5311,ENSFALG00000005468,Xkr7,XKR7
5312,ENSFALG00000005469,RPL12,RPL12
5313,ENSFALG00000005470,Pigt,PIGT
5314,ENSFALG00000005471,TTC29,TTC29
5315,ENSFALG00000005472,PDRG1,PDRG1
5316,ENSFALG00000005473,ZMYND19,ZMYND19
5317,ENSFALG00000005474,TBX4,TBX4
5318,ENSFALG00000005475,MTFR1,MTFR1
5319,ENSFALG00000005475,MTFR1,MTFR1
5320,ENSFALG00000005476,RYR3,ENSFALG00000005476
5321,ENSFALG00000005477,OSBPL9,OSBPL9
5322,ENSFALG00000005478,Slc10a7a,SLC10A7
5323,ENSFALG00000005479,Il36rn,ENSFALG00000005479
5324,ENSFALG00000005480,DUSP15,DUSP15
5325,ENSFALG00000005481,PAPLN,PAPLN
5326,ENSFALG00000005482,FSBP,ENSFALG00000005482
5327,ENSFALG00000005483,Pcbd1,PCBD1
5328,ENSFALG00000005484,Adamts15,ADAMTS15
5329,ENSFALG00000005485,Fam129b,NIBAN2
5330,ENSFALG00000005485,Fam129b,NIBAN2
5331,ENSFALG00000005486,DPH7,DPH7
5332,ENSFALG00000005487,ARMC1,ARMC1
5333,ENSFALG00000005488,Il36rn,ENSFALG00000005488
5334,ENSFALG00000005489,BRIP1,BRIP1
5335,ENSFALG00000005491,NUMB,NUMB
5336,ENSFALG00000005492,CYP7B1,CYP7B1
5337,ENSFALG00000005493,SGPL1,SGPL1
5338,ENSFALG00000005494,Slc31a2,SLC31A2
5339,ENSFALG00000005496,Acot5,ENSFALG00000005496
5340,ENSFALG00000005497,VIRMA,VIRMA
5341,ENSFALG00000005498,Tmed4,TMED4
5342,ENSFALG00000005499,NRDC,NRDC
5343,ENSFALG00000005500,Acot2,ENSFALG00000005500
5344,ENSFALG00000005503,YTHDF3,YTHDF3
5345,ENSFALG00000005503,YTHDF3,YTHDF3
5346,ENSFALG00000005504,ESRP1,ESRP1
5347,ENSFALG00000005505,INTS2,INTS2
5348,ENSFALG00000005507,REELD1,ENSFALG00000005507
5349,ENSFALG00000005508,Acot2,ENSFALG00000005508
5350,ENSFALG00000005509,LSM6,LSM6
5351,ENSFALG00000005510,DPY19L4,DPY19L4
5352,ENSFALG00000005511,Dnal1,DNAL1
5353,ENSFALG00000005512,SRC,SRC
5354,ENSFALG00000005512,SRC,SRC
5355,ENSFALG00000005513,MED13,MED13
5356,ENSFALG00000005514,TTPA,TTPA
5357,ENSFALG00000005515,Snx19,SNX19
5358,ENSFALG00000005516,ZNF827,ZNF827
5359,ENSFALG00000005517,CACNA1B,CACNA1B
5360,ENSFALG00000005517,CACNA1B,CACNA1B
5361,ENSFALG00000005518,FOXS1,FOXS1
5362,ENSFALG00000005519,Mylk2,MYLK2
5363,ENSFALG00000005520,RNFT1,RNFT1
5364,ENSFALG00000005521,PNPLA7,PNPLA7
5365,ENSFALG00000005522,Elmsan1,ELMSAN1
5366,ENSFALG00000005523,Cadn,ENSFALG00000005523
5367,ENSFALG00000005524,PSMD4,PSMD4
5368,ENSFALG00000005525,Ggh,GGH
5369,ENSFALG00000005526,MMAA,MMAA
5370,ENSFALG00000005527,BUD13,BUD13
5371,ENSFALG00000005528,TPX2,TPX2
5372,ENSFALG00000005529,Tbkbp1,ENSFALG00000005529
5373,ENSFALG00000005530,PTGR2,ENSFALG00000005530
5374,ENSFALG00000005531,Rps6kb1,RPS6KB1
5375,ENSFALG00000005532,EHMT1,EHMT1
5376,ENSFALG00000005533,Kpnb1,KPNB1
5377,ENSFALG00000005534,NTM,NTM
5378,ENSFALG00000005536,SMAD1,SMAD1
5379,ENSFALG00000005537,Szt2,SZT2
5380,ENSFALG00000005538,OTUD4,OTUD4
5381,ENSFALG00000005539,ABCE1,ABCE1
5382,ENSFALG00000005540,Anapc10,ENSFALG00000005540
5383,ENSFALG00000005541,ZPR1,ZPR1
5384,ENSFALG00000005542,Nkain3,NKAIN3
5385,ENSFALG00000005543,HHIP,HHIP
5386,ENSFALG00000005544,Bcl2l1,BCL2L1
5387,ENSFALG00000005545,RAB3B,RAB3B
5388,ENSFALG00000005546,HYI,HYI
5389,ENSFALG00000005547,ASPH,ASPH
5390,ENSFALG00000005548,Tmem62,TMEM62
5391,ENSFALG00000005549,MANBAL,MANBAL
5392,ENSFALG00000005550,TXNDC12,TXNDC12
5393,ENSFALG00000005551,INTS8,INTS8
5394,ENSFALG00000005552,CLVS1,CLVS1
5395,ENSFALG00000005553,GHRH,GHRH
5396,ENSFALG00000005554,AFF1,AFF1
5397,ENSFALG00000005555,Slc8a2,SLC8A2
5398,ENSFALG00000005556,TUBD1,TUBD1
5399,ENSFALG00000005557,RPN2,RPN2
5400,ENSFALG00000005558,EMILIN3,EMILIN3
5401,ENSFALG00000005559,UBR1,UBR1
5402,ENSFALG00000005560,MED8,MED8
5403,ENSFALG00000005561,LPIN3,LPIN3
5404,ENSFALG00000005562,ARRDC1,ARRDC1
5405,ENSFALG00000005563,OPCML,OPCML
5406,ENSFALG00000005564,BTF3L4,BTF3L4
5407,ENSFALG00000005565,VMP1,VMP1
5408,ENSFALG00000005566,ZHX3,ZHX3
5409,ENSFALG00000005567,APOA5,APOA5
5410,ENSFALG00000005568,ZFYVE9,ZFYVE9
5411,ENSFALG00000005569,CCNE2,CCNE2
5412,ENSFALG00000005570,CHD7,CHD7
5413,ENSFALG00000005571,PTPN13,PTPN13
5414,ENSFALG00000005572,Rds2,ENSFALG00000005572
5415,ENSFALG00000005574,PLCG1,PLCG1
5416,ENSFALG00000005575,CLTC,CLTC
5417,ENSFALG00000005576,RYR3,ENSFALG00000005576
5418,ENSFALG00000005577,CC2D1B,CC2D1B
5419,ENSFALG00000005578,APOA4,APOA4
5420,ENSFALG00000005579,NSMF,NSMF
5421,ENSFALG00000005580,BPI,ENSFALG00000005580
5422,ENSFALG00000005581,ELOVL1,ELOVL1
5423,ENSFALG00000005582,NELFB,NELFB
5424,ENSFALG00000005583,TTBK2,TTBK2
5425,ENSFALG00000005584,FMN1,ENSFALG00000005584
5426,ENSFALG00000005585,MAPK10,MAPK10
5427,ENSFALG00000005586,TOP1,TOP1
5428,ENSFALG00000005587,DHX40,DHX40
5429,ENSFALG00000005588,ORC1,ORC1
5430,ENSFALG00000005589,TPRN,ENSFALG00000005589
5431,ENSFALG00000005591,Apoa1,APOA1
5432,ENSFALG00000005592,Cdan1,ENSFALG00000005592
5433,ENSFALG00000005593,IGSF9B,IGSF9B
5434,ENSFALG00000005594,ARHGAP24,ARHGAP24
5435,ENSFALG00000005596,FMN1,FMN1
5436,ENSFALG00000005597,YPEL2,YPEL2
5437,ENSFALG00000005598,Prpf38a,ENSFALG00000005598
5438,ENSFALG00000005599,Tbb,ENSFALG00000005599
5439,ENSFALG00000005601,CDC20,CDC20
5440,ENSFALG00000005602,JAM3,JAM3
5441,ENSFALG00000005603,TP53INP1,TP53INP1
5442,ENSFALG00000005604,Anapc2,ANAPC2
5443,ENSFALG00000005605,Gdpd1,GDPD1
5444,ENSFALG00000005606,FAM166A,ENSFALG00000005606
5445,ENSFALG00000005607,TUT4,TUT4
5446,ENSFALG00000005608,Sik3,SIK3
5447,ENSFALG00000005609,Ndufaf6,NDUFAF6
5448,ENSFALG00000005610,Fam98b,FAM98B
5449,ENSFALG00000005610,Fam98b,FAM98B
5450,ENSFALG00000005611,STARD9,ENSFALG00000005611
5451,ENSFALG00000005612,MAFB,MAFB
5452,ENSFALG00000005612,Mafb,MAFB
5453,ENSFALG00000005613,RAB2A,RAB2A
5454,ENSFALG00000005614,SMG8,ENSFALG00000005614
5455,ENSFALG00000005615,COPS4,COPS4
5456,ENSFALG00000005615,Cops4,COPS4
5457,ENSFALG00000005616,NCAPD3,NCAPD3
5458,ENSFALG00000005617,GPX7,GPX7
5459,ENSFALG00000005618,MPL,MPL
5460,ENSFALG00000005619,CFAP418,C8orf37
5461,ENSFALG00000005620,SCG5,SCG5
5462,ENSFALG00000005621,SHISAL2A,SHISAL2A
5463,ENSFALG00000005622,DHX35,ENSFALG00000005622
5464,ENSFALG00000005623,PRR11,PRR11
5465,ENSFALG00000005624,COA7,COA7
5466,ENSFALG00000005625,GDF6,GDF6
5467,ENSFALG00000005626,SKA2,ENSFALG00000005626
5468,ENSFALG00000005627,DHX35,ENSFALG00000005627
5469,ENSFALG00000005628,ZYG11A,ZYG11B
5470,ENSFALG00000005629,UQCRB,UQCRB
5471,ENSFALG00000005630,Arhgap11a,ENSFALG00000005630
5472,ENSFALG00000005632,Id1,ENSFALG00000005632
5473,ENSFALG00000005633,TIE1,TIE1
5474,ENSFALG00000005634,Fam83d,ENSFALG00000005634
5475,ENSFALG00000005635,MTERF3,MTERF3
5476,ENSFALG00000005636,LIN54,LIN54
5477,ENSFALG00000005637,LRRC57,ENSFALG00000005637
5478,ENSFALG00000005638,Ca8,CA8
5479,ENSFALG00000005639,ECHDC2,ECHDC2
5480,ENSFALG00000005640,TRIM37,TRIM37
5481,ENSFALG00000005641,C8H1orf210,ENSFALG00000005641
5482,ENSFALG00000005642,RASGRP1,RASGRP1
5483,ENSFALG00000005643,SNAP23,SNAP23
5484,ENSFALG00000005644,PTDSS1,PTDSS1
5485,ENSFALG00000005645,VPS26B,VPS26B
5486,ENSFALG00000005646,THAP9,THAP9
5487,ENSFALG00000005647,CEP164,ENSFALG00000005647
5488,ENSFALG00000005647,CEP164,ENSFALG00000005647
5489,ENSFALG00000005648,Hm13,HM13
5490,ENSFALG00000005649,FAM83D,ENSFALG00000005649
5491,ENSFALG00000005649,Fam83db,ENSFALG00000005649
5492,ENSFALG00000005650,CFAP57,CFAP57
5493,ENSFALG00000005651,ZNF106,ZNF106
5494,ENSFALG00000005652,SPRED1,SPRED1
5495,ENSFALG00000005653,MEIS2,MEIS2
5496,ENSFALG00000005654,SDC2,SDC2
5497,ENSFALG00000005654,SDC2,SDC2
5498,ENSFALG00000005655,PAFAH1B2,PAFAH1B2
5499,ENSFALG00000005656,SCP2,SCP2
5500,ENSFALG00000005656,SCP2,SCP2
5501,ENSFALG00000005657,PPP1R16B,PPP1R16B
5502,ENSFALG00000005658,Ebna1bp2,EBNA1BP2
5503,ENSFALG00000005659,CDIN1,C15orf41
5504,ENSFALG00000005660,PPM1E,PPM1E
5505,ENSFALG00000005661,THYN1,THYN1
5506,ENSFALG00000005662,SEC31A,SEC31A
5507,ENSFALG00000005662,SEC31A,SEC31A
5508,ENSFALG00000005663,CPQ,CPQ
5509,ENSFALG00000005664,Odf3,ENSFALG00000005664
5510,ENSFALG00000005665,FAM183A,FAM183A
5511,ENSFALG00000005666,REM1,REM1
5512,ENSFALG00000005667,Rad51c,RAD51C
5513,ENSFALG00000005668,PIF1,PIF1
5514,ENSFALG00000005669,ACAD8,ACAD8
5515,ENSFALG00000005670,ACTR5,ACTR5
5516,ENSFALG00000005671,DPH6,DPH6
5517,ENSFALG00000005672,CAPN3,CAPN3
5518,ENSFALG00000005673,Nrsn2,ENSFALG00000005673
5519,ENSFALG00000005674,St6galnac3,ST6GALNAC3
5520,ENSFALG00000005675,Sidt2,SIDT2
5521,ENSFALG00000005676,Mtdh,MTDH
5522,ENSFALG00000005677,ZNF770,ZNF770
5523,ENSFALG00000005678,Podn,PODN
5524,ENSFALG00000005679,Tex14,ENSFALG00000005679
5525,ENSFALG00000005680,TBC1D20,TBC1D20
5526,ENSFALG00000005681,ST6GALNAC5,ST6GALNAC5
5527,ENSFALG00000005682,ARHGAP40,ARHGAP40
5528,ENSFALG00000005683,AQR,AQR
5529,ENSFALG00000005684,SLC32A1,SLC32A1
5530,ENSFALG00000005685,Glb1l2,ENSFALG00000005685
5531,ENSFALG00000005686,Opsp,ENSFALG00000005686
5532,ENSFALG00000005687,LAPTM4B,LAPTM4B
5533,ENSFALG00000005688,ACTC1,ACTC1
5534,ENSFALG00000005689,Scd5,SCD5
5535,ENSFALG00000005690,Pigk,PIGK
5536,ENSFALG00000005691,MATN2,ENSFALG00000005691
5537,ENSFALG00000005692,Gjd2,ENSFALG00000005692
5538,ENSFALG00000005693,CSNK2A1,ENSFALG00000005693
5539,ENSFALG00000005694,TMEM150C,TMEM150C
5540,ENSFALG00000005695,DOC2B,DOC2B
5541,ENSFALG00000005696,MATN2,ENSFALG00000005696
5542,ENSFALG00000005697,STXBP6,STXBP6
5543,ENSFALG00000005698,SGK2,SGK2
5544,ENSFALG00000005699,Enoph1,ENOPH1
5545,ENSFALG00000005700,RPH3AL,ENSFALG00000005700
5546,ENSFALG00000005701,RPL30,RPL30
5547,ENSFALG00000005702,SLC1A7,SLC1A7
5548,ENSFALG00000005703,NOVA1,NOVA1
5549,ENSFALG00000005704,RIDA,RIDA
5550,ENSFALG00000005705,AK5,AK5
5551,ENSFALG00000005706,TBX19,TBX19
5552,ENSFALG00000005707,RFLNB,RFLNB
5553,ENSFALG00000005707,RFLNB,RFLNB
5554,ENSFALG00000005708,FOXG1,FOXG1
5555,ENSFALG00000005709,HNRNPDL,HNRNPDL
5556,ENSFALG00000005710,Tagln,TAGLN
5557,ENSFALG00000005711,POP1,POP1
5558,ENSFALG00000005712,Xcl1,ENSFALG00000005712
5559,ENSFALG00000005713,TCF15,TCF15
5560,ENSFALG00000005714,DPT,DPT
5561,ENSFALG00000005715,ZZZ3,ENSFALG00000005715
5562,ENSFALG00000005716,HNRNPD,HNRNPD
5563,ENSFALG00000005717,SRXN1,SRXN1
5564,ENSFALG00000005718,SCRT2,SCRT2
5565,ENSFALG00000005719,SFT2D2,SFT2D2
5566,ENSFALG00000005720,NIPAL2,NIPAL2
5567,ENSFALG00000005721,SLC52A3,SLC52A3
5568,ENSFALG00000005722,ATP1B1,ATP1B1
5569,ENSFALG00000005723,B3GAT1,B3GAT1
5570,ENSFALG00000005724,CPT2,CPT2
5571,ENSFALG00000005725,STK3,STK3
5572,ENSFALG00000005726,VPS53,VPS53
5573,ENSFALG00000005727,USP33,USP33
5574,ENSFALG00000005728,PRKD1,PRKD1
5575,ENSFALG00000005729,TIPRL,TIPRL
5576,ENSFALG00000005730,Abcg24,ENSFALG00000005730
5577,ENSFALG00000005731,OSR2,OSR2
5578,ENSFALG00000005732,Wbc30,ENSFALG00000005732
5579,ENSFALG00000005733,ANGPT4,ANGPT4
5580,ENSFALG00000005734,MIGA1,MIGA1
5581,ENSFALG00000005735,IFT52,IFT52
5582,ENSFALG00000005736,VPS13B,ENSFALG00000005736
5583,ENSFALG00000005737,Wbc30,ENSFALG00000005737
5584,ENSFALG00000005740,Wbc30,ENSFALG00000005740
5585,ENSFALG00000005741,SNTG1,SNTG1
5586,ENSFALG00000005742,PCSK7,PCSK7
5587,ENSFALG00000005743,GPR161,GPR161
5588,ENSFALG00000005744,NME7,NME7
5589,ENSFALG00000005745,MYBL2,MYBL2
5590,ENSFALG00000005746,VPS13B,ENSFALG00000005746
5591,ENSFALG00000005748,Nexn,NEXN
5592,ENSFALG00000005749,MAGOH,MAGOH
5593,ENSFALG00000005750,PRKG2,PRKG2
5594,ENSFALG00000005751,Rspo4,RSPO4
5595,ENSFALG00000005752,BLZF1,BLZF1
5596,ENSFALG00000005753,PTPRT,PTPRT
5597,ENSFALG00000005754,ATP12A,ATP12A
5598,ENSFALG00000005755,Ttf2,ENSFALG00000005755
5599,ENSFALG00000005756,CCDC181,CCDC181
5600,ENSFALG00000005757,PPDPFL,ENSFALG00000005757
5601,ENSFALG00000005757,Ppdpfl,ENSFALG00000005757
5602,ENSFALG00000005758,SCN3B,SCN3B
5603,ENSFALG00000005759,CPOX,ENSFALG00000005759
5604,ENSFALG00000005760,PSMF1,PSMF1
5605,ENSFALG00000005761,GANC,ENSFALG00000005761
5606,ENSFALG00000005762,Snai2,ENSFALG00000005762
5607,ENSFALG00000005764,TLCD3A,TLCD3A
5608,ENSFALG00000005765,Slc19a2,SLC19A2
5609,ENSFALG00000005766,COX6C,ENSFALG00000005766
5610,ENSFALG00000005767,Soga1,SOGA1
5611,ENSFALG00000005768,FUBP1,FUBP1
5612,ENSFALG00000005769,UBE2V2,UBE2V2
5613,ENSFALG00000005770,MTHFS,ENSFALG00000005770
5614,ENSFALG00000005771,ST3GAL6,ST3GAL6
5615,ENSFALG00000005772,RGS22,RGS22
5616,ENSFALG00000005773,RAD21L1,RAD21L1
5617,ENSFALG00000005774,BCL2A1,BCL2A1
5618,ENSFALG00000005775,LRP8,LRP8
5619,ENSFALG00000005775,LRP8,LRP8
5620,ENSFALG00000005776,DNAJB4,DNAJB4
5621,ENSFALG00000005777,GRAMD1B,GRAMD1B
5622,ENSFALG00000005778,MCM4,MCM4
5623,ENSFALG00000005779,SNPH,SNPH
5624,ENSFALG00000005780,GEMIN4,GEMIN4
5625,ENSFALG00000005781,Gipc1,GIPC2
5626,ENSFALG00000005782,ZFAND6,ZFAND6
5627,ENSFALG00000005783,G2E3,G2E3
5628,ENSFALG00000005783,G2E3,G2E3
5629,ENSFALG00000005784,FBXO43,FBXO43
5630,ENSFALG00000005785,PRKDC,PRKDC
5631,ENSFALG00000005786,SDCBP2,SDCBP2
5632,ENSFALG00000005787,ACSS2,ACSS2
5633,ENSFALG00000005788,COL8A1,COL8A1
5634,ENSFALG00000005789,RNF214,RNF214
5635,ENSFALG00000005790,FAH,FAH
5636,ENSFALG00000005791,GLOD4,GLOD4
5637,ENSFALG00000005792,PTGFR,PTGFR
5638,ENSFALG00000005793,F5,F5
5639,ENSFALG00000005794,Rasgef1b,RASGEF1B
5640,ENSFALG00000005795,POLR2K,POLR2K
5641,ENSFALG00000005796,Dcbld2,DCBLD2
5642,ENSFALG00000005797,Fkbp1a,ENSFALG00000005797
5643,ENSFALG00000005798,CLMP,CLMP
5644,ENSFALG00000005799,Mrm3,ENSFALG00000005799
5645,ENSFALG00000005800,ARNT2,ARNT2
5646,ENSFALG00000005801,SPAG1,SPAG1
5647,ENSFALG00000005802,Bace1,BACE1
5648,ENSFALG00000005803,Tmem30c,ENSFALG00000005803
5649,ENSFALG00000005804,SPIDR,SPIDR
5650,ENSFALG00000005805,DMRTB1,DMRTB1
5651,ENSFALG00000005806,Gss,GSS
5652,ENSFALG00000005807,G2E3,SCFD1
5653,ENSFALG00000005808,NSFL1C,NSFL1C
5654,ENSFALG00000005809,NXN,NXN
5655,ENSFALG00000005810,Abhd17c,ABHD17C
5656,ENSFALG00000005811,Cep164,ENSFALG00000005811
5657,ENSFALG00000005812,HSPA8,HSPA8
5658,ENSFALG00000005813,TMEM87A,TMEM87A
5659,ENSFALG00000005814,Ddx49,ENSFALG00000005814
5660,ENSFALG00000005815,RNF19A,RNF19A
5661,ENSFALG00000005816,CMSS1,CMSS1
5662,ENSFALG00000005818,COCH,COCH
5663,ENSFALG00000005819,SPIDR,ENSFALG00000005819
5664,ENSFALG00000005819,SPIDR,ENSFALG00000005819
5665,ENSFALG00000005820,CEMIP,CEMIP
5666,ENSFALG00000005821,ADGRL3,ADGRL3
5667,ENSFALG00000005823,Selenoi,ENSFALG00000005823
5668,ENSFALG00000005824,Sirpb1,ENSFALG00000005824
5669,ENSFALG00000005825,SLC47A1,ENSFALG00000005825
5670,ENSFALG00000005827,ANKRD46,ANKRD46
5671,ENSFALG00000005828,Mesd,MESD
5672,ENSFALG00000005829,FILIP1L,FILIP1L
5673,ENSFALG00000005830,ATG3,ATG3
5674,ENSFALG00000005831,BSX,BSX
5675,ENSFALG00000005832,PDYN,PDYN
5676,ENSFALG00000005833,STRN3,STRN3
5677,ENSFALG00000005834,MYH7B,ENSFALG00000005834
5678,ENSFALG00000005835,CFAP161,CFAP161
5679,ENSFALG00000005836,JHY,ENSFALG00000005836
5680,ENSFALG00000005837,Stk35,STK35
5681,ENSFALG00000005838,SLC35A5,SLC35A5
5682,ENSFALG00000005839,VPS39,VPS39
5683,ENSFALG00000005840,AP4S1,AP4S1
5684,ENSFALG00000005841,PABPC1,ENSFALG00000005841
5685,ENSFALG00000005842,Vtg1,ENSFALG00000005842
5686,ENSFALG00000005843,TBC1D23,TBC1D23
5687,ENSFALG00000005844,FNDC11,FNDC11
5688,ENSFALG00000005845,DSCAML1,DSCAML1
5689,ENSFALG00000005846,TRPC4AP,TRPC4AP
5690,ENSFALG00000005847,MAPRE2,MAPRE2
5691,ENSFALG00000005847,MAPRE2,MAPRE2
5692,ENSFALG00000005848,CRTAM,CRTAM
5693,ENSFALG00000005849,CCDC80,ENSFALG00000005849
5694,ENSFALG00000005850,IL16,IL16
5695,ENSFALG00000005851,HECTD1,HECTD1
5696,ENSFALG00000005852,HELZ2,HELZ2
5697,ENSFALG00000005853,EDEM2,EDEM2
5698,ENSFALG00000005855,UBASH3B,UBASH3B
5699,ENSFALG00000005856,GMEB2,GMEB2
5700,ENSFALG00000005857,TOX2,TOX2
5701,ENSFALG00000005859,Heatr5a,HEATR5A
5702,ENSFALG00000005860,YWHAZ,YWHAZ
5703,ENSFALG00000005861,SNTA1,SNTA1
5704,ENSFALG00000005861,SNTA1,SNTA1
5705,ENSFALG00000005862,CD200R1,ENSFALG00000005862
5706,ENSFALG00000005863,DTNA,DTNA
5707,ENSFALG00000005864,Slc47a1,SLC47A2
5708,ENSFALG00000005865,SORL1,SORL1
5709,ENSFALG00000005866,TECRL,TECRL
5710,ENSFALG00000005867,DTD2,DTD2
5711,ENSFALG00000005868,STARD5,STARD5
5712,ENSFALG00000005869,ZNF706,ZNF706
5713,ENSFALG00000005870,PLA2G4F,PLA2G4F
5714,ENSFALG00000005871,Gtpbp8,GTPBP8
5715,ENSFALG00000005872,NOL4,NOL4
5716,ENSFALG00000005873,Nubpl,NUBPL
5717,ENSFALG00000005874,ALDH3A2,ALDH3A2
5718,ENSFALG00000005875,Noa1,NOA1
5719,ENSFALG00000005876,STMN3,STMN3
5720,ENSFALG00000005876,STMN3,STMN3
5721,ENSFALG00000005877,SC5D,SC5D
5722,ENSFALG00000005878,NIT2,NIT2
5723,ENSFALG00000005879,GRHL2,GRHL2
5724,ENSFALG00000005880,Cbfa2t2,CBFA2T2
5725,ENSFALG00000005881,TMC3,TMC3
5726,ENSFALG00000005882,ASXL3,ASXL3
5727,ENSFALG00000005883,ARHGAP5,ARHGAP5
5728,ENSFALG00000005884,ULK2,ULK2
5729,ENSFALG00000005885,RTEL1,ENSFALG00000005885
5730,ENSFALG00000005886,NCALD,NCALD
5731,ENSFALG00000005887,NEPRO,NEPRO
5732,ENSFALG00000005888,CCDC178,ENSFALG00000005888
5733,ENSFALG00000005889,KLHL14,KLHL14
5734,ENSFALG00000005890,TECTA,TECTA
5735,ENSFALG00000005892,Nle1,NLE1
5736,ENSFALG00000005893,RRM2B,RRM2B
5737,ENSFALG00000005894,TNFRSF6B,TNFRSF6B
5738,ENSFALG00000005895,Rab10,ENSFALG00000005895
5739,ENSFALG00000005896,Polr2b,POLR2B
5740,ENSFALG00000005897,FXYD6,FXYD6
5741,ENSFALG00000005898,Taf13,TAF13
5742,ENSFALG00000005899,Akap10,AKAP10
5743,ENSFALG00000005900,AKAP6,AKAP6
5744,ENSFALG00000005901,UBR5,UBR5
5745,ENSFALG00000005902,GAREM1,GAREM1
5746,ENSFALG00000005903,TMPRSS13,TMPRSS13
5747,ENSFALG00000005904,TOMM70,TOMM70
5748,ENSFALG00000005905,ARFRP1,ARFRP1
5749,ENSFALG00000005906,SPATA22,SPATA22
5750,ENSFALG00000005907,NECAB3,NECAB3
5751,ENSFALG00000005908,ASPA,ASPA
5752,ENSFALG00000005909,Spire2,ENSFALG00000005909
5753,ENSFALG00000005909,Spire2,ENSFALG00000005909
5754,ENSFALG00000005910,Pla2g4b,ENSFALG00000005910
5755,ENSFALG00000005911,MEP1B,MEP1B
5756,ENSFALG00000005912,IL10RA,IL10RA
5757,ENSFALG00000005914,E2f1,E2F1
5758,ENSFALG00000005915,Odf1,ENSFALG00000005915
5759,ENSFALG00000005916,Spire1,ENSFALG00000005916
5760,ENSFALG00000005917,KLF10,KLF10
5761,ENSFALG00000005919,AZIN1,AZIN1
5762,ENSFALG00000005920,Trpv3,TRPV3
5763,ENSFALG00000005921,BOC,BOC
5764,ENSFALG00000005922,ATP6V1C1,ATP6V1C1
5765,ENSFALG00000005923,TBCEL,ENSFALG00000005923
5766,ENSFALG00000005924,ZGPAT,ENSFALG00000005924
5767,ENSFALG00000005925,NPAS3,NPAS3
5768,ENSFALG00000005926,TMPRSS4,ENSFALG00000005926
5769,ENSFALG00000005928,PXMP4,PXMP4
5770,ENSFALG00000005929,LNP1,LNP1
5771,ENSFALG00000005930,Cfap44,ENSFALG00000005930
5772,ENSFALG00000005931,RNF138,RNF138
5773,ENSFALG00000005932,FZD6,BAALC
5774,ENSFALG00000005933,LIME1,ENSFALG00000005933
5775,ENSFALG00000005935,EGLN3,EGLN3
5776,ENSFALG00000005936,TMEM45A,TMEM45A
5777,ENSFALG00000005937,SCN4B,SCN4B
5778,ENSFALG00000005938,CFAP44,CFAP44
5779,ENSFALG00000005939,TRAPPC8,TRAPPC8
5780,ENSFALG00000005940,SLC2A4RG,SLC2A4RG
5781,ENSFALG00000005942,FZD6,FZD6
5782,ENSFALG00000005943,EAPP,EAPP
5783,ENSFALG00000005944,ZNF341,ZNF341
5784,ENSFALG00000005945,Tfg,TFG
5785,ENSFALG00000005946,GRIK4,GRIK4
5786,ENSFALG00000005947,IGFBP7,IGFBP7
5787,ENSFALG00000005948,ILDR1,ILDR1
5788,ENSFALG00000005949,SCN2B,SCN2B
5789,ENSFALG00000005950,B4GALT6,B4GALT6
5790,ENSFALG00000005951,ADGRL4,ADGRL4
5791,ENSFALG00000005952,ZBTB46,ZBTB46
5792,ENSFALG00000005953,Cthrc1,CTHRC1
5793,ENSFALG00000005954,Ehd4,EHD4
5794,ENSFALG00000005956,Apov1,ENSFALG00000005956
5795,ENSFALG00000005957,SNX6,SNX6
5796,ENSFALG00000005959,TRPV1,TRPV1
5797,ENSFALG00000005960,MPZL3,ENSFALG00000005960
5798,ENSFALG00000005961,CLDND1,CLDND1
5799,ENSFALG00000005962,Chmp4b,CHMP4B
5800,ENSFALG00000005963,TPD52L2,TPD52L2
5801,ENSFALG00000005964,SLC25A32,ENSFALG00000005964
5802,ENSFALG00000005965,Mpzl3,MPZL3
5803,ENSFALG00000005966,PYURF,PYURF
5804,ENSFALG00000005967,CLDND1,ENSFALG00000005967
5805,ENSFALG00000005968,ADGRL2,ADGRL2
5806,ENSFALG00000005969,ABI3BP,ABI3BP
5807,ENSFALG00000005970,Ttr,ENSFALG00000005970
5808,ENSFALG00000005970,Ttr,ENSFALG00000005970
5809,ENSFALG00000005971,Sptbn5,ENSFALG00000005971
5810,ENSFALG00000005971,Sptbn5,ENSFALG00000005971
5811,ENSFALG00000005972,Havcr2,ENSFALG00000005972
5812,ENSFALG00000005973,MPZL2,MPZL2
5813,ENSFALG00000005974,DNAJC5,DNAJC5
5814,ENSFALG00000005975,UCKL1,UCKL1
5815,ENSFALG00000005976,Gramd1c,GRAMD1C
5816,ENSFALG00000005977,CFL2,CFL2
5817,ENSFALG00000005978,CD3E,CD3E
5818,ENSFALG00000005979,BAZ1A,BAZ1A
5819,ENSFALG00000005980,Dsg2,DSG2
5820,ENSFALG00000005981,Arhgef12,ARHGEF12
5821,ENSFALG00000005982,DCAF13,DCAF13
5822,ENSFALG00000005983,CD3G,ENSFALG00000005983
5823,ENSFALG00000005985,PLA2G4B,ENSFALG00000005985
5824,ENSFALG00000005986,Zdhhc23,ZDHHC23
5825,ENSFALG00000005987,HERC3,ENSFALG00000005987
5826,ENSFALG00000005989,ZW10,ZW10
5827,ENSFALG00000005990,DSG1,ENSFALG00000005990
5828,ENSFALG00000005991,ZNF512B,ZNF512B
5829,ENSFALG00000005991,ZNF512B,ZNF512B
5830,ENSFALG00000005992,CCDC191,CCDC191
5831,ENSFALG00000005994,TTLL7,TTLL7
5832,ENSFALG00000005995,SRP54,SRP54
5833,ENSFALG00000005996,Dsc1,ENSFALG00000005996
5834,ENSFALG00000005997,Nop10,ENSFALG00000005997
5835,ENSFALG00000005999,RIMS2,RIMS2
5836,ENSFALG00000006000,SHPK,ENSFALG00000006000
5837,ENSFALG00000006001,Tmprss5,TMPRSS5
5838,ENSFALG00000006002,Qtrt2,QTRT2
5839,ENSFALG00000006003,PRKACB,ENSFALG00000006003
5840,ENSFALG00000006004,FAM177A1,FAM177A1
5841,ENSFALG00000006005,Acot1,ENSFALG00000006005
5842,ENSFALG00000006006,SAMD13,SAMD13
5843,ENSFALG00000006006,SAMD13,SAMD13
5844,ENSFALG00000006007,POU2F3,POU2F3
5845,ENSFALG00000006008,CTNS,CTNS
5846,ENSFALG00000006010,PPP2R3C,PPP2R3C
5847,ENSFALG00000006011,TAX1BP3,TAX1BP3
5848,ENSFALG00000006012,JMJD7,JMJD7
5849,ENSFALG00000006013,PRORP,ENSFALG00000006013
5850,ENSFALG00000006014,UOX,ENSFALG00000006014
5851,ENSFALG00000006015,DRD3,DRD3
5852,ENSFALG00000006016,Tomm40l,ENSFALG00000006016
5853,ENSFALG00000006017,CDH2,CDH2
5854,ENSFALG00000006017,CDH2,CDH2
5855,ENSFALG00000006018,Oaf,OAF
5856,ENSFALG00000006019,MAPKBP1,MAPKBP1
5857,ENSFALG00000006020,Psma6,PSMA6
5858,ENSFALG00000006024,TRIM29,ENSFALG00000006024
5859,ENSFALG00000006025,P2RX5,ENSFALG00000006025
5860,ENSFALG00000006026,PAK3,ENSFALG00000006026
5861,ENSFALG00000006026,PAK3,ENSFALG00000006026
5862,ENSFALG00000006027,ZBTB20,ZBTB20
5863,ENSFALG00000006028,TRIM29,TRIM29
5864,ENSFALG00000006029,DNASE2B,DNASE2B
5865,ENSFALG00000006030,MGA,MGA
5866,ENSFALG00000006031,GAP43,GAP43
5867,ENSFALG00000006031,GAP43,GAP43
5868,ENSFALG00000006032,Nfkbia,ENSFALG00000006032
5869,ENSFALG00000006033,LSAMP,LSAMP
5870,ENSFALG00000006033,LSAMP,LSAMP
5871,ENSFALG00000006034,DCSTAMP,DCSTAMP
5872,ENSFALG00000006035,Nectin1,NECTIN1
5873,ENSFALG00000006036,CHST9,CHST9
5874,ENSFALG00000006037,Rpf1,RPF1
5875,ENSFALG00000006038,AQP4,AQP4
5876,ENSFALG00000006039,DPYS,DPYS
5877,ENSFALG00000006040,SPATA1,SPATA1
5878,ENSFALG00000006041,Igsf11,IGSF11
5879,ENSFALG00000006042,DAB1,ENSFALG00000006042
5880,ENSFALG00000006043,NECTIN1,ENSFALG00000006043
5881,ENSFALG00000006044,KCTD1,KCTD1
5882,ENSFALG00000006045,Lrp12,LRP12
5883,ENSFALG00000006046,PRPF6,ENSFALG00000006046
5884,ENSFALG00000006047,CTBS,CTBS
5885,ENSFALG00000006048,TRPV2,TRPV2
5886,ENSFALG00000006049,THY1,THY1
5887,ENSFALG00000006050,UPK1B,UPK1B
5888,ENSFALG00000006051,ZFPM2,ZFPM2
5889,ENSFALG00000006052,FAM13A,FAM13A
5890,ENSFALG00000006053,TYRO3,TYRO3
5891,ENSFALG00000006054,Vtg2,ENSFALG00000006054
5892,ENSFALG00000006055,TAF4B,TAF4B
5893,ENSFALG00000006056,UBB,UBB
5894,ENSFALG00000006057,Arhgap31,ARHGAP31
5895,ENSFALG00000006058,CENPV,ENSFALG00000006058
5896,ENSFALG00000006059,SNCA,SNCA
5897,ENSFALG00000006059,SNCA,SNCA
5898,ENSFALG00000006060,USP2,USP2
5899,ENSFALG00000006061,PIGL,PIGL
5900,ENSFALG00000006062,SS18,SS18
5901,ENSFALG00000006063,MMRN1,MMRN1
5902,ENSFALG00000006064,B3GAT1L,ENSFALG00000006064
5903,ENSFALG00000006065,ZNF521,ZNF521
5904,ENSFALG00000006066,OXR1,OXR1
5905,ENSFALG00000006067,CCSER1,CCSER1
5906,ENSFALG00000006068,B4GALT3,ENSFALG00000006068
5907,ENSFALG00000006069,HRH4,ENSFALG00000006069
5908,ENSFALG00000006070,B4GALT4,B4GALT4
5909,ENSFALG00000006071,C1qtnf5,C1QTNF5
5910,ENSFALG00000006072,TMEM39A,TMEM39A
5911,ENSFALG00000006073,IMPACT,IMPACT
5912,ENSFALG00000006074,GRID2,GRID2
5913,ENSFALG00000006075,RALGAPA1,RALGAPA1
5914,ENSFALG00000006075,RALGAPA1,RALGAPA1
5915,ENSFALG00000006076,Rnf26,RNF26
5916,ENSFALG00000006078,RPAP1,RPAP1
5917,ENSFALG00000006079,NCOR1,NCOR1
5918,ENSFALG00000006080,OSBPL1A,ENSFALG00000006080
5919,ENSFALG00000006081,Rnf26,ENSFALG00000006081
5920,ENSFALG00000006082,ABRA,ABRA
5921,ENSFALG00000006083,OSBPL1A,OSBPL1A
5922,ENSFALG00000006084,ANGPT1,ANGPT1
5923,ENSFALG00000006085,TTC39C,TTC39C
5924,ENSFALG00000006086,LTK,ENSFALG00000006086
5925,ENSFALG00000006087,CHD1L,CHD1L
5926,ENSFALG00000006088,RSPO2,RSPO2
5927,ENSFALG00000006089,SMARCAD1,SMARCAD1
5928,ENSFALG00000006090,MCAM,MCAM
5929,ENSFALG00000006090,MCAM,MCAM
5930,ENSFALG00000006091,ITPKA,ITPKA
5931,ENSFALG00000006092,Eif3e,EIF3E
5932,ENSFALG00000006093,HPGDS,HPGDS
5933,ENSFALG00000006093,HPGDS,HPGDS
5934,ENSFALG00000006094,LAMA3,LAMA3
5935,ENSFALG00000006095,Vtg2,ENSFALG00000006095
5936,ENSFALG00000006095,Vtg2,ENSFALG00000006095
5937,ENSFALG00000006096,CHST9,ENSFALG00000006096
5938,ENSFALG00000006097,VANGL1,VANGL1
5939,ENSFALG00000006098,RTF1,RTF1
5940,ENSFALG00000006100,CASQ2,CASQ2
5941,ENSFALG00000006101,CBL,CBL
5942,ENSFALG00000006102,NDUFAF1,NDUFAF1
5943,ENSFALG00000006103,Nhlh2,NHLH2
5944,ENSFALG00000006104,NUSAP1,ENSFALG00000006104
5945,ENSFALG00000006105,NLRX1,NLRX1
5946,ENSFALG00000006106,SLC22A15,SLC22A15
5947,ENSFALG00000006107,PDLIM5,PDLIM5
5948,ENSFALG00000006108,OIP5,ENSFALG00000006108
5949,ENSFALG00000006108,OIP5,ENSFALG00000006108
5950,ENSFALG00000006109,ABCG4,ABCG4
5951,ENSFALG00000006110,MAB21L3,MAB21L3
5952,ENSFALG00000006111,EMC2,EMC2
5953,ENSFALG00000006112,Ttc19,TTC19
5954,ENSFALG00000006113,BMPR1B,BMPR1B
5955,ENSFALG00000006114,HINFP,HINFP
5956,ENSFALG00000006115,TRHR,TRHR
5957,ENSFALG00000006116,CHP1,CHP1
5958,ENSFALG00000006117,Zswim7,ZSWIM7
5959,ENSFALG00000006118,POU2AF2,C11orf53
5960,ENSFALG00000006119,NUDCD1,NUDCD1
5961,ENSFALG00000006120,BRMS1L,BRMS1L
5962,ENSFALG00000006121,ADORA2B,ADORA2B
5963,ENSFALG00000006122,Nfkbid,ENSFALG00000006122
5964,ENSFALG00000006123,ENY2,ENY2
5965,ENSFALG00000006124,SPECC1,SPECC1
5966,ENSFALG00000006125,Ino80,INO80
5967,ENSFALG00000006127,EBAG9,EBAG9
5968,ENSFALG00000006128,Timm22,TIMM22
5969,ENSFALG00000006129,BTG4,BTG4
5970,ENSFALG00000006130,CHAC1,CHAC1
5971,ENSFALG00000006131,ANKRD29,ANKRD29
5972,ENSFALG00000006132,UNC5C,UNC5C
5973,ENSFALG00000006133,DLL4,DLL4
5974,ENSFALG00000006134,ABR,ABR
5975,ENSFALG00000006135,NPC1,NPC1
5976,ENSFALG00000006136,MBIP,MBIP
5977,ENSFALG00000006137,Layn,LAYN
5978,ENSFALG00000006138,Vps18,VPS18
5979,ENSFALG00000006139,SYBU,SYBU
5980,ENSFALG00000006140,TRARG1,TRARG1
5981,ENSFALG00000006141,RHOV,RHOV
5982,ENSFALG00000006142,RMC1,RMC1
5983,ENSFALG00000006143,ATP1A1,ATP1A1
5984,ENSFALG00000006144,SPINT1,ENSFALG00000006144
5985,ENSFALG00000006145,RIOK3,RIOK3
5986,ENSFALG00000006146,Gosr1,GOSR1
5987,ENSFALG00000006147,PPP1R14D,ENSFALG00000006147
5988,ENSFALG00000006148,NKX2-1,NKX2-1
5989,ENSFALG00000006149,TMEM241,TMEM241
5990,ENSFALG00000006150,SIK2,SIK2
5991,ENSFALG00000006151,Nkx28,NKX2-8
5992,ENSFALG00000006152,CABLES1,CABLES1
5993,ENSFALG00000006153,ZFYVE19,ZFYVE19
5994,ENSFALG00000006154,RBBP8,RBBP8
5995,ENSFALG00000006155,PAX9,PAX9
5996,ENSFALG00000006155,PAX9,PAX9
5997,ENSFALG00000006156,SLC25A21,SLC25A21
5998,ENSFALG00000006157,GATA6,GATA6
5999,ENSFALG00000006159,MIPOL1,MIPOL1
6000,ENSFALG00000006160,Nanos3,ENSFALG00000006160
6001,ENSFALG00000006161,Foxa1,FOXA1
6002,ENSFALG00000006162,CPD,CPD
6003,ENSFALG00000006163,FlyHECUB2,ENSFALG00000006163
6004,ENSFALG00000006164,SEC23A,SEC23A
6005,ENSFALG00000006165,MIB1,MIB1
6006,ENSFALG00000006166,Alg9,ENSFALG00000006166
6007,ENSFALG00000006167,ABHD3,ABHD3
6008,ENSFALG00000006168,ESCO1,ESCO1
6009,ENSFALG00000006169,Gemin2,GEMIN2
6010,ENSFALG00000006170,SSX2IP,SSX2IP
6011,ENSFALG00000006171,Slc35c1,SLC35C1
6012,ENSFALG00000006172,Rap1gds1,RAP1GDS1
6013,ENSFALG00000006173,GREB1L,GREB1L
6014,ENSFALG00000006174,Trappc6b,TRAPPC6B
6015,ENSFALG00000006175,TSPAN5,TSPAN5
6016,ENSFALG00000006176,CRY2,CRY2
6017,ENSFALG00000006177,FDXACB1,FDXACB1
6018,ENSFALG00000006178,CRYAB,CRYAB
6019,ENSFALG00000006179,LPAR3,LPAR3
6020,ENSFALG00000006180,HSPB2,ENSFALG00000006180
6021,ENSFALG00000006181,Pnn,PNN
6022,ENSFALG00000006182,MCOLN2,MCOLN2
6023,ENSFALG00000006183,DIXDC1,DIXDC1
6024,ENSFALG00000006184,MCOLN3,MCOLN3
6025,ENSFALG00000006185,ROCK1,ENSFALG00000006185
6026,ENSFALG00000006186,DLAT,DLAT
6027,ENSFALG00000006187,TMIGD1,TMIGD1
6028,ENSFALG00000006188,Nop10,ENSFALG00000006188
6029,ENSFALG00000006189,ROCK1,ENSFALG00000006189
6030,ENSFALG00000006190,EIF4E,EIF4E
6031,ENSFALG00000006191,Mia2,ENSFALG00000006191
6032,ENSFALG00000006192,DNAI3,WDR63
6033,ENSFALG00000006193,NKAPD1,ENSFALG00000006193
6034,ENSFALG00000006194,USP14,USP14
6035,ENSFALG00000006195,Blmh,BLMH
6036,ENSFALG00000006196,Mapk8ip1,MAPK8IP1
6037,ENSFALG00000006197,KCNJ9,KCNJ9
6038,ENSFALG00000006198,Polr2i,POLR2I
6039,ENSFALG00000006199,Napa,ENSFALG00000006199
6040,ENSFALG00000006200,SDHD,ENSFALG00000006200
6041,ENSFALG00000006201,MIA2,ENSFALG00000006201
6042,ENSFALG00000006202,METAP1,METAP1
6043,ENSFALG00000006203,PEX16,PEX16
6044,ENSFALG00000006204,SLC6A4,SLC6A4
6045,ENSFALG00000006205,THOC1,THOC1
6046,ENSFALG00000006206,IL18,IL18
6047,ENSFALG00000006206,IL18,IL18
6048,ENSFALG00000006207,Bicra,ENSFALG00000006207
6049,ENSFALG00000006209,Syde2,SYDE2
6050,ENSFALG00000006210,Wnt11,WNT11
6051,ENSFALG00000006210,WNT11,WNT11
6052,ENSFALG00000006211,BCO2,BCO2
6053,ENSFALG00000006212,C1orf52,C1orf52
6054,ENSFALG00000006212,C1orf52,C1orf52
6055,ENSFALG00000006213,BCL10,ENSFALG00000006213
6056,ENSFALG00000006214,ADH5,ADH5
6057,ENSFALG00000006215,Ddah1,DDAH1
6058,ENSFALG00000006216,Nsrp1,NSRP1
6059,ENSFALG00000006217,PTS,PTS
6060,ENSFALG00000006219,EFCAB5,ENSFALG00000006219
6061,ENSFALG00000006220,Fbxo33,FBXO33
6062,ENSFALG00000006221,CCN1,CCN1
6063,ENSFALG00000006222,LARGE2,LARGE2
6064,ENSFALG00000006223,THAP12,THAP12
6065,ENSFALG00000006224,COLEC12,COLEC12
6066,ENSFALG00000006225,SSH2,SSH2
6067,ENSFALG00000006226,Adh1,ENSFALG00000006226
6068,ENSFALG00000006227,COQ6,ZNF410
6069,ENSFALG00000006228,EMSY,EMSY
6070,ENSFALG00000006229,CORO6,CORO6
6071,ENSFALG00000006230,Znhit6,ZNHIT6
6072,ENSFALG00000006231,FAM161B,FAM161B
6073,ENSFALG00000006232,LRRC32,ENSFALG00000006232
6074,ENSFALG00000006233,ANKRD13B,ANKRD13B
6075,ENSFALG00000006234,CLUL1,CLUL1
6076,ENSFALG00000006235,Wdr73,WDR73
6077,ENSFALG00000006236,TRMT10A,TRMT10A
6078,ENSFALG00000006237,ARRB1,ARRB1
6079,ENSFALG00000006238,PHF21A,PHF21A
6080,ENSFALG00000006239,COQ6,COQ6
6081,ENSFALG00000006240,Tyms,TYMS
6082,ENSFALG00000006241,PDE2A,PDE2A
6083,ENSFALG00000006242,Creb3l1,CREB3L1
6084,ENSFALG00000006243,GIT1,GIT1
6085,ENSFALG00000006244,DGKZ,DGKZ
6086,ENSFALG00000006245,YES1,YES1
6087,ENSFALG00000006246,MTTP,MTTP
6088,ENSFALG00000006247,ARAP1,ARAP1
6089,ENSFALG00000006248,MDK,MDK
6090,ENSFALG00000006249,COL24A1,ENSFALG00000006249
6091,ENSFALG00000006250,STARD10,STARD10
6092,ENSFALG00000006251,ENTPD5,ENTPD5
6093,ENSFALG00000006252,AMBRA1,AMBRA1
6094,ENSFALG00000006253,ADCYAP1,ADCYAP1
6095,ENSFALG00000006254,CLPB,CLPB
6096,ENSFALG00000006255,Phox2a,PHOX2A
6097,ENSFALG00000006256,DAPP1,DAPP1
6098,ENSFALG00000006257,METTL4,METTL4
6099,ENSFALG00000006258,ALDH6A1,ALDH6A1
6100,ENSFALG00000006259,LAMTOR3,LAMTOR3
6101,ENSFALG00000006260,HARBI1,HARBI1
6102,ENSFALG00000006261,Atg13,ATG13
6103,ENSFALG00000006262,ABHD15,ABHD15
6104,ENSFALG00000006263,TAOK1,TAOK1
6105,ENSFALG00000006264,NDC80,ENSFALG00000006264
6106,ENSFALG00000006265,ARHGAP1,ARHGAP1
6107,ENSFALG00000006266,INPPL1,INPPL1
6108,ENSFALG00000006267,DNAJB14,DNAJB14
6109,ENSFALG00000006268,Nufip2,NUFIP2
6110,ENSFALG00000006269,H2AFZ,H2AFZ
6111,ENSFALG00000006270,CRYBA1,CRYBA1
6112,ENSFALG00000006271,Hrd3a,ENSFALG00000006271
6113,ENSFALG00000006272,F2,ENSFALG00000006272
6114,ENSFALG00000006273,LIN52,LIN52
6115,ENSFALG00000006274,Vsx2,VSX2
6116,ENSFALG00000006275,SMCHD1,SMCHD1
6117,ENSFALG00000006277,ACSS1,ENSFALG00000006277
6118,ENSFALG00000006278,ODF2L,ODF2L
6119,ENSFALG00000006279,EMILIN2,EMILIN2
6120,ENSFALG00000006280,ABCD4,ABCD4
6121,ENSFALG00000006281,ANAPC15,ANAPC15
6122,ENSFALG00000006282,CKAP5,CKAP5
6123,ENSFALG00000006283,Myo18a,MYO18A
6124,ENSFALG00000006284,SYNDIG1L,SYNDIG1L
6125,ENSFALG00000006285,Sh3glb1,SH3GLB1
6126,ENSFALG00000006285,SH3GLB1,SH3GLB1
6127,ENSFALG00000006286,LRP4,LRP4
6128,ENSFALG00000006287,ISCA2,ISCA2
6129,ENSFALG00000006288,LPIN2,LPIN2
6130,ENSFALG00000006289,TOMT,ENSFALG00000006289
6131,ENSFALG00000006290,Npc2,NPC2
6132,ENSFALG00000006291,CSTPP1,C11orf49
6133,ENSFALG00000006292,ARFGAP2,ARFGAP2
6134,ENSFALG00000006293,SEP15,SELENOF
6135,ENSFALG00000006294,Lamtor1,LAMTOR1
6136,ENSFALG00000006295,LTBP2,LTBP2
6137,ENSFALG00000006296,PACSIN3,PACSIN3
6138,ENSFALG00000006297,HS2ST1,ENSFALG00000006297
6139,ENSFALG00000006298,AREL1,AREL1
6140,ENSFALG00000006299,NUMA1,NUMA1
6141,ENSFALG00000006300,ACP2,ACP2
6142,ENSFALG00000006301,FCF1,FCF1
6143,ENSFALG00000006302,MYOM1,MYOM1
6144,ENSFALG00000006303,LMO4,LMO4
6145,ENSFALG00000006304,YLPM1,YLPM1
6146,ENSFALG00000006305,XRCC1,ENSFALG00000006305
6147,ENSFALG00000006307,RNF121,RNF121
6148,ENSFALG00000006308,Mlrn,ENSFALG00000006308
6149,ENSFALG00000006309,PTPRD,PTPRD
6150,ENSFALG00000006311,TGIF1,TGIF1
6151,ENSFALG00000006311,TGIF1,TGIF1
6152,ENSFALG00000006312,PROX2,PROX2
6153,ENSFALG00000006313,NR1H3,NR1H3
6154,ENSFALG00000006314,Paxbp1,PAXBP1
6155,ENSFALG00000006315,DLGAP1,DLGAP1
6156,ENSFALG00000006316,DLST,DLST
6157,ENSFALG00000006317,PIPOX,PIPOX
6158,ENSFALG00000006318,BACH1,BACH1
6159,ENSFALG00000006319,SEZ6,SEZ6
6160,ENSFALG00000006320,MAP3K7CL,ENSFALG00000006320
6161,ENSFALG00000006321,AKAIN1,AKAIN1
6162,ENSFALG00000006322,ZBTB14,ZBTB14
6163,ENSFALG00000006323,CCT8,CCT8
6164,ENSFALG00000006324,EPB41L3,EPB41L3
6165,ENSFALG00000006325,USP16,USP16
6166,ENSFALG00000006326,Akap7,ENSFALG00000006326
6167,ENSFALG00000006327,PHF12,PHF12
6168,ENSFALG00000006328,LTN1,LTN1
6169,ENSFALG00000006329,ARHGAP28,ARHGAP28
6170,ENSFALG00000006330,LAMA1,LAMA1
6171,ENSFALG00000006331,RPS6KL1,RPS6KL1
6172,ENSFALG00000006332,CD200,CD200
6173,ENSFALG00000006332,CD200,CD200
6174,ENSFALG00000006333,Madd,MADD
6175,ENSFALG00000006335,C3orf52,ENSFALG00000006335
6176,ENSFALG00000006336,Pgf,PGF
6177,ENSFALG00000006338,EIF2B2,EIF2B2
6178,ENSFALG00000006339,TMPRSS7,TMPRSS7
6179,ENSFALG00000006340,DHRS13,DHRS13
6180,ENSFALG00000006341,Tagln3,TAGLN3
6181,ENSFALG00000006342,ABHD10,ABHD10
6182,ENSFALG00000006343,PTPRM,PTPRM
6183,ENSFALG00000006344,MLH3,MLH3
6184,ENSFALG00000006345,PHLDB2,PHLDB2
6185,ENSFALG00000006346,FLOT2,FLOT2
6186,ENSFALG00000006347,ACYP1,ACYP1
6187,ENSFALG00000006348,ZC2HC1C,ZC2HC1C
6188,ENSFALG00000006349,PLCXD2,PLCXD2
6189,ENSFALG00000006350,NEK9,NEK9
6190,ENSFALG00000006351,Huwe1,ENSFALG00000006351
6191,ENSFALG00000006352,Tmed10,TMED10
6192,ENSFALG00000006353,CD96,CD96
6193,ENSFALG00000006354,PHF6,PHF6
6194,ENSFALG00000006355,Fos,FOS
6195,ENSFALG00000006356,NECTIN3,NECTIN3
6196,ENSFALG00000006357,Eral1,ERAL1
6197,ENSFALG00000006358,JDP2,JDP2
6198,ENSFALG00000006359,UBQLN1,UBQLN1
6199,ENSFALG00000006360,Batf,BATF
6200,ENSFALG00000006361,GUCA1C,GUCA1C
6201,ENSFALG00000006362,HJURP,ENSFALG00000006362
6202,ENSFALG00000006363,Flvcr2,FLVCR2
6203,ENSFALG00000006364,TRAF4,TRAF4
6204,ENSFALG00000006365,TRAT1,TRAT1
6205,ENSFALG00000006366,Rab12,RAB12
6206,ENSFALG00000006367,SH2D1B,ENSFALG00000006367
6207,ENSFALG00000006368,NEK8,NEK8
6208,ENSFALG00000006368,NEK8,NEK8
6209,ENSFALG00000006369,MYBPC3,MYBPC3
6210,ENSFALG00000006369,MYBPC3,MYBPC3
6211,ENSFALG00000006370,MTCL1,MTCL1
6212,ENSFALG00000006371,CIP2A,CIP2A
6213,ENSFALG00000006372,Unc119,UNC119
6214,ENSFALG00000006373,IDNK,IDNK
6215,ENSFALG00000006374,NDUFV2,NDUFV2
6216,ENSFALG00000006375,Tlcd1,TLCD1
6217,ENSFALG00000006376,FRMD3,FRMD3
6218,ENSFALG00000006377,ERG28,ERG28
6219,ENSFALG00000006378,RPL23A,RPL23A
6220,ENSFALG00000006379,ANKRD12,ANKRD12
6221,ENSFALG00000006380,Polb,POLB
6222,ENSFALG00000006381,Ephx4,ENSFALG00000006381
6223,ENSFALG00000006382,TWSG1,TWSG1
6224,ENSFALG00000006383,Rab34,RAB34
6225,ENSFALG00000006384,RALBP1,RALBP1
6226,ENSFALG00000006385,TYRP1,TYRP1
6227,ENSFALG00000006386,PPP4R1,PPP4R1
6228,ENSFALG00000006387,TTLL5,ENSFALG00000006387
6229,ENSFALG00000006387,TTLL5,ENSFALG00000006387
6230,ENSFALG00000006388,Apt1,ENSFALG00000006388
6231,ENSFALG00000006389,SEC24B,SEC24B
6232,ENSFALG00000006389,SEC24B,SEC24B
6233,ENSFALG00000006390,RAB31,RAB31
6234,ENSFALG00000006391,PROCA1,ENSFALG00000006391
6235,ENSFALG00000006392,SPI1,SPI1
6236,ENSFALG00000006393,SUPT6H,SUPT6H
6237,ENSFALG00000006394,SLC39A13,SLC39A13
6238,ENSFALG00000006395,Vdac3,VDAC3
6239,ENSFALG00000006396,PSMC3,PSMC3
6240,ENSFALG00000006398,SDF2,SDF2
6241,ENSFALG00000006399,MPDZ,MPDZ
6242,ENSFALG00000006400,VAPA,VAPA
6243,ENSFALG00000006401,RAPSN,RAPSN
6244,ENSFALG00000006402,CELF1,CELF1
6245,ENSFALG00000006403,IKBKB,IKBKB
6246,ENSFALG00000006404,APCDD1,APCDD1
6247,ENSFALG00000006405,MYH15,ENSFALG00000006405
6248,ENSFALG00000006406,PTPMT1,PTPMT1
6249,ENSFALG00000006407,PLAT,PLAT
6250,ENSFALG00000006408,KBTBD4,KBTBD4
6251,ENSFALG00000006409,BLTP2,KIAA0100
6252,ENSFALG00000006410,NAPG,NAPG
6253,ENSFALG00000006411,NDUFS3,NDUFS3
6254,ENSFALG00000006412,AP3M2,AP3M2
6255,ENSFALG00000006413,TGFB3,TGFB3
6256,ENSFALG00000006414,PIEZO2,PIEZO2
6257,ENSFALG00000006415,C1QTNF4,C1QTNF4
6258,ENSFALG00000006416,MCUB,MCUB
6259,ENSFALG00000006417,IFT43,IFT43
6260,ENSFALG00000006418,Fut8,FUT8
6261,ENSFALG00000006419,Gnal,GNAL
6262,ENSFALG00000006420,NFIB,NFIB
6263,ENSFALG00000006421,GPATCH2L,GPATCH2L
6264,ENSFALG00000006422,KAT6A,KAT6A
6265,ENSFALG00000006423,MPPE1,MPPE1
6266,ENSFALG00000006424,ANK1,ANK1
6267,ENSFALG00000006426,CASP6,CASP6
6268,ENSFALG00000006427,RSKR,ENSFALG00000006427
6269,ENSFALG00000006428,Esrrb,ESRRB
6270,ENSFALG00000006429,NKX6-3,NKX6-3
6271,ENSFALG00000006430,Sox17aa,SOX17
6272,ENSFALG00000006431,SGK494,ENSFALG00000006431
6273,ENSFALG00000006433,GPAT4,GPAT4
6274,ENSFALG00000006434,IMPA2,IMPA2
6275,ENSFALG00000006435,SPAG5,ENSFALG00000006435
6276,ENSFALG00000006436,GINS4,GINS4
6277,ENSFALG00000006437,CIDEA,CIDEA
6278,ENSFALG00000006438,ALDOC,ALDOC
6279,ENSFALG00000006439,Pla2g12a,PLA2G12A
6280,ENSFALG00000006440,VASH1,VASH1
6281,ENSFALG00000006441,Tbb5,TUBB6
6282,ENSFALG00000006442,Golga7,GOLGA7
6283,ENSFALG00000006443,CFI,ENSFALG00000006443
6284,ENSFALG00000006444,PIGS,PIGS
6285,ENSFALG00000006445,GAR1,GAR1
6286,ENSFALG00000006446,ANGEL1,ANGEL1
6287,ENSFALG00000006447,AFG3L2,AFG3L2
6288,ENSFALG00000006448,ZDHHC21,ZDHHC21
6289,ENSFALG00000006449,Sfrp1,SFRP1
6290,ENSFALG00000006450,Lrrc74a,ENSFALG00000006450
6291,ENSFALG00000006451,RRH,RRH
6292,ENSFALG00000006451,RRH,RRH
6293,ENSFALG00000006452,CER1,CER1
6294,ENSFALG00000006453,PRELID3A,PRELID3A
6295,ENSFALG00000006454,Irf2bpl,IRF2BPL
6296,ENSFALG00000006455,ZMAT4,ZMAT4
6297,ENSFALG00000006456,CIPC,CIPC
6298,ENSFALG00000006457,CEP76,SPIRE1
6299,ENSFALG00000006457,CEP76,SPIRE1
6300,ENSFALG00000006458,Lrit3,LRIT3
6301,ENSFALG00000006459,ZDHHC22,ZDHHC22
6302,ENSFALG00000006460,FOXN1,FOXN1
6303,ENSFALG00000006461,CEP76,CEP76
6304,ENSFALG00000006462,SLC13A2,SLC13A2
6305,ENSFALG00000006463,PSMG2,PSMG2
6306,ENSFALG00000006464,Tmem161,TMEM161A
6307,ENSFALG00000006465,SLC46A1,SLC46A1
6308,ENSFALG00000006466,PTPN2,PTPN2
6309,ENSFALG00000006467,LOXL3,ENSFALG00000006467
6310,ENSFALG00000006468,Egf,EGF
6311,ENSFALG00000006469,CEP192,ENSFALG00000006469
6312,ENSFALG00000006470,Ido2,ENSFALG00000006470
6313,ENSFALG00000006471,ZC3H18,ZC3H18
6314,ENSFALG00000006472,Sarm1,SARM1
6315,ENSFALG00000006473,HHLA2,HHLA2
6316,ENSFALG00000006474,IFT57,IFT57
6317,ENSFALG00000006475,CD47,CD47
6318,ENSFALG00000006476,FREM1,FREM1
6319,ENSFALG00000006477,Cmpk2,CMPK2
6320,ENSFALG00000006477,Cmpk2,CMPK2
6321,ENSFALG00000006478,BBX,BBX
6322,ENSFALG00000006479,LDLRAD4,LDLRAD4
6323,ENSFALG00000006480,VTN,ENSFALG00000006480
6324,ENSFALG00000006481,LOXL3,ENSFALG00000006481
6325,ENSFALG00000006482,FAM210A,FAM210A
6326,ENSFALG00000006483,RSAD2,RSAD2
6327,ENSFALG00000006484,IMPG2,IMPG2
6328,ENSFALG00000006485,Elovl6,ELOVL6
6329,ENSFALG00000006486,RNMT,RNMT
6330,ENSFALG00000006487,Cidec,CIDEC
6331,ENSFALG00000006488,ENPEP,ENPEP
6332,ENSFALG00000006489,ADAM2,ENSFALG00000006489
6333,ENSFALG00000006490,PITX2,ENSFALG00000006490
6334,ENSFALG00000006491,SENP7,SENP7
6335,ENSFALG00000006492,ZFPM1,ZFPM1
6336,ENSFALG00000006493,KIF12,ENSFALG00000006493
6337,ENSFALG00000006494,IQSEC2,ENSFALG00000006494
6338,ENSFALG00000006495,FAM241A,FAM241A
6339,ENSFALG00000006496,ZNF469,ENSFALG00000006496
6340,ENSFALG00000006497,NR0B2,NR0B2
6341,ENSFALG00000006499,SLC20A2,SLC20A2
6342,ENSFALG00000006500,Arhgef11,ENSFALG00000006500
6343,ENSFALG00000006501,FAM172BP,ENSFALG00000006501
6344,ENSFALG00000006502,Aldoa,ENSFALG00000006502
6345,ENSFALG00000006504,Tmem199,TMEM199
6346,ENSFALG00000006505,Banp,BANP
6347,ENSFALG00000006506,Smim19,ENSFALG00000006506
6348,ENSFALG00000006507,RNF144A,RNF144A
6349,ENSFALG00000006508,TTC39B,TTC39B
6350,ENSFALG00000006509,Bmp3,BMP3
6351,ENSFALG00000006510,CDH7,CDH7
6352,ENSFALG00000006511,TXNL4B,TXNL4B
6353,ENSFALG00000006512,DOK1,DOK1
6354,ENSFALG00000006513,Adam32,ENSFALG00000006513
6355,ENSFALG00000006514,Ighv348,ENSFALG00000006514
6356,ENSFALG00000006515,SHANK3,ENSFALG00000006515
6357,ENSFALG00000006516,NUDC,NUDC
6358,ENSFALG00000006516,NUDC,NUDC
6359,ENSFALG00000006517,POMK,POMK
6360,ENSFALG00000006518,ID2,ID2
6361,ENSFALG00000006519,CRHR2,ENSFALG00000006519
6362,ENSFALG00000006519,CRHR2,ENSFALG00000006519
6363,ENSFALG00000006520,SNAPC3,SNAPC3
6364,ENSFALG00000006521,PCNP,PCNP
6365,ENSFALG00000006522,KIDINS220,KIDINS220
6366,ENSFALG00000006523,POLDIP2,POLDIP2
6367,ENSFALG00000006524,HGSNAT,HGSNAT
6368,ENSFALG00000006526,ZBTB11,ZBTB11
6369,ENSFALG00000006527,CA5B,CA5B
6370,ENSFALG00000006528,Ighv364d,ENSFALG00000006528
6371,ENSFALG00000006529,Kdf1,KDF1
6372,ENSFALG00000006530,M1AP,M1AP
6373,ENSFALG00000006531,RPL24,RPL24
6374,ENSFALG00000006532,TSR1,TSR1
6375,ENSFALG00000006533,Tex261,ENSFALG00000006533
6376,ENSFALG00000006534,PSIP1,PSIP1
6377,ENSFALG00000006535,SRR,SRR
6378,ENSFALG00000006536,CEP97,CEP97
6379,ENSFALG00000006537,NXPE3,NXPE3
6380,ENSFALG00000006538,SMG6,SMG6
6381,ENSFALG00000006539,INTS10,INTS10
6382,ENSFALG00000006539,INTS10,INTS10
6383,ENSFALG00000006540,DNAAF9,C20orf194
6384,ENSFALG00000006541,SLC7A5,SLC7A5
6385,ENSFALG00000006542,NFKBIZ,NFKBIZ
6386,ENSFALG00000006543,Hic1,HIC1
6387,ENSFALG00000006544,MBOAT2,MBOAT2
6388,ENSFALG00000006545,ATP6V1B1,ATP6V1B1
6389,ENSFALG00000006546,ZPLD1,ZPLD1
6390,ENSFALG00000006547,SLC4A11,SLC4A11
6391,ENSFALG00000006548,CCDC171,CCDC171
6392,ENSFALG00000006549,DPH1,DPH1
6393,ENSFALG00000006550,GARS1,GARS
6394,ENSFALG00000006551,HTR7,ENSFALG00000006551
6395,ENSFALG00000006552,CTDSPL,CTDSPL
6396,ENSFALG00000006553,ALCAM,ALCAM
6397,ENSFALG00000006554,VILL,VILL
6398,ENSFALG00000006555,CSGALNACT1,CSGALNACT1
6399,ENSFALG00000006556,ASAP2,ASAP2
6400,ENSFALG00000006557,SH2D4A,SH2D4A
6401,ENSFALG00000006558,PLCD1,PLCD1
6402,ENSFALG00000006559,Sult1d1,ENSFALG00000006559
6403,ENSFALG00000006560,Ddrgk1,DDRGK1
6404,ENSFALG00000006561,Rtn4rl1,RTN4RL1
6405,ENSFALG00000006562,KLHDC4,KLHDC4
6406,ENSFALG00000006563,Vax2b,VAX2
6407,ENSFALG00000006564,Adam9,ADAM9
6408,ENSFALG00000006565,Sult1b1,ENSFALG00000006565
6409,ENSFALG00000006566,JPH3,JPH3
6410,ENSFALG00000006567,Cblb,CBLB
6411,ENSFALG00000006568,ITGB1BP1,ITGB1BP1
6412,ENSFALG00000006569,LZTS3,LZTS3
6413,ENSFALG00000006570,Rabggta,ENSFALG00000006570
6414,ENSFALG00000006571,DLEC1,DLEC1
6415,ENSFALG00000006572,CPSF3,CPSF3
6416,ENSFALG00000006573,Zcchc14,ZCCHC14
6417,ENSFALG00000006574,UBOX5,UBOX5
6418,ENSFALG00000006575,RPA1,RPA1
6419,ENSFALG00000006576,Sult1b1,ENSFALG00000006576
6420,ENSFALG00000006577,FASTKD5,FASTKD5
6421,ENSFALG00000006578,TGM1,TGM1
6422,ENSFALG00000006579,Iah1,IAH1
6423,ENSFALG00000006580,Ugt2c1,ENSFALG00000006580
6424,ENSFALG00000006581,YTHDC1,YTHDC1
6425,ENSFALG00000006582,CDH19,CDH19
6426,ENSFALG00000006582,CDH19,CDH19
6427,ENSFALG00000006583,Map1lc3b,ENSFALG00000006583
6428,ENSFALG00000006584,Nedd8,ENSFALG00000006584
6429,ENSFALG00000006585,ACAA1,ACAA1
6430,ENSFALG00000006586,Tmprss11e,ENSFALG00000006586
6431,ENSFALG00000006587,KCNA1,ENSFALG00000006587
6432,ENSFALG00000006588,FBXO31,FBXO31
6433,ENSFALG00000006589,Kcna5,KCNA5
6434,ENSFALG00000006590,NTF3,NTF3
6435,ENSFALG00000006591,Ano2,ANO2
6436,ENSFALG00000006593,Smyd4,SMYD4
6437,ENSFALG00000006594,Hladqa2,ENSFALG00000006594
6438,ENSFALG00000006595,Tmprss11e,ENSFALG00000006595
6439,ENSFALG00000006596,Tm2d2,TM2D2
6440,ENSFALG00000006597,Plekha2,PLEKHA2
6441,ENSFALG00000006598,Otub1,ENSFALG00000006598
6442,ENSFALG00000006599,UBA6,UBA6
6443,ENSFALG00000006601,SERPINH1,SERPINH1
6444,ENSFALG00000006602,KIAA0513,KIAA0513
6445,ENSFALG00000006603,Cenpc,ENSFALG00000006603
6446,ENSFALG00000006604,SERPINF1,SERPINF1
6447,ENSFALG00000006605,Cenpc,ENSFALG00000006605
6448,ENSFALG00000006606,TACC1,TACC1
6449,ENSFALG00000006608,Pmel,ENSFALG00000006608
6450,ENSFALG00000006609,SERPINF2,SERPINF2
6451,ENSFALG00000006610,Nckap1l,ENSFALG00000006610
6452,ENSFALG00000006611,ADAM17,ADAM17
6453,ENSFALG00000006611,ADAM17,ADAM17
6454,ENSFALG00000006612,MYD88,ENSFALG00000006612
6455,ENSFALG00000006613,PARVG,PARVG
6456,ENSFALG00000006614,WDR81,WDR81
6457,ENSFALG00000006615,Gse1,GSE1
6458,ENSFALG00000006616,Actl6b,ACTL6B
6459,ENSFALG00000006617,MYD88,MYD88
6460,ENSFALG00000006618,AIFM3,ENSFALG00000006618
6461,ENSFALG00000006618,Aifm3,ENSFALG00000006618
6462,ENSFALG00000006619,PARVB,PARVB
6463,ENSFALG00000006620,GINS2,GINS2
6464,ENSFALG00000006621,SAMM50,SAMM50
6465,ENSFALG00000006622,TLCD2,TLCD2
6466,ENSFALG00000006623,GDPD5,GDPD5
6467,ENSFALG00000006623,GDPD5,GDPD5
6468,ENSFALG00000006624,OXSR1,OXSR1
6469,ENSFALG00000006625,Emc8,EMC8
6470,ENSFALG00000006626,PNPLA3,PNPLA3
6471,ENSFALG00000006627,EPHA5,EPHA5
6472,ENSFALG00000006628,PRPF8,PRPF8
6473,ENSFALG00000006629,FGFR1,FGFR1
6474,ENSFALG00000006630,Slc22a13,ENSFALG00000006630
6475,ENSFALG00000006631,CAMTA2,ENSFALG00000006631
6476,ENSFALG00000006632,GRID1,GRID1
6477,ENSFALG00000006633,Rilp,ENSFALG00000006633
6478,ENSFALG00000006634,YWHAQ,YWHAQ
6479,ENSFALG00000006635,SPAG7,SPAG7
6480,ENSFALG00000006636,TAF1B,TAF1B
6481,ENSFALG00000006637,WAPL,WAPL
6482,ENSFALG00000006638,COX4I1,COX4I1
6483,ENSFALG00000006639,GRHL1,GRHL1
6484,ENSFALG00000006640,SCARF1,SCARF1
6485,ENSFALG00000006642,Sult4a1,SULT4A1
6486,ENSFALG00000006643,Dusp22a,ENSFALG00000006643
6487,ENSFALG00000006644,SLC25A11,SLC25A11
6488,ENSFALG00000006645,OPN4,OPN4
6489,ENSFALG00000006646,SLC43A2,SLC43A2
6490,ENSFALG00000006647,IRF8,IRF8
6491,ENSFALG00000006648,KLF11,KLF11
6492,ENSFALG00000006649,RRM2,RRM2
6493,ENSFALG00000006650,Adamts1,ADAMTS1
6494,ENSFALG00000006651,MPPED1,MPPED1
6495,ENSFALG00000006652,PITPNA,PITPNA
6496,ENSFALG00000006653,HPCAL1,HPCAL1
6497,ENSFALG00000006654,Foxf1,FOXF1
6498,ENSFALG00000006655,SCUBE1,SCUBE1
6499,ENSFALG00000006656,ODC1,ODC1
6500,ENSFALG00000006657,MTHFSD,MTHFSD
6501,ENSFALG00000006658,NOL10,NOL10
6502,ENSFALG00000006660,LDB3,LDB3
6503,ENSFALG00000006662,LETM2,LETM2
6504,ENSFALG00000006663,FOXC2,FOXC2
6505,ENSFALG00000006664,TTLL12,TTLL12
6506,ENSFALG00000006666,ATP6V1C2,ATP6V1C2
6507,ENSFALG00000006667,XIRP1,XIRP1
6508,ENSFALG00000006668,Spsb4,ENSFALG00000006668
6509,ENSFALG00000006670,TSPO,TSPO
6510,ENSFALG00000006671,INPP5K,INPP5K
6511,ENSFALG00000006672,ZDHHC7,ZDHHC7
6512,ENSFALG00000006673,MCAT,MCAT
6513,ENSFALG00000006674,CSRNP1,CSRNP1
6514,ENSFALG00000006675,SLC25A36,SLC25A36
6515,ENSFALG00000006676,MYO1C,MYO1C
6516,ENSFALG00000006677,BIK,ENSFALG00000006677
6517,ENSFALG00000006678,HNF4B,ENSFALG00000006678
6518,ENSFALG00000006679,NSD3,NSD3
6519,ENSFALG00000006680,BMPR1A,BMPR1A
6520,ENSFALG00000006681,Adamts5,ADAMTS5
6521,ENSFALG00000006683,PDIA6,PDIA6
6522,ENSFALG00000006684,GORASP1,GORASP1
6523,ENSFALG00000006685,TTLL1,TTLL1
6524,ENSFALG00000006686,PXYLP1,PXYLP1
6525,ENSFALG00000006687,CRISPLD2,CRISPLD2
6526,ENSFALG00000006688,PACSIN2,PACSIN2
6527,ENSFALG00000006689,USP10,USP10
6528,ENSFALG00000006690,Saraf,SARAF
6529,ENSFALG00000006691,YWHAE,YWHAE
6530,ENSFALG00000006691,YWHAE,YWHAE
6531,ENSFALG00000006692,WDR48,WDR48
6532,ENSFALG00000006693,KLHL36,KLHL36
6533,ENSFALG00000006694,MMRN2,MMRN2
6534,ENSFALG00000006695,COTL1,COTL1
6535,ENSFALG00000006696,Scn4a,ENSFALG00000006696
6536,ENSFALG00000006697,LEPROTL1,LEPROTL1
6537,ENSFALG00000006698,SNCG,SNCG
6538,ENSFALG00000006699,CRK,CRK
6539,ENSFALG00000006700,Epha4,EPHA4
6540,ENSFALG00000006702,PLPP5,PLPP5
6541,ENSFALG00000006703,MEAK7,MEAK7
6542,ENSFALG00000006703,MEAK7,MEAK7
6543,ENSFALG00000006704,NCBP3,NCBP3
6544,ENSFALG00000006707,ROCK2,ROCK2
6545,ENSFALG00000006708,GLUD1,ENSFALG00000006708
6546,ENSFALG00000006709,ATP2C2,ATP2C2
6547,ENSFALG00000006710,E2F6,E2F6
6548,ENSFALG00000006711,LRRC75A,LRRC75A
6549,ENSFALG00000006712,TMEM248,TMEM248
6550,ENSFALG00000006713,SRP72,SRP72
6551,ENSFALG00000006713,SRP72,SRP72
6552,ENSFALG00000006714,RABGEF1,ENSFALG00000006714
6553,ENSFALG00000006715,DDHD2,DDHD2
6554,ENSFALG00000006716,WFDC1,WFDC1
6555,ENSFALG00000006717,KCTD7,KCTD7
6556,ENSFALG00000006718,GREB1,ENSFALG00000006718
6557,ENSFALG00000006719,TPST1,TPST1
6558,ENSFALG00000006720,CRCP,CRCP
6559,ENSFALG00000006721,KCNG4,KCNG4
6560,ENSFALG00000006722,PAX3,PAX3
6561,ENSFALG00000006723,LSM1,LSM1
6562,ENSFALG00000006724,HSBP1,HSBP1
6563,ENSFALG00000006725,MLYCD,MLYCD
6564,ENSFALG00000006726,STAR,STAR
6565,ENSFALG00000006727,CDH13,CDH13
6566,ENSFALG00000006728,MPHOSPH6,MPHOSPH6
6567,ENSFALG00000006729,SHLD2,SHLD2
6568,ENSFALG00000006730,HSD17B2,HSD17B2
6569,ENSFALG00000006731,ASL,ENSFALG00000006731
6570,ENSFALG00000006731,Asl,ENSFALG00000006731
6571,ENSFALG00000006732,SDR42E1,SDR42E1
6572,ENSFALG00000006733,Sgpp2,SGPP2
6573,ENSFALG00000006734,Syt15,ENSFALG00000006734
6574,ENSFALG00000006735,LPIN1,LPIN1
6575,ENSFALG00000006735,LPIN1,LPIN1
6576,ENSFALG00000006736,ARL9,ARL9
6577,ENSFALG00000006737,Hopx,HOPX
6578,ENSFALG00000006738,Grin2,ENSFALG00000006738
6579,ENSFALG00000006739,FARSB,FARSB
6580,ENSFALG00000006740,DUSP4,DUSP4
6581,ENSFALG00000006741,ADGRA2,ASH2L
6582,ENSFALG00000006742,Tnks,TNKS
6583,ENSFALG00000006743,ASL2,ENSFALG00000006743
6584,ENSFALG00000006744,NCOA4,NCOA4
6585,ENSFALG00000006745,Mfhas1,MFHAS1
6586,ENSFALG00000006746,SCN5A,ENSFALG00000006746
6587,ENSFALG00000006747,ERI1,ERI1
6588,ENSFALG00000006748,Gusb,GUSB
6589,ENSFALG00000006749,Timm23,ENSFALG00000006749
6590,ENSFALG00000006750,Nodal,ENSFALG00000006750
6591,ENSFALG00000006751,EIF4EBP1,EIF4EBP1
6592,ENSFALG00000006752,PARG,PARG
6593,ENSFALG00000006753,MOGAT1,MOGAT1
6594,ENSFALG00000006754,PLCG2,PLCG2
6595,ENSFALG00000006755,PPP1R3B,PPP1R3B
6596,ENSFALG00000006756,ADRB3,ENSFALG00000006756
6597,ENSFALG00000006757,ACSL3,ACSL3
6598,ENSFALG00000006758,OGDHL,OGDHL
6599,ENSFALG00000006759,Lrp2,ENSFALG00000006759
6600,ENSFALG00000006760,SCG2,SCG2
6601,ENSFALG00000006761,AP1S3,AP1S3
6602,ENSFALG00000006762,PRAG1,PRAG1
6603,ENSFALG00000006763,Trib2,TRIB2
6604,ENSFALG00000006764,VKORC1L1,ENSFALG00000006764
6605,ENSFALG00000006765,Cdk20,ENSFALG00000006765
6606,ENSFALG00000006766,Rab11fip1,RAB11FIP1
6607,ENSFALG00000006767,WDFY1,ENSFALG00000006767
6608,ENSFALG00000006768,PORCN,PORCN
6609,ENSFALG00000006769,CHCHD2,CHCHD2
6610,ENSFALG00000006770,RPS3A,RPS3A
6611,ENSFALG00000006771,Brf2,BRF2
6612,ENSFALG00000006772,SEPHS2,SEPHS2
6613,ENSFALG00000006773,PHKG1,PHKG1
6614,ENSFALG00000006774,CHAT,CHAT
6615,ENSFALG00000006775,IKBKG,ENSFALG00000006775
6616,ENSFALG00000006776,SERPINE2,SERPINE2
6617,ENSFALG00000006777,G6PD,G6PD
6618,ENSFALG00000006778,FAM124B,ENSFALG00000006778
6619,ENSFALG00000006779,Adgra2,ADGRA2
6620,ENSFALG00000006780,CUL3,CUL3
6621,ENSFALG00000006781,SUMF2,SUMF2
6622,ENSFALG00000006782,CCT6A,CCT6B
6623,ENSFALG00000006783,Sh3d19,SH3D19
6624,ENSFALG00000006784,PSPH,PSPH
6625,ENSFALG00000006785,GUCY1B2,ENSFALG00000006785
6626,ENSFALG00000006786,PLPBP,PLPBP
6627,ENSFALG00000006787,Nrt2,ENSFALG00000006787
6628,ENSFALG00000006788,ERLIN2,ERLIN2
6629,ENSFALG00000006790,Nipsnap2,NIPSNAP2
6630,ENSFALG00000006791,SH3D19,ENSFALG00000006791
6631,ENSFALG00000006792,FHIP1A,FAM160A1
6632,ENSFALG00000006793,SLC18A3,SLC18A3
6633,ENSFALG00000006794,CMIP,CMIP
6634,ENSFALG00000006795,EXOG,EXOG
6635,ENSFALG00000006796,Mrps17,ENSFALG00000006796
6636,ENSFALG00000006797,RGR,RGR
6637,ENSFALG00000006798,UNC5D,UNC5D
6638,ENSFALG00000006801,ACVR2B,ACVR2B
6639,ENSFALG00000006803,MORC2,MORC2
6640,ENSFALG00000006804,LRIT1,LRIT1
6641,ENSFALG00000006805,GAN,GAN
6642,ENSFALG00000006806,Tmem132e,TMEM132E
6643,ENSFALG00000006807,LRIT2,LRIT2
6644,ENSFALG00000006808,XYLB,XYLB
6645,ENSFALG00000006809,INPP5J,SMTN
6646,ENSFALG00000006810,BCO1,BCO1
6647,ENSFALG00000006811,DOCK10,DOCK10
6648,ENSFALG00000006812,CUNH9orf152,ENSFALG00000006812
6649,ENSFALG00000006813,Cdhr1,CDHR1
6650,ENSFALG00000006814,NUB1,NUB1
6651,ENSFALG00000006815,WDR86,WDR86
6652,ENSFALG00000006816,SELENOM,SELENOM
6653,ENSFALG00000006817,CRYGN,CRYGN
6654,ENSFALG00000006818,Coa3,COA3
6655,ENSFALG00000006819,INPP5J,INPP5J
6656,ENSFALG00000006820,DUSP26,DUSP26
6657,ENSFALG00000006821,PLA2G3,ENSFALG00000006821
6658,ENSFALG00000006822,GHITM,GHITM
6659,ENSFALG00000006822,GHITM,GHITM
6660,ENSFALG00000006823,RHEB,RHEB
6661,ENSFALG00000006824,TTI2,TTI2
6662,ENSFALG00000006825,Pole,POLE
6663,ENSFALG00000006826,PKD1L2,ENSFALG00000006826
6664,ENSFALG00000006827,MAK16,MAK16
6665,ENSFALG00000006828,NRG3,NRG3
6666,ENSFALG00000006828,NRG3,NRG3
6667,ENSFALG00000006829,GCSH,ENSFALG00000006829
6668,ENSFALG00000006829,GCSH,ENSFALG00000006829
6669,ENSFALG00000006830,PRKAG2,PRKAG2
6670,ENSFALG00000006831,SLC18A1,SLC18A1
6671,ENSFALG00000006832,AIFM3,AIFM3
6672,ENSFALG00000006833,Sh2d4b,SH2D4B
6673,ENSFALG00000006834,Atmin,ATMIN
6674,ENSFALG00000006835,CENPN,CENPN
6675,ENSFALG00000006835,CENPN,CENPN
6676,ENSFALG00000006836,GALNT11,GALNT11
6677,ENSFALG00000006837,CMC2,CMC2
6678,ENSFALG00000006838,Rap1gds1,ENSFALG00000006838
6679,ENSFALG00000006839,KMT2C,ENSFALG00000006839
6680,ENSFALG00000006840,CDYL2,CDYL2
6681,ENSFALG00000006842,NYAP2,NYAP2
6682,ENSFALG00000006843,TMEM17A,ENSFALG00000006843
6683,ENSFALG00000006844,MAF,MAF
6684,ENSFALG00000006845,XRCC2,XRCC2
6685,ENSFALG00000006846,Wwox,WWOX
6686,ENSFALG00000006846,Wwox,WWOX
6687,ENSFALG00000006847,Actr3b,ENSFALG00000006847
6688,ENSFALG00000006849,Irs1,IRS1
6689,ENSFALG00000006850,NDRG4,NDRG4
6690,ENSFALG00000006851,RHBDD1,RHBDD1
6691,ENSFALG00000006852,TSPAN14,TSPAN14
6692,ENSFALG00000006853,ATP6V1B2,ATP6V1B2
6693,ENSFALG00000006854,Gins3,GINS3
6694,ENSFALG00000006855,PRXL2A,ENSFALG00000006855
6695,ENSFALG00000006856,P2rx6,ENSFALG00000006856
6696,ENSFALG00000006857,Exosc3,EXOSC3
6697,ENSFALG00000006858,Dydc2,ENSFALG00000006858
6698,ENSFALG00000006859,MAT1A,MAT1A
6699,ENSFALG00000006860,DPP6,DPP6
6700,ENSFALG00000006862,Sftpa1,ENSFALG00000006862
6701,ENSFALG00000006863,SFTPD,ENSFALG00000006863
6702,ENSFALG00000006863,SFTPD,ENSFALG00000006863
6703,ENSFALG00000006864,Csk22,CSNK2A2
6704,ENSFALG00000006864,CFAP20,CSNK2A2
6705,ENSFALG00000006865,COL4A4,COL4A4
6706,ENSFALG00000006866,RASGEF1A,RASGEF1A
6707,ENSFALG00000006867,SLC7A4,SLC7A4
6708,ENSFALG00000006868,Dgcr6,ENSFALG00000006868
6709,ENSFALG00000006869,Scarf2,SCARF2
6710,ENSFALG00000006870,LZTS1,LZTS1
6711,ENSFALG00000006871,MMP15,MMP15
6712,ENSFALG00000006872,GFRA2,GFRA2
6713,ENSFALG00000006873,PAXIP1,PAXIP1
6714,ENSFALG00000006876,USB1,USB1
6715,ENSFALG00000006877,STAC3,ENSFALG00000006877
6716,ENSFALG00000006878,Dhrs4,ENSFALG00000006878
6717,ENSFALG00000006879,CSGALNACT2,CSGALNACT2
6718,ENSFALG00000006880,RET,RET
6719,ENSFALG00000006881,Tdrkh,ENSFALG00000006881
6720,ENSFALG00000006882,BMS1,BMS1
6721,ENSFALG00000006883,Dok2,ENSFALG00000006883
6722,ENSFALG00000006884,HTR5A,HTR5A
6723,ENSFALG00000006885,CNGB1,CNGB1
6724,ENSFALG00000006886,Srr,ENSFALG00000006886
6725,ENSFALG00000006887,INSIG1,INSIG1
6726,ENSFALG00000006888,En2,EN2
6727,ENSFALG00000006889,PLAC9,ENSFALG00000006889
6728,ENSFALG00000006890,Cnpy1,ENSFALG00000006890
6729,ENSFALG00000006891,Anxa11,ANXA11
6730,ENSFALG00000006892,RBM33,RBM33
6731,ENSFALG00000006893,ZCCHC24,ZCCHC24
6732,ENSFALG00000006894,OSBP2,OSBP2
6733,ENSFALG00000006895,Shh,SHH
6734,ENSFALG00000006896,Ppif,PPIF
6735,ENSFALG00000006897,LMBR1,LMBR1
6736,ENSFALG00000006898,KIFC3,KIFC3
6737,ENSFALG00000006899,ZMIZ1,ZMIZ1
6738,ENSFALG00000006900,IQCD,IQCD
6739,ENSFALG00000006901,SLC35E4,SLC35E4
6740,ENSFALG00000006902,KATNB1,KATNB1
6741,ENSFALG00000006903,Rps24,RPS24
6742,ENSFALG00000006904,NOM1,NOM1
6743,ENSFALG00000006905,ADGRB3,ADGRB3
6744,ENSFALG00000006906,TCN2,TCN2
6745,ENSFALG00000006907,COL4A3,COL4A3
6746,ENSFALG00000006908,MNX1,MNX1
6747,ENSFALG00000006909,Pes1,PES1
6748,ENSFALG00000006910,DRC7,DRC7
6749,ENSFALG00000006911,UBE3C,UBE3C
6750,ENSFALG00000006912,Gp2,ENSFALG00000006912
6751,ENSFALG00000006913,POLR3A,POLR3A
6752,ENSFALG00000006913,POLR3A,POLR3A
6753,ENSFALG00000006914,ADGRG3,ADGRG3
6754,ENSFALG00000006915,GAL3ST1,GAL3ST1
6755,ENSFALG00000006916,LMBRD1,LMBRD1
6756,ENSFALG00000006917,SEC14L2,MTFP1
6757,ENSFALG00000006918,ADGRG1,ADGRG1
6758,ENSFALG00000006919,SEC14L2,ENSFALG00000006919
6759,ENSFALG00000006920,DNAJB6,DNAJB6
6760,ENSFALG00000006920,DNAJB6,DNAJB6
6761,ENSFALG00000006921,COL19A1,COL19A1
6762,ENSFALG00000006922,MFF,MFF
6763,ENSFALG00000006923,Ccdc102a,CCDC102A
6764,ENSFALG00000006924,Rnf215,RNF215
6765,ENSFALG00000006925,MRPL44,MRPL44
6766,ENSFALG00000006926,DOK4,DOK4
6767,ENSFALG00000006927,PTPRN2,PTPRN2
6768,ENSFALG00000006928,AGFG1,AGFG1
6769,ENSFALG00000006929,CCDC157,CCDC157
6770,ENSFALG00000006930,NCAPG2,NCAPG2
6771,ENSFALG00000006931,POLR2C,POLR2C
6772,ENSFALG00000006933,DLG5,DLG5
6773,ENSFALG00000006934,ESYT2,ESYT2
6774,ENSFALG00000006935,KCNMA1,KCNMA1
6775,ENSFALG00000006936,Wdr60,WDR60
6776,ENSFALG00000006937,SLC19A3,ENSFALG00000006937
6777,ENSFALG00000006938,LRMDA,LRMDA
6778,ENSFALG00000006939,COQ9,COQ9
6779,ENSFALG00000006940,ZNF503,ZNF503
6780,ENSFALG00000006941,CCL20,CCL20
6781,ENSFALG00000006942,COMTD1,COMTD1
6782,ENSFALG00000006943,DAW1,ENSFALG00000006943
6783,ENSFALG00000006944,SF3A1,SF3A1
6784,ENSFALG00000006944,SF3A1,SF3A1
6785,ENSFALG00000006945,VIPR2,VIPR2
6786,ENSFALG00000006946,VDAC2,VDAC2
6787,ENSFALG00000006947,SPHKAP,SPHKAP
6788,ENSFALG00000006948,SAMD8,SAMD8
6789,ENSFALG00000006949,ZMYND11,ZMYND11
6790,ENSFALG00000006950,COL9A1,COL9A1
6791,ENSFALG00000006951,DUSP13A,ENSFALG00000006951
6792,ENSFALG00000006952,CIAPIN1,CIAPIN1
6793,ENSFALG00000006954,DIP2C,DIP2C
6794,ENSFALG00000006955,GFOD2,GFOD2
6795,ENSFALG00000006956,DUSP13B,DUSP13
6796,ENSFALG00000006957,PID1,PID1
6797,ENSFALG00000006957,PID1,PID1
6798,ENSFALG00000006958,ENKD1,ENKD1
6799,ENSFALG00000006959,DNER,DNER
6800,ENSFALG00000006960,DUSP29,DUPD1
6801,ENSFALG00000006961,LARP4B,LARP4B
6802,ENSFALG00000006962,TRIP12,TRIP12
6803,ENSFALG00000006963,PARD6A,PARD6A
6804,ENSFALG00000006964,KAT6B,KAT6B
6805,ENSFALG00000006965,HERPUD1,HERPUD1
6806,ENSFALG00000006966,ADK,ADK
6807,ENSFALG00000006967,SLC16A14,SLC16A14
6808,ENSFALG00000006968,Tbc1d10a,ENSFALG00000006968
6809,ENSFALG00000006969,ZBTB38,ZBTB38
6810,ENSFALG00000006970,CETP,CETP
6811,ENSFALG00000006971,GTPBP4,GTPBP4
6812,ENSFALG00000006972,RASA2,RASA2
6813,ENSFALG00000006973,CASTOR1,CASTOR1
6814,ENSFALG00000006974,AP3M1,AP3M1
6815,ENSFALG00000006974,AP3M1,AP3M1
6816,ENSFALG00000006975,Lif,LIF
6817,ENSFALG00000006976,FAM135A,FAM135A
6818,ENSFALG00000006977,FAM135A,SDHAF4
6819,ENSFALG00000006978,HORMAD2,HORMAD2
6820,ENSFALG00000006979,SMAP1,SMAP1
6821,ENSFALG00000006980,NLRC5,NLRC5
6822,ENSFALG00000006981,Rnf7,RNF7
6823,ENSFALG00000006982,B3gat2,B3GAT2
6824,ENSFALG00000006983,GRK7,GRK7
6825,ENSFALG00000006984,OGFRL1,OGFRL1
6826,ENSFALG00000006985,ATP1B3,ATP1B3
6827,ENSFALG00000006986,Acdh11,ENSFALG00000006986
6828,ENSFALG00000006987,NGFR,NGFR
6829,ENSFALG00000006988,Idi1,ENSFALG00000006988
6830,ENSFALG00000006989,WDR37,WDR37
6831,ENSFALG00000006990,ASRGL1,ASRGL1
6832,ENSFALG00000006991,MTMR3,MTMR3
6833,ENSFALG00000006992,Phb,PHB
6834,ENSFALG00000006993,ADARB2,ADARB2
6835,ENSFALG00000006994,Tfdp2,TFDP2
6836,ENSFALG00000006995,Gba2,ENSFALG00000006995
6837,ENSFALG00000006996,RNF41,ENSFALG00000006996
6838,ENSFALG00000006997,Fibp,FIBP
6839,ENSFALG00000006998,ASCC2,ASCC2
6840,ENSFALG00000006999,PFKP,PFKP
6841,ENSFALG00000007000,CPNE2,CPNE2
6842,ENSFALG00000007002,RIMS1,RIMS1
6843,ENSFALG00000007003,ZNF652,ZNF652
6844,ENSFALG00000007004,Tbrg4,ENSFALG00000007004
6845,ENSFALG00000007005,Uqcr10,UQCR10
6846,ENSFALG00000007006,PSME3IP1,FAM192A
6847,ENSFALG00000007007,VCL,VCL
6848,ENSFALG00000007007,VCL,VCL
6849,ENSFALG00000007008,PITRM1,PITRM1
6850,ENSFALG00000007009,RSPRY1,RSPRY1
6851,ENSFALG00000007010,PTPDC1,PTPDC1
6852,ENSFALG00000007011,Zmat5,ZMAT5
6853,ENSFALG00000007012,ARL2BP,ARL2BP
6854,ENSFALG00000007013,BARX1,BARX1
6855,ENSFALG00000007014,Rce1,ENSFALG00000007014
6856,ENSFALG00000007015,KLF6,KLF6
6857,ENSFALG00000007016,GK5,GK5
6858,ENSFALG00000007017,Pllp,PLLP
6859,ENSFALG00000007018,PHF2,PHF2
6860,ENSFALG00000007019,FZD8,FZD8
6861,ENSFALG00000007020,CASTOR2,ENSFALG00000007020
6862,ENSFALG00000007021,XRN1,XRN1
6863,ENSFALG00000007022,CABP7,CABP7
6864,ENSFALG00000007023,THAP11,THAP11
6865,ENSFALG00000007024,Rab4b,ENSFALG00000007024
6866,ENSFALG00000007025,GJD4,GJD4
6867,ENSFALG00000007026,FAM120A,FAM120A
6868,ENSFALG00000007027,CENPT,ENSFALG00000007027
6869,ENSFALG00000007028,CCNY,CCNY
6870,ENSFALG00000007029,KCNQ5,KCNQ5
6871,ENSFALG00000007030,WNK2,WNK2
6872,ENSFALG00000007031,Ranbp10,RANBP10
6873,ENSFALG00000007032,Rcc1l,RCC1L
6874,ENSFALG00000007033,PLAU,ENSFALG00000007033
6875,ENSFALG00000007034,ATR,ATR
6876,ENSFALG00000007035,NINJ1,NINJ1
6877,ENSFALG00000007036,CREM,CREM
6878,ENSFALG00000007037,CARD19,ENSFALG00000007037
6879,ENSFALG00000007038,CUL2,CUL2
6880,ENSFALG00000007039,SUSD3,SUSD3
6881,ENSFALG00000007040,NF2,NF2
6882,ENSFALG00000007041,CAMK2G,CAMK2G
6883,ENSFALG00000007042,DDX43,ENSFALG00000007042
6884,ENSFALG00000007043,NDST2,ENSFALG00000007043
6885,ENSFALG00000007044,NCF1,NCF1
6886,ENSFALG00000007045,Ccl14,ENSFALG00000007045
6887,ENSFALG00000007046,FGD3,FGD3
6888,ENSFALG00000007047,ZSWIM8,ZSWIM8
6889,ENSFALG00000007048,KIAA0895L,KIAA0895L
6890,ENSFALG00000007049,CX3CL1,ENSFALG00000007049
6891,ENSFALG00000007050,PLS1,PLS1
6892,ENSFALG00000007053,PARD3,PARD3
6893,ENSFALG00000007054,Cgas,CGAS
6894,ENSFALG00000007054,CGAS,CGAS
6895,ENSFALG00000007056,CHCHD1,CHCHD1
6896,ENSFALG00000007057,NUTF2,NUTF2
6897,ENSFALG00000007058,FUT11,FUT11
6898,ENSFALG00000007059,Trpc1,TRPC1
6899,ENSFALG00000007060,EDC4,EDC4
6900,ENSFALG00000007061,MTO1,MTO1
6901,ENSFALG00000007062,BICD2,BICD2
6902,ENSFALG00000007063,PSKH1,PSKH1
6903,ENSFALG00000007064,CD1A,ENSFALG00000007064
6904,ENSFALG00000007065,Gtf2i,GTF2I
6905,ENSFALG00000007066,Cd1d,ENSFALG00000007066
6906,ENSFALG00000007067,CTRL,CTRL
6907,ENSFALG00000007068,PCOLCE2,PCOLCE2
6908,ENSFALG00000007069,EEF1A1,ENSFALG00000007069
6909,ENSFALG00000007070,U2SURP,U2SURP
6910,ENSFALG00000007071,NIPSNAP1,NIPSNAP1
6911,ENSFALG00000007072,SLC17A5,SLC17A5
6912,ENSFALG00000007073,SEC24C,ENSFALG00000007073
6913,ENSFALG00000007074,CHST2,CHST2
6914,ENSFALG00000007075,CD109,CD109
6915,ENSFALG00000007076,EXOC3L1,EXOC3L1
6916,ENSFALG00000007077,E2F4,E2F4
6917,ENSFALG00000007078,SLC9A9,SLC9A9
6918,ENSFALG00000007079,THOC5,THOC5
6919,ENSFALG00000007080,NRP1,NRP1
6920,ENSFALG00000007081,Nefh,NEFH
6921,ENSFALG00000007081,Nefh,NEFH
6922,ENSFALG00000007082,Elmo3,ELMO3
6923,ENSFALG00000007083,AP1B1,AP1B1
6924,ENSFALG00000007084,Dia1,DIPK2A
6925,ENSFALG00000007085,GTF2IRD1,GTF2IRD1
6926,ENSFALG00000007086,PLOD2,PLOD2
6927,ENSFALG00000007087,PLSCR1,PLSCR1
6928,ENSFALG00000007088,Synpo2l,SYNPO2L
6929,ENSFALG00000007089,EWSR1,EWSR1
6930,ENSFALG00000007090,PLSCR5,PLSCR5
6931,ENSFALG00000007091,ZIC4,ZIC4
6932,ENSFALG00000007092,MYOZ1,MYOZ1
6933,ENSFALG00000007093,USP54,USP54
6934,ENSFALG00000007094,ZIC1,ZIC1
6935,ENSFALG00000007095,PPP3CB,PPP3CB
6936,ENSFALG00000007096,CPB1,CPB1
6937,ENSFALG00000007097,Dtx1,DTX1
6938,ENSFALG00000007098,ANXA7,ANXA7
6939,ENSFALG00000007099,NCBP2,ENSFALG00000007099
6940,ENSFALG00000007100,Eif3f,EIF3F
6941,ENSFALG00000007101,MKS1,MKS1
6942,ENSFALG00000007102,Tmem208,TMEM208
6943,ENSFALG00000007103,RFC5,RFC5
6944,ENSFALG00000007104,LCAT,LCAT
6945,ENSFALG00000007105,WSB2,WSB2
6946,ENSFALG00000007106,ITGB1,ITGB1
6947,ENSFALG00000007107,PIGZ,ENSFALG00000007107
6948,ENSFALG00000007108,MELTF,MELTF
6949,ENSFALG00000007109,EPC1,EPC1
6950,ENSFALG00000007110,Gsfk,ENSFALG00000007110
6951,ENSFALG00000007111,KSR2,KSR2
6952,ENSFALG00000007112,KIF5B,KIF5B
6953,ENSFALG00000007113,STX1A,STX1A
6954,ENSFALG00000007114,SORBS1,SORBS1
6955,ENSFALG00000007115,ARHGAP12,ARHGAP12
6956,ENSFALG00000007116,Gsfk,ENSFALG00000007116
6957,ENSFALG00000007117,NOS1,NOS1
6958,ENSFALG00000007118,ZEB1,ZEB1
6959,ENSFALG00000007119,DLG1,DLG1
6960,ENSFALG00000007120,Bud23,BUD23
6961,ENSFALG00000007121,Fbxo21,FBXO21
6962,ENSFALG00000007122,ZNF438,ZNF438
6963,ENSFALG00000007124,SVIL,SVIL
6964,ENSFALG00000007125,VPS37D,VPS37D
6965,ENSFALG00000007126,SORBS1,ENSFALG00000007126
6966,ENSFALG00000007127,Jcad,JCAD
6967,ENSFALG00000007129,Pdlim1,PDLIM1
6968,ENSFALG00000007130,Fgl1l,ENSFALG00000007130
6969,ENSFALG00000007131,SPACA6,ENSFALG00000007131
6970,ENSFALG00000007132,Mtpap,MTPAP
6971,ENSFALG00000007133,TESC,TESC
6972,ENSFALG00000007135,MAP3K8,MAP3K8
6973,ENSFALG00000007136,Hells,HELLS
6974,ENSFALG00000007137,CLIP2,CLIP2
6975,ENSFALG00000007138,RIPOR1,RIPOR1
6976,ENSFALG00000007139,FBXW8,FBXW8
6977,ENSFALG00000007141,BAMBI,BAMBI
6978,ENSFALG00000007141,BAMBI,BAMBI
6979,ENSFALG00000007144,RFC2,RFC2
6980,ENSFALG00000007145,WAC,WAC
6981,ENSFALG00000007146,Spop,SPOP
6982,ENSFALG00000007147,MPP7,MPP7
6983,ENSFALG00000007148,SLC35B1,SLC35B1
6984,ENSFALG00000007150,Rnft2,RNFT2
6985,ENSFALG00000007151,Zp4,ZP4
6986,ENSFALG00000007152,ODAD2,ARMC4
6987,ENSFALG00000007153,BDH1,ENSFALG00000007153
6988,ENSFALG00000007154,SNX27,SNX27
6989,ENSFALG00000007155,EIF4H,EIF4H
6990,ENSFALG00000007156,MKX,MKX
6991,ENSFALG00000007157,SPRING1,C12orf49
6992,ENSFALG00000007158,MYBBP1A,MYBBP1A
6993,ENSFALG00000007159,APOD,APOD
6994,ENSFALG00000007160,RAB18,RAB18
6995,ENSFALG00000007161,Ppp1r2,ENSFALG00000007161
6996,ENSFALG00000007162,VPREB3,VPREB3
6997,ENSFALG00000007163,CTCF,CTCF
6998,ENSFALG00000007163,CTCF,CTCF
6999,ENSFALG00000007164,Dep5,ENSFALG00000007164
7000,ENSFALG00000007165,SPNS2,SPNS2
7001,ENSFALG00000007166,PTCHD3,PTCHD3
7002,ENSFALG00000007167,Mmp11,MMP11
7003,ENSFALG00000007168,MTRR,MTRR
7004,ENSFALG00000007169,Cyp2g1,ENSFALG00000007169
7005,ENSFALG00000007170,SPNS3,SPNS3
7006,ENSFALG00000007171,FASTKD3,FASTKD3
7007,ENSFALG00000007172,YME1L1,YME1L1
7008,ENSFALG00000007173,CUNH5orf49,ENSFALG00000007173
7009,ENSFALG00000007174,Carmil2,CARMIL2
7010,ENSFALG00000007174,CARMIL2,CARMIL2
7011,ENSFALG00000007175,ACAP2,ACAP2
7012,ENSFALG00000007176,UBE2G1,UBE2G1
7013,ENSFALG00000007176,UBE2G1,UBE2G1
7014,ENSFALG00000007177,ADCY2,ADCY2
7015,ENSFALG00000007179,TENT4A,TENT4A
7016,ENSFALG00000007180,Acd,ENSFALG00000007180
7017,ENSFALG00000007181,SRD5A1,SRD5A1
7018,ENSFALG00000007182,SMARCB1,SMARCB1
7019,ENSFALG00000007182,Smarcb1,SMARCB1
7020,ENSFALG00000007183,MASTL,MASTL
7021,ENSFALG00000007184,ANKFY1,ANKFY1
7022,ENSFALG00000007185,Gsfk,ENSFALG00000007185
7023,ENSFALG00000007186,CYB5D2,CYB5D2
7024,ENSFALG00000007187,ZZEF1,ZZEF1
7025,ENSFALG00000007188,NSUN2,NSUN2
7026,ENSFALG00000007189,DERL3,DERL3
7027,ENSFALG00000007190,ACBD5,ACBD5
7028,ENSFALG00000007190,ACBD5,ACBD5
7029,ENSFALG00000007191,Tll2,TLL2
7030,ENSFALG00000007192,SLC2A11,ENSFALG00000007192
7031,ENSFALG00000007193,SLC2A11L1,ENSFALG00000007193
7032,ENSFALG00000007196,AARS,AARS
7033,ENSFALG00000007197,ABI1,ABI1
7034,ENSFALG00000007199,Tardbp,TARDBP
7035,ENSFALG00000007200,XXYLT1,XXYLT1
7036,ENSFALG00000007201,Pdss1,PDSS1
7037,ENSFALG00000007202,Clec18a,ENSFALG00000007202
7038,ENSFALG00000007203,SLC2A11L4,ENSFALG00000007203
7039,ENSFALG00000007204,SELENOO,ENSFALG00000007204
7040,ENSFALG00000007205,UBE2QL1,UBE2QL1
7041,ENSFALG00000007207,MED10,MED10
7042,ENSFALG00000007208,APBB1IP,APBB1IP
7043,ENSFALG00000007209,Mif,MIF
7044,ENSFALG00000007210,Lsg1,LSG1
7045,ENSFALG00000007212,FBLN7,ENSFALG00000007212
7046,ENSFALG00000007213,CASZ1,CASZ1
7047,ENSFALG00000007214,Gad2,GAD2
7048,ENSFALG00000007215,ZDHHC1,ZDHHC1
7049,ENSFALG00000007216,DDX51,DDX51
7050,ENSFALG00000007217,Tppp3,TPPP3
7051,ENSFALG00000007218,TM9SF3,TM9SF3
7052,ENSFALG00000007219,ATP13A3,ATP13A3
7053,ENSFALG00000007220,PEX14,PEX14
7054,ENSFALG00000007221,DFFA,DFFA
7055,ENSFALG00000007222,PLEKHG4,ENSFALG00000007222
7056,ENSFALG00000007223,CPN2,CPN2
7057,ENSFALG00000007224,PIK3AP1,PIK3AP1
7058,ENSFALG00000007225,MYO3A,MYO3A
7059,ENSFALG00000007226,CENPS,ENSFALG00000007226
7060,ENSFALG00000007227,SLC9A5,SLC9A5
7061,ENSFALG00000007228,HES1,HES1
7062,ENSFALG00000007229,PGD,PGD
7063,ENSFALG00000007230,GSTT2B,ENSFALG00000007230
7064,ENSFALG00000007231,KIF1B,KIF1B
7065,ENSFALG00000007232,OPA1,OPA1
7066,ENSFALG00000007233,NOLC1,ENSFALG00000007233
7067,ENSFALG00000007234,KIF1B,ENSFALG00000007234
7068,ENSFALG00000007235,DDT,ENSFALG00000007235
7069,ENSFALG00000007236,FHOD1,FHOD1
7070,ENSFALG00000007237,UGT8,ENSFALG00000007237
7071,ENSFALG00000007238,NECAP1,NECAP1
7072,ENSFALG00000007239,Ube4b,UBE4B
7073,ENSFALG00000007240,Hrasls,ENSFALG00000007240
7074,ENSFALG00000007241,CABIN1,CABIN1
7075,ENSFALG00000007242,ELOVL3,ELOVL3
7076,ENSFALG00000007243,MYH7,MYH7
7077,ENSFALG00000007244,FOXJ2,FOXJ2
7078,ENSFALG00000007245,RBP7,RBP7
7079,ENSFALG00000007246,Slc2a3,ENSFALG00000007246
7080,ENSFALG00000007247,PITX3,ENSFALG00000007247
7081,ENSFALG00000007249,NMNAT1,NMNAT1
7082,ENSFALG00000007250,GBF1,GBF1
7083,ENSFALG00000007251,GPR158,GPR158
7084,ENSFALG00000007252,Tbx6l,ENSFALG00000007252
7085,ENSFALG00000007253,ATP13A4,ATP13A4
7086,ENSFALG00000007254,ENKUR,ENKUR
7087,ENSFALG00000007255,Nanog,ENSFALG00000007255
7088,ENSFALG00000007255,Nanog,ENSFALG00000007255
7089,ENSFALG00000007256,LZIC,LZIC
7090,ENSFALG00000007257,Apobec1,ENSFALG00000007257
7091,ENSFALG00000007258,TMEM150A,ENSFALG00000007258
7092,ENSFALG00000007259,PRTFDC1,PRTFDC1
7093,ENSFALG00000007260,CTNNBIP1,CTNNBIP1
7094,ENSFALG00000007261,AICDA,AICDA
7095,ENSFALG00000007262,CRKL,CRKL
7096,ENSFALG00000007263,KLHL22,ENSFALG00000007263
7097,ENSFALG00000007264,MED15,MED15
7098,ENSFALG00000007265,MFAP5,MFAP5
7099,ENSFALG00000007266,MAPK8IP2,ENSFALG00000007266
7100,ENSFALG00000007267,HSD11B2,HSD11B2
7101,ENSFALG00000007268,CLSTN1,CLSTN1
7102,ENSFALG00000007269,ARHGAP21,ARHGAP21
7103,ENSFALG00000007270,Rimklb,RIMKLB
7104,ENSFALG00000007271,Nfkb2,NFKB2
7105,ENSFALG00000007272,Atp6v0d1,ATP6V0D1
7106,ENSFALG00000007273,KIAA1217,KIAA1217
7107,ENSFALG00000007274,Pla2g16,ENSFALG00000007274
7108,ENSFALG00000007275,AGRP,AGRP
7109,ENSFALG00000007277,SMPD4,SMPD4
7110,ENSFALG00000007278,OTUD1,OTUD1
7111,ENSFALG00000007280,Ptf1a,PTF1A
7112,ENSFALG00000007281,Pla2g16,ENSFALG00000007281
7113,ENSFALG00000007281,Hrasls,ENSFALG00000007281
7114,ENSFALG00000007282,Msrb2,ENSFALG00000007282
7115,ENSFALG00000007283,SETD6,SETD6
7116,ENSFALG00000007284,A2ml1,ENSFALG00000007284
7117,ENSFALG00000007284,A2ml1,ENSFALG00000007284
7118,ENSFALG00000007285,CNOT1,CNOT1
7119,ENSFALG00000007286,PLAAT1,ENSFALG00000007286
7120,ENSFALG00000007287,ARMC3,ARMC3
7121,ENSFALG00000007288,A2ML1,ENSFALG00000007288
7122,ENSFALG00000007289,SLC38A7,SLC38A7
7123,ENSFALG00000007290,GOT2,GOT2
7124,ENSFALG00000007291,PSD,PSD
7125,ENSFALG00000007292,ZAN,ENSFALG00000007292
7126,ENSFALG00000007293,PIP4K2A,PIP4K2A
7127,ENSFALG00000007293,PIP4K2A,PIP4K2A
7128,ENSFALG00000007294,PIK3CD,PIK3CD
7129,ENSFALG00000007295,CALB2,CALB2
7130,ENSFALG00000007296,GGT5,GGT5
7131,ENSFALG00000007297,GGT1,ENSFALG00000007297
7132,ENSFALG00000007298,Lrrc75b,ENSFALG00000007298
7133,ENSFALG00000007299,MB21D2,MB21D2
7134,ENSFALG00000007300,FBXL15,FBXL15
7135,ENSFALG00000007301,SPAG6,SPAG6
7136,ENSFALG00000007303,SNRPD3,SNRPD3
7137,ENSFALG00000007304,PNP,ENSFALG00000007304
7138,ENSFALG00000007305,CUEDC2,CUEDC2
7139,ENSFALG00000007306,BMI1,ENSFALG00000007306
7140,ENSFALG00000007307,Fgf12,FGF12
7141,ENSFALG00000007307,Fgf12,FGF12
7142,ENSFALG00000007308,PAX2,PAX2
7143,ENSFALG00000007309,COMMD3,COMMD3
7144,ENSFALG00000007310,GUCD1,GUCD1
7145,ENSFALG00000007311,UPB1,UPB1
7146,ENSFALG00000007312,RPAP3,RPAP3
7147,ENSFALG00000007313,ADORA2A,ADORA2A
7148,ENSFALG00000007314,HIF1AN,HIF1AN
7149,ENSFALG00000007315,DNAJC1,DNAJC1
7150,ENSFALG00000007316,CCDC50,CCDC50
7151,ENSFALG00000007317,TMEM201,ENSFALG00000007317
7152,ENSFALG00000007318,Psmb4,PSMB4
7153,ENSFALG00000007319,Uts2b,UTS2B
7154,ENSFALG00000007320,SPECC1L,ENSFALG00000007320
7155,ENSFALG00000007321,Ndufb8,ENSFALG00000007321
7156,ENSFALG00000007322,Atp23,ATP23
7157,ENSFALG00000007323,VAC14,VAC14
7158,ENSFALG00000007324,OSTN,OSTN
7159,ENSFALG00000007325,MLLT10,MLLT10
7160,ENSFALG00000007326,LRIG3,LRIG3
7161,ENSFALG00000007327,POGZ,ENSFALG00000007327
7162,ENSFALG00000007328,SLC25A33,SLC25A33
7163,ENSFALG00000007329,SEC31B,SEC31B
7164,ENSFALG00000007331,SLC16A7,SLC16A7
7165,ENSFALG00000007332,GMNC,GMNC
7166,ENSFALG00000007333,TEK,TEK
7167,ENSFALG00000007334,SKIDA1,SKIDA1
7168,ENSFALG00000007336,Nebl,ENSFALG00000007336
7169,ENSFALG00000007337,IL1RAP,ENSFALG00000007337
7170,ENSFALG00000007338,Wnt8b,WNT8B
7171,ENSFALG00000007339,IFT74,IFT74
7172,ENSFALG00000007340,A2ML2,ENSFALG00000007340
7173,ENSFALG00000007341,TMEM207,TMEM207
7174,ENSFALG00000007342,SPSB1,SPSB1
7175,ENSFALG00000007343,Lrrc19,LRRC19
7176,ENSFALG00000007344,H6PD,H6PD
7177,ENSFALG00000007345,CLDN16,CLDN16
7178,ENSFALG00000007346,BCR,BCR
7179,ENSFALG00000007347,COPA,COPA
7180,ENSFALG00000007348,PLAA,PLAA
7181,ENSFALG00000007349,MUC3B,ENSFALG00000007349
7182,ENSFALG00000007350,GPR157,GPR157
7183,ENSFALG00000007351,NEBL,NEBL
7184,ENSFALG00000007352,PHC1,PHC1
7185,ENSFALG00000007353,SLC2A5,SLC2A5
7186,ENSFALG00000007354,SCD,SCD
7187,ENSFALG00000007355,Caap1,CAAP1
7188,ENSFALG00000007356,M6PR,M6PR
7189,ENSFALG00000007357,Ca6,CA6
7190,ENSFALG00000007358,CLDN1,CLDN1
7191,ENSFALG00000007359,Aoc1,ENSFALG00000007359
7192,ENSFALG00000007360,ENO1,ENO1
7193,ENSFALG00000007361,KLRG1,KLRG1
7194,ENSFALG00000007362,RAB36,RAB36
7195,ENSFALG00000007363,ELAVL2,ELAVL2
7196,ENSFALG00000007364,DNAH5,DNAH5
7197,ENSFALG00000007365,MTSS2,MTSS2
7198,ENSFALG00000007366,A2M,ENSFALG00000007366
7199,ENSFALG00000007367,PKD2L1,PKD2L1
7200,ENSFALG00000007368,IL34,ENSFALG00000007368
7201,ENSFALG00000007369,MYH7,ENSFALG00000007369
7202,ENSFALG00000007371,ABCG2,ENSFALG00000007371
7203,ENSFALG00000007372,SF3B3,SF3B3
7204,ENSFALG00000007373,PLXDC2,PLXDC2
7205,ENSFALG00000007374,RERE,RERE
7206,ENSFALG00000007375,Dtwd2,DTWD2
7207,ENSFALG00000007376,RSPH14,RSPH14
7208,ENSFALG00000007377,P3H2,P3H2
7209,ENSFALG00000007378,Bloc1s2,BLOC1S2
7210,ENSFALG00000007379,MALRD1,ENSFALG00000007379
7211,ENSFALG00000007380,COG4,COG4
7212,ENSFALG00000007381,GNAZ,GNAZ
7213,ENSFALG00000007382,FCSK,FCSK
7214,ENSFALG00000007383,CYP2H1,ENSFALG00000007383
7215,ENSFALG00000007384,SLC5A1,SLC5A1
7216,ENSFALG00000007385,SAMD11,ENSFALG00000007385
7217,ENSFALG00000007385,SAMD11,ENSFALG00000007385
7218,ENSFALG00000007386,MALRD1,ENSFALG00000007386
7219,ENSFALG00000007386,MALRD1,ENSFALG00000007386
7220,ENSFALG00000007387,ALOX5,ALOX5
7221,ENSFALG00000007388,Ywhah,YWHAH
7222,ENSFALG00000007389,Malrd1,ENSFALG00000007389
7223,ENSFALG00000007390,ST3GAL2,ST3GAL2
7224,ENSFALG00000007391,DMXL1,DMXL1
7225,ENSFALG00000007392,NOC2L,NOC2L
7226,ENSFALG00000007393,TP63,TP63
7227,ENSFALG00000007394,March8,MARCH8
7228,ENSFALG00000007395,ARL5B,ARL5B
7229,ENSFALG00000007396,NCSTN,NCSTN
7230,ENSFALG00000007397,Anhx,ENSFALG00000007397
7231,ENSFALG00000007398,NSUN6,NSUN6
7232,ENSFALG00000007399,A2M,ENSFALG00000007399
7233,ENSFALG00000007400,Lpp,LPP
7234,ENSFALG00000007401,DEPDC5,ENSFALG00000007401
7235,ENSFALG00000007402,ZFAND4,ZFAND4
7236,ENSFALG00000007403,PDPR,PDPR
7237,ENSFALG00000007404,KLHL17,KLHL17
7238,ENSFALG00000007405,Cacnb2,CACNB2
7239,ENSFALG00000007406,WASHC2C,ENSFALG00000007406
7240,ENSFALG00000007407,BCL6,BCL6
7241,ENSFALG00000007409,PRR14L,ENSFALG00000007409
7242,ENSFALG00000007410,MSMB,ENSFALG00000007410
7243,ENSFALG00000007411,Mspj,ENSFALG00000007411
7244,ENSFALG00000007412,Sst,SST
7245,ENSFALG00000007413,Anxa8,ENSFALG00000007413
7246,ENSFALG00000007414,Plekhn1,ENSFALG00000007414
7247,ENSFALG00000007415,Glg1,GLG1
7248,ENSFALG00000007416,Tf2,ENSFALG00000007416
7249,ENSFALG00000007417,SLC39A12,SLC39A12
7250,ENSFALG00000007418,Perm1,ENSFALG00000007418
7251,ENSFALG00000007419,PISD,PISD
7252,ENSFALG00000007421,Hes1,HES4
7253,ENSFALG00000007422,HSD17B4,HSD17B4
7254,ENSFALG00000007423,Masp1,MASP1
7255,ENSFALG00000007424,SFI1,ENSFALG00000007424
7256,ENSFALG00000007424,SFI1,ENSFALG00000007424
7257,ENSFALG00000007426,ANTXRL,ANTXRL
7258,ENSFALG00000007427,PRR16,PRR16
7259,ENSFALG00000007428,Vangl2a,VANGL2
7260,ENSFALG00000007429,Agrn,ENSFALG00000007429
7261,ENSFALG00000007429,Agrn,ENSFALG00000007429
7262,ENSFALG00000007431,EIF4ENIF1,EIF4ENIF1
7263,ENSFALG00000007435,RFWD3,RFWD3
7264,ENSFALG00000007436,Slamf7,ENSFALG00000007436
7265,ENSFALG00000007437,RTP4,ENSFALG00000007437
7266,ENSFALG00000007438,Drg1,DRG1
7267,ENSFALG00000007439,Cd84,ENSFALG00000007439
7268,ENSFALG00000007440,MLKL,MLKL
7269,ENSFALG00000007441,Pdcd1,ENSFALG00000007441
7270,ENSFALG00000007442,MRC1,ENSFALG00000007442
7271,ENSFALG00000007443,PCYT1A,ENSFALG00000007443
7272,ENSFALG00000007444,STAM,STAM
7273,ENSFALG00000007445,TRIO,TRIO
7274,ENSFALG00000007446,FA2H,FA2H
7275,ENSFALG00000007447,Hacd1,HACD1
7276,ENSFALG00000007448,Pcyt1a,PCYT1A
7277,ENSFALG00000007449,ZNF488,ZNF488
7278,ENSFALG00000007450,Patz1,PATZ1
7279,ENSFALG00000007451,Rbp3,RBP3
7280,ENSFALG00000007452,ST8SIA6,ST8SIA6
7281,ENSFALG00000007453,Pik3ip1,PIK3IP1
7282,ENSFALG00000007454,SLC51A,SLC51A
7283,ENSFALG00000007455,GDF2,GDF2
7284,ENSFALG00000007456,WDR59,WDR59
7285,ENSFALG00000007457,VIM,VIM
7286,ENSFALG00000007458,GDF10,GDF10
7287,ENSFALG00000007459,TRDMT1,TRDMT1
7288,ENSFALG00000007460,FRMPD2,ENSFALG00000007460
7289,ENSFALG00000007461,CUBN,CUBN
7290,ENSFALG00000007462,C7orf57,C7orf57
7291,ENSFALG00000007463,Limk2,LIMK2
7292,ENSFALG00000007464,TFRC,TFRC
7293,ENSFALG00000007465,UPP1,UPP1
7294,ENSFALG00000007466,FRMPD2,FRMPD2
7295,ENSFALG00000007467,Znrf1,ZNRF1
7296,ENSFALG00000007468,Rsu1,RSU1
7297,ENSFALG00000007469,LDHD,LDHD
7298,ENSFALG00000007471,OTULINL,OTULINL
7299,ENSFALG00000007472,Ctrb1,ENSFALG00000007472
7300,ENSFALG00000007473,OTULIN,OTULIN
7301,ENSFALG00000007474,C1ql3,C1QL3
7302,ENSFALG00000007475,MAPK8,MAPK8
7303,ENSFALG00000007476,TNK2,ENSFALG00000007476
7304,ENSFALG00000007477,PTER,PTER
7305,ENSFALG00000007478,ABCA13,ABCA13
7306,ENSFALG00000007479,RNF185,RNF185
7307,ENSFALG00000007480,ARHGAP22,ARHGAP22
7308,ENSFALG00000007481,MUC4,ENSFALG00000007481
7309,ENSFALG00000007482,BCAR1,BCAR1
7310,ENSFALG00000007483,Ankh,ANKH
7311,ENSFALG00000007484,CFDP1,ENSFALG00000007484
7312,ENSFALG00000007485,MINDY3,MINDY3
7313,ENSFALG00000007486,MUC4,ENSFALG00000007486
7314,ENSFALG00000007487,Tmem170a,ENSFALG00000007487
7315,ENSFALG00000007488,Custos,C12orf43
7316,ENSFALG00000007489,ARHGAP22,ENSFALG00000007489
7317,ENSFALG00000007490,MUC4,ENSFALG00000007490
7318,ENSFALG00000007490,Muc4,ENSFALG00000007490
7319,ENSFALG00000007491,CSNK1G3,CSNK1G3
7320,ENSFALG00000007492,SLC12A3,SLC12A3
7321,ENSFALG00000007494,FBXL7,FBXL7
7322,ENSFALG00000007495,PHR,ENSFALG00000007495
7323,ENSFALG00000007496,NUP93,NUP93
7324,ENSFALG00000007497,MARCH11,MARCH11
7325,ENSFALG00000007498,RUBCN,RUBCN
7326,ENSFALG00000007499,HNF1A,HNF1A
7327,ENSFALG00000007500,Mt,MT3
7328,ENSFALG00000007501,ZNF622,ZNF622
7329,ENSFALG00000007502,Mt1,MT4
7330,ENSFALG00000007503,FYTTD1,FYTTD1
7331,ENSFALG00000007504,WDFY4,WDFY4
7332,ENSFALG00000007505,RETREG1,RETREG1
7333,ENSFALG00000007506,CEP120,CEP120
7334,ENSFALG00000007507,MYO10,MYO10
7335,ENSFALG00000007508,VWC2,VWC2
7336,ENSFALG00000007509,SPPL3,SPPL3
7337,ENSFALG00000007511,ACADS,ACADS
7338,ENSFALG00000007512,IKZF1,IKZF1
7339,ENSFALG00000007513,Pcdhgb1,ENSFALG00000007513
7340,ENSFALG00000007514,Ovos,ENSFALG00000007514
7341,ENSFALG00000007516,CDH18,CDH18
7342,ENSFALG00000007517,Unc119b,UNC119B
7343,ENSFALG00000007518,Bbs2,BBS2
7344,ENSFALG00000007519,Lrch3,LRCH3
7345,ENSFALG00000007520,Hb2d,ENSFALG00000007520
7346,ENSFALG00000007522,PRDM6,PRDM6
7347,ENSFALG00000007523,DDC,DDC
7348,ENSFALG00000007524,Srrt,ENSFALG00000007524
7349,ENSFALG00000007525,LRRC32,ENSFALG00000007525
7350,ENSFALG00000007526,Mlec,MLEC
7351,ENSFALG00000007527,PPIC,PPIC
7352,ENSFALG00000007528,GRB10,GRB10
7353,ENSFALG00000007529,Snx24,SNX24
7354,ENSFALG00000007530,COBL,ENSFALG00000007530
7355,ENSFALG00000007531,CABP1,CABP1
7356,ENSFALG00000007532,Itga8,ITGA8
7357,ENSFALG00000007533,COBL,ENSFALG00000007533
7358,ENSFALG00000007534,RNF10,RNF10
7359,ENSFALG00000007535,GUCY2F,ENSFALG00000007535
7360,ENSFALG00000007536,IQCG,IQCG
7361,ENSFALG00000007537,POP5,POP5
7362,ENSFALG00000007538,VSTM4,VSTM4
7363,ENSFALG00000007539,CDH12,CDH12
7364,ENSFALG00000007540,OGFOD1,OGFOD1
7365,ENSFALG00000007541,GFAP,ENSFALG00000007541
7366,ENSFALG00000007542,RPL35A,ENSFALG00000007542
7367,ENSFALG00000007543,Cyt,CST3
7368,ENSFALG00000007544,SNX2,SNX2
7369,ENSFALG00000007545,DYNLL1,ENSFALG00000007545
7370,ENSFALG00000007546,LETMD1,ENSFALG00000007546
7371,ENSFALG00000007547,PIM1,ENSFALG00000007547
7372,ENSFALG00000007548,CCDC103,CCDC103
7373,ENSFALG00000007549,CUNH2orf72,ENSFALG00000007549
7374,ENSFALG00000007550,DSTN,DSTN
7375,ENSFALG00000007551,EFTUD2,EFTUD2
7376,ENSFALG00000007552,Cefip,ENSFALG00000007552
7377,ENSFALG00000007553,Coq5,COQ5
7378,ENSFALG00000007554,PSMD1,PSMD1
7379,ENSFALG00000007555,DRGX,DRGX
7380,ENSFALG00000007556,ADAM11,ADAM11
7381,ENSFALG00000007557,HTR2B,HTR2B
7382,ENSFALG00000007558,Bmp7,ENSFALG00000007558
7383,ENSFALG00000007559,Dynll1,DYNLL1
7384,ENSFALG00000007560,RRBP1,RRBP1
7385,ENSFALG00000007561,NUDT21,NUDT21
7386,ENSFALG00000007562,Dbf4b,ENSFALG00000007562
7387,ENSFALG00000007563,ERCC6,ERCC6
7388,ENSFALG00000007564,GATC,ENSFALG00000007564
7389,ENSFALG00000007565,ACER3,ACER3
7390,ENSFALG00000007566,TRIAP1,TRIAP1
7391,ENSFALG00000007567,CAPN5,CAPN5
7392,ENSFALG00000007568,Armc9,ARMC9
7393,ENSFALG00000007569,CCDC43,CCDC43
7394,ENSFALG00000007570,CXCL12,CXCL12
7395,ENSFALG00000007571,COX6A1,COX6A1
7396,ENSFALG00000007572,MYO7A,MYO7A
7397,ENSFALG00000007573,SNCAIP,SNCAIP
7398,ENSFALG00000007574,MSI1,MSI1
7399,ENSFALG00000007575,MEIOC,MEIOC
7400,ENSFALG00000007576,TMEM72,TMEM72
7401,ENSFALG00000007577,Lox,LOX
7402,ENSFALG00000007579,NSF,NSF
7403,ENSFALG00000007580,DAB3,ENSFALG00000007580
7404,ENSFALG00000007581,SNX5,SNX5
7405,ENSFALG00000007582,PLA2G1B,PLA2G1B
7406,ENSFALG00000007583,AMFR,AMFR
7407,ENSFALG00000007585,ZNF474,ENSFALG00000007585
7408,ENSFALG00000007585,ZNF475,ENSFALG00000007585
7409,ENSFALG00000007586,WNT3,WNT3
7410,ENSFALG00000007587,GDPD4,GDPD4
7411,ENSFALG00000007588,MGME1,MGME1
7412,ENSFALG00000007589,Nudt7,NUDT7
7413,ENSFALG00000007590,GNAO1,GNAO1
7414,ENSFALG00000007591,SIRT4,SIRT4
7415,ENSFALG00000007592,NCL,ENSFALG00000007592
7416,ENSFALG00000007594,Ovol2,OVOL2
7417,ENSFALG00000007595,SRFBP1,SRFBP1
7418,ENSFALG00000007596,Rsrc1,RSRC1
7419,ENSFALG00000007597,PAK1,PAK1
7420,ENSFALG00000007598,CDH10,CDH10
7421,ENSFALG00000007599,WNT9B,WNT9B
7422,ENSFALG00000007601,CBFB,CBFB
7423,ENSFALG00000007602,PXN,PXN
7424,ENSFALG00000007603,KAT14,KAT14
7425,ENSFALG00000007604,AQP11,AQP11
7426,ENSFALG00000007605,Palld,ENSFALG00000007605
7427,ENSFALG00000007607,DZANK1,DZANK1
7428,ENSFALG00000007608,CLNS1A,CLNS1A
7429,ENSFALG00000007609,MLF1,MLF1
7430,ENSFALG00000007610,GOSR2,ENSFALG00000007610
7431,ENSFALG00000007611,C12H16orf70,C16orf70
7432,ENSFALG00000007612,RSF1,RSF1
7433,ENSFALG00000007613,Gtsf1,ENSFALG00000007613
7434,ENSFALG00000007614,MYOT,MYOT
7435,ENSFALG00000007615,BIRC5,BIRC5
7436,ENSFALG00000007616,NMUR1,NMUR1
7437,ENSFALG00000007617,CDH11,CDH11
7438,ENSFALG00000007618,TRADD,TRADD
7439,ENSFALG00000007619,GFM1,GFM1
7440,ENSFALG00000007620,AAMDC,AAMDC
7441,ENSFALG00000007621,Krfc,ENSFALG00000007621
7442,ENSFALG00000007622,PTMA,ENSFALG00000007622
7443,ENSFALG00000007623,POLR3F,POLR3F
7444,ENSFALG00000007624,INTS4,INTS4
7445,ENSFALG00000007625,CDH5,CDH5
7446,ENSFALG00000007626,FAM13B,FAM13B
7447,ENSFALG00000007627,LXN,LXN
7448,ENSFALG00000007628,PDE6D,PDE6D
7449,ENSFALG00000007629,Rplp0,RPLP0
7450,ENSFALG00000007630,KCTD14,KCTD14
7451,ENSFALG00000007631,COPS7B,COPS7B
7452,ENSFALG00000007632,HSF4,HSF4
7453,ENSFALG00000007633,Bean1,ENSFALG00000007633
7454,ENSFALG00000007633,Bean1,ENSFALG00000007633
7455,ENSFALG00000007634,ANKRD22,ANKRD22
7456,ENSFALG00000007635,TMSB4Y,ENSFALG00000007635
7457,ENSFALG00000007636,Fam171a1,FAM171A1
7458,ENSFALG00000007637,RARRES1,RARRES1
7459,ENSFALG00000007638,ALG8,ALG8
7460,ENSFALG00000007639,SEC23B,SEC23B
7461,ENSFALG00000007640,TK2,TK2
7462,ENSFALG00000007641,CMTM3,CKLF
7463,ENSFALG00000007642,DIS3L2,DIS3L2
7464,ENSFALG00000007643,WNT8A,WNT8A
7465,ENSFALG00000007644,GCN1,GCN1
7466,ENSFALG00000007645,NMT2,NMT2
7467,ENSFALG00000007647,CMTM3,CMTM3
7468,ENSFALG00000007648,USP35,USP35
7469,ENSFALG00000007649,MFSD1,MFSD1
7470,ENSFALG00000007650,DNAAF1,DNAAF1
7471,ENSFALG00000007651,NME5,NME5
7472,ENSFALG00000007652,RAB35,RAB35
7473,ENSFALG00000007653,Cmtm4,CMTM4
7474,ENSFALG00000007654,HNRNPAB,HNRNPAB
7475,ENSFALG00000007655,ACBD7,ACBD7
7476,ENSFALG00000007656,STAMBPL1,STAMBPL1
7477,ENSFALG00000007657,GAB2,GAB2
7478,ENSFALG00000007658,PHYKPL,PHYKPL
7479,ENSFALG00000007659,ACTA2,ACTA2
7480,ENSFALG00000007660,Alppl2,ENSFALG00000007660
7481,ENSFALG00000007661,OLAH,OLAH
7482,ENSFALG00000007662,Bicdl1,BICDL1
7483,ENSFALG00000007663,HSDL1,HSDL1
7484,ENSFALG00000007664,TENM4,TENM4
7485,ENSFALG00000007665,Dtd1,ENSFALG00000007665
7486,ENSFALG00000007666,Iqcj,IQCJ
7487,ENSFALG00000007667,DYNC1LI2,DYNC1LI2
7488,ENSFALG00000007668,CROT,CROT
7489,ENSFALG00000007669,CIT,CIT
7490,ENSFALG00000007670,FAS,FAS
7491,ENSFALG00000007670,FAS,FAS
7492,ENSFALG00000007671,COL23A1,ENSFALG00000007671
7493,ENSFALG00000007672,HIKESHI,HIKESHI
7494,ENSFALG00000007673,MBTPS1,MBTPS1
7495,ENSFALG00000007674,LIPA,ENSFALG00000007674
7496,ENSFALG00000007675,Avt2,SLC38A8
7497,ENSFALG00000007676,CCDC79,TERB1
7498,ENSFALG00000007677,Ifit5,ENSFALG00000007677
7499,ENSFALG00000007678,EED,EED
7500,ENSFALG00000007679,PRKAB1,PRKAB1
7501,ENSFALG00000007681,Slc16a12,SLC16A12
7502,ENSFALG00000007682,CLK4,CLK4
7503,ENSFALG00000007683,Necab2,NECAB2
7504,ENSFALG00000007684,Alpi,ENSFALG00000007684
7505,ENSFALG00000007686,OSGIN1,OSGIN1
7506,ENSFALG00000007687,RASGEF1C,RASGEF1C
7507,ENSFALG00000007688,RIPK2,ENSFALG00000007688
7508,ENSFALG00000007689,PICALM,PICALM
7509,ENSFALG00000007690,MAPK9,MAPK9
7510,ENSFALG00000007691,TMEM233,TMEM233
7511,ENSFALG00000007692,SLC7A6,SLC7A6
7512,ENSFALG00000007693,Pank1,PANK1
7513,ENSFALG00000007694,HSPB8,HSPB8
7514,ENSFALG00000007695,GFPT2,GFPT2
7515,ENSFALG00000007696,SLC7A6OS,SLC7A6OS
7516,ENSFALG00000007697,CCDC83,CCDC83
7517,ENSFALG00000007698,NAE1,NAE1
7518,ENSFALG00000007699,Cnot6,CNOT6
7519,ENSFALG00000007700,SRRM4,SRRM4
7520,ENSFALG00000007701,STEAP1,ENSFALG00000007701
7521,ENSFALG00000007702,KIF20B,KIF20B
7522,ENSFALG00000007703,CFAP69,STEAP2
7523,ENSFALG00000007704,CFAP69,CFAP69
7524,ENSFALG00000007706,ADAMTS2,ADAMTS2
7525,ENSFALG00000007707,SUDS3,SUDS3
7526,ENSFALG00000007708,HTR7,HTR7
7527,ENSFALG00000007709,GTPBP10,GTPBP10
7528,ENSFALG00000007710,PRMT7,PRMT7
7529,ENSFALG00000007711,RPP30,RPP30
7530,ENSFALG00000007712,Pttg1ip,ENSFALG00000007712
7531,ENSFALG00000007713,TAOK3,TAOK3
7532,ENSFALG00000007714,CA7,CA7
7533,ENSFALG00000007715,ECEL1,ECEL1
7534,ENSFALG00000007717,RRAD,RRAD
7535,ENSFALG00000007718,ANKRD1,ANKRD1
7536,ENSFALG00000007719,PEBP1,ENSFALG00000007719
7537,ENSFALG00000007720,CIAO2B,CIAO2B
7538,ENSFALG00000007721,CDK14,CDK14
7539,ENSFALG00000007722,SASB,ENSFALG00000007722
7540,ENSFALG00000007723,Ccdc89,CCDC89
7541,ENSFALG00000007724,RUFY1,RUFY1
7542,ENSFALG00000007725,VSIG10,ENSFALG00000007725
7543,ENSFALG00000007725,VSIG10,ENSFALG00000007725
7544,ENSFALG00000007726,Tmem126a,ENSFALG00000007726
7545,ENSFALG00000007727,SLC12A9,ENSFALG00000007727
7546,ENSFALG00000007729,Rita1,ENSFALG00000007729
7547,ENSFALG00000007730,SMPD3,SMPD3
7548,ENSFALG00000007731,DLG2,DLG2
7549,ENSFALG00000007732,ABCB4,ABCB4
7550,ENSFALG00000007732,ABCB4,ABCB4
7551,ENSFALG00000007733,TLR4,TLR4
7552,ENSFALG00000007734,Pdcd2l,ENSFALG00000007734
7553,ENSFALG00000007735,Prss56,PRSS56
7554,ENSFALG00000007736,PCGF5,PCGF5
7555,ENSFALG00000007737,Ddx54,DDX54
7556,ENSFALG00000007738,UBA2,UBA2
7557,ENSFALG00000007739,CCDC90B,CCDC90B
7558,ENSFALG00000007740,CHRND,CHRND
7559,ENSFALG00000007741,TPCN1,TPCN1
7560,ENSFALG00000007742,Wtip,WTIP
7561,ENSFALG00000007743,CHRNG,CHRNG
7562,ENSFALG00000007744,ANKRD42,ANKRD42
7563,ENSFALG00000007745,PLA2G15,PLA2G15
7564,ENSFALG00000007746,Astn2,ASTN2
7565,ENSFALG00000007747,HNRNPH1,ENSFALG00000007747
7566,ENSFALG00000007747,HNRNPH1,ENSFALG00000007747
7567,ENSFALG00000007748,Hectd2,HECTD2
7568,ENSFALG00000007749,Eif4e2,EIF4E2
7569,ENSFALG00000007750,SLC8B1,SLC8B1
7570,ENSFALG00000007751,Gpi,GPI
7571,ENSFALG00000007752,PLBD2,PLBD2
7572,ENSFALG00000007753,ESRP2,ESRP2
7573,ENSFALG00000007754,Pcf11,PCF11
7574,ENSFALG00000007755,SDSL,SDSL
7575,ENSFALG00000007756,GARRE1,KIAA0355
7576,ENSFALG00000007757,NFATC3,NFATC3
7577,ENSFALG00000007758,LHX5,LHX5
7578,ENSFALG00000007759,DUS2,DUS2
7579,ENSFALG00000007760,DNMT1,DNMT1
7580,ENSFALG00000007762,GALR1,ENSFALG00000007762
7581,ENSFALG00000007764,Ltc4s,ENSFALG00000007764
7582,ENSFALG00000007765,Rab30,RAB30
7583,ENSFALG00000007766,DPEP2,DPEP2
7584,ENSFALG00000007767,Ss18l2,SS18L2
7585,ENSFALG00000007768,RBM19,RBM19
7586,ENSFALG00000007769,CANX,CANX
7587,ENSFALG00000007770,SLC12A4,SLC12A4
7588,ENSFALG00000007771,LSM14A,LSM14A
7589,ENSFALG00000007772,DDIAS,ENSFALG00000007772
7590,ENSFALG00000007772,DDIAS,ENSFALG00000007772
7591,ENSFALG00000007773,Maml1,MAML1
7592,ENSFALG00000007774,DDIAS,ENSFALG00000007774
7593,ENSFALG00000007776,PRCP,PRCP
7594,ENSFALG00000007777,LTC4S,ENSFALG00000007777
7595,ENSFALG00000007778,TBX5,TBX5
7596,ENSFALG00000007779,KCTD15,KCTD15
7597,ENSFALG00000007780,Fam181b,ENSFALG00000007780
7598,ENSFALG00000007780,Fam181b,ENSFALG00000007780
7599,ENSFALG00000007781,CHST8,CHST8
7600,ENSFALG00000007782,TNKS2,TNKS2
7601,ENSFALG00000007783,PEPD,PEPD
7602,ENSFALG00000007784,CTNND2,CTNND2
7603,ENSFALG00000007785,Cebpa,CEBPA
7604,ENSFALG00000007786,MGAT4B,MGAT4B
7605,ENSFALG00000007787,Cyp2j6,ENSFALG00000007787
7606,ENSFALG00000007788,Cyp2j6,ENSFALG00000007788
7607,ENSFALG00000007789,Cyp2j6,ENSFALG00000007789
7608,ENSFALG00000007790,SLC7A10,SLC7A10
7609,ENSFALG00000007791,EIF3G,EIF3G
7610,ENSFALG00000007792,Tbx3,TBX3
7611,ENSFALG00000007793,DAP,ENSFALG00000007793
7612,ENSFALG00000007794,ME3,ME3
7613,ENSFALG00000007795,SLC6A2,SLC6A2
7614,ENSFALG00000007796,ANKRD33B,ANKRD33B
7615,ENSFALG00000007797,Snrnp48,SNRNP48
7616,ENSFALG00000007798,FASLG,FASLG
7617,ENSFALG00000007799,ROPN1L,ROPN1L
7618,ENSFALG00000007800,Tbc1d12,TBC1D12
7619,ENSFALG00000007801,SUCO,SUCO
7620,ENSFALG00000007802,MARCHF6,MARCH6
7621,ENSFALG00000007803,SQSTM1,SQSTM1
7622,ENSFALG00000007804,Cyp2j5,ENSFALG00000007804
7623,ENSFALG00000007805,Rundc3b,RUNDC3B
7624,ENSFALG00000007806,DNM3,DNM3
7625,ENSFALG00000007807,NOC3L,NOC3L
7626,ENSFALG00000007808,SLC25A40,SLC25A40
7627,ENSFALG00000007809,Cmbl,ENSFALG00000007809
7628,ENSFALG00000007810,MED13L,MED13L
7629,ENSFALG00000007811,METTL13,EEF1AKNMT
7630,ENSFALG00000007812,TBC1D9B,TBC1D9B
7631,ENSFALG00000007813,PLCE1,PLCE1
7632,ENSFALG00000007813,PLCE1,PLCE1
7633,ENSFALG00000007814,DBF4,DBF4
7634,ENSFALG00000007816,RNF130,RNF130
7635,ENSFALG00000007817,Lrp3,LRP3
7636,ENSFALG00000007818,ITPA,ITPA
7637,ENSFALG00000007819,Sbk2,SBK2
7638,ENSFALG00000007820,SLC35G1,SLC35G1
7639,ENSFALG00000007821,GPATCH1,GPATCH1
7640,ENSFALG00000007822,LGI1,LGI1
7641,ENSFALG00000007823,CCT5,CCT5
7642,ENSFALG00000007824,Igl1,ENSFALG00000007824
7643,ENSFALG00000007825,VAMP4,VAMP4
7644,ENSFALG00000007826,Myoc,MYOC
7645,ENSFALG00000007827,FRA10AC1,FRA10AC1
7646,ENSFALG00000007828,Igl1,ENSFALG00000007828
7647,ENSFALG00000007828,Igl1,ENSFALG00000007828
7648,ENSFALG00000007828,Igl1,ENSFALG00000007828
7649,ENSFALG00000007829,CA15,ENSFALG00000007829
7650,ENSFALG00000007830,ATPSCKMT,ATPSCKMT
7651,ENSFALG00000007831,DGCR2,DGCR2
7652,ENSFALG00000007832,PRRC2C,PRRC2C
7653,ENSFALG00000007833,ADAM22,ADAM22
7654,ENSFALG00000007834,ESS2,ESS2
7655,ENSFALG00000007835,FLT4,FLT4
7656,ENSFALG00000007835,FLT4,FLT4
7657,ENSFALG00000007836,SEMA5A,SEMA5A
7658,ENSFALG00000007837,PDE6C,PDE6C
7659,ENSFALG00000007838,GSC2,GSC2
7660,ENSFALG00000007839,CAPN10,CAPN10
7661,ENSFALG00000007840,FMO4,FMO4
7662,ENSFALG00000007841,THADA,ENSFALG00000007841
7663,ENSFALG00000007842,SBSPONL,ENSFALG00000007842
7664,ENSFALG00000007843,Fzd4,FZD4
7665,ENSFALG00000007844,CHST13,CHST13
7666,ENSFALG00000007845,Rnpepl1,RNPEPL1
7667,ENSFALG00000007846,TMEM135,TMEM135
7668,ENSFALG00000007847,TXNRD3,TXNRD3
7669,ENSFALG00000007848,CLTCL1,CLTCL1
7670,ENSFALG00000007849,PLXNA1,PLXNA1
7671,ENSFALG00000007850,RAB38,RAB38
7672,ENSFALG00000007851,CHCHD6,CHCHD6
7673,ENSFALG00000007852,FMO4,FMO1
7674,ENSFALG00000007853,CTSC,CTSC
7675,ENSFALG00000007854,Snap29,SNAP29
7676,ENSFALG00000007855,TPRA1,TPRA1
7677,ENSFALG00000007857,MCM2,MCM2
7678,ENSFALG00000007858,Syvn1,ENSFALG00000007858
7679,ENSFALG00000007859,Fn3krp,FN3KRP
7680,ENSFALG00000007860,PODXL2,PODXL2
7681,ENSFALG00000007861,Pi4ka,PI4KA
7682,ENSFALG00000007862,GRM5,GRM5
7683,ENSFALG00000007863,RBP4,RBP4
7684,ENSFALG00000007864,LPCAT2,LPCAT2
7685,ENSFALG00000007865,Ffar4,FFAR4
7686,ENSFALG00000007866,PRRX1,PRRX1
7687,ENSFALG00000007867,KIF15,ENSFALG00000007867
7688,ENSFALG00000007868,Abtb1,ABTB1
7689,ENSFALG00000007869,Cep55,CEP55
7690,ENSFALG00000007870,A33,ENSFALG00000007870
7691,ENSFALG00000007871,SRI,SRI
7692,ENSFALG00000007872,Serpind1,SERPIND1
7693,ENSFALG00000007873,GORAB,GORAB
7694,ENSFALG00000007874,UBE2L3,UBE2L3
7695,ENSFALG00000007875,NTMT2,METTL11B
7696,ENSFALG00000007876,MYOF,MYOF
7697,ENSFALG00000007877,ABCC5,ABCC5
7698,ENSFALG00000007878,TYR,TYR
7699,ENSFALG00000007879,HMGXB3,HMGXB3
7700,ENSFALG00000007880,Ydjc,YDJC
7701,ENSFALG00000007881,KIFAP3,KIFAP3
7702,ENSFALG00000007882,Nox4,NOX4
7703,ENSFALG00000007883,MGLL,MGLL
7704,ENSFALG00000007884,CAPN1,ENSFALG00000007884
7705,ENSFALG00000007885,KBTBD12,KBTBD12
7706,ENSFALG00000007886,STEAP4,STEAP4
7707,ENSFALG00000007887,Folh1,FOLH1
7708,ENSFALG00000007888,KIFAP3,SCYL3
7709,ENSFALG00000007889,SEC61A1,SEC61A1
7710,ENSFALG00000007890,Sdf2l1,SDF2L1
7711,ENSFALG00000007891,ZNF804B,ZNF804B
7712,ENSFALG00000007892,CACNB1,ENSFALG00000007892
7713,ENSFALG00000007893,FIRRM,C1orf112
7714,ENSFALG00000007894,RUVBL1,RUVBL1
7715,ENSFALG00000007895,NAALAD2,NAALAD2
7716,ENSFALG00000007896,CYP26A1,CYP26A1
7717,ENSFALG00000007897,Kct2,C5orf15
7718,ENSFALG00000007898,Fbxo47,FBXO47
7719,ENSFALG00000007899,Phpt1,ENSFALG00000007899
7720,ENSFALG00000007900,MMP2,MMP2
7721,ENSFALG00000007901,EEFSEC,EEFSEC
7722,ENSFALG00000007902,VDAC1,VDAC1
7723,ENSFALG00000007903,CHORDC1,CHORDC1
7724,ENSFALG00000007904,SELE,ENSFALG00000007904
7725,ENSFALG00000007905,CSF1R,CSF1R
7726,ENSFALG00000007906,Cd163,ENSFALG00000007906
7727,ENSFALG00000007907,IRX6,IRX6
7728,ENSFALG00000007907,Irx6,IRX6
7729,ENSFALG00000007908,TOP3B,TOP3B
7730,ENSFALG00000007909,TCF7,TCF7
7731,ENSFALG00000007910,Gata2,GATA2
7732,ENSFALG00000007911,Irx5,ENSFALG00000007911
7733,ENSFALG00000007912,RXRG,RXRG
7734,ENSFALG00000007913,CYP26C1,CYP26C1
7735,ENSFALG00000007914,FTO,FTO
7736,ENSFALG00000007915,EXOC6,EXOC6
7737,ENSFALG00000007916,Slc39a11,ENSFALG00000007916
7738,ENSFALG00000007917,SKP1,SKP1
7739,ENSFALG00000007919,GDF1,ENSFALG00000007919
7740,ENSFALG00000007921,HHEX,HHEX
7741,ENSFALG00000007922,RPN1,RPN1
7742,ENSFALG00000007923,EIF2B5,EIF2B5
7743,ENSFALG00000007924,PPP2CA,PPP2CA
7744,ENSFALG00000007925,Lmx1a,LMX1A
7745,ENSFALG00000007926,PPM1F,PPM1F
7746,ENSFALG00000007927,TDRD3,TDRD3
7747,ENSFALG00000007928,JADE2,JADE2
7748,ENSFALG00000007929,KIF11,KIF11
7749,ENSFALG00000007930,RAB7A,RAB7A
7750,ENSFALG00000007931,SAR1B,SAR1B
7751,ENSFALG00000007932,Dvl3,DVL3
7752,ENSFALG00000007934,PBX1,PBX1
7753,ENSFALG00000007935,MAPK1,MAPK1
7754,ENSFALG00000007936,HMCES,HMCES
7755,ENSFALG00000007938,SEC24A,SEC24A
7756,ENSFALG00000007939,PDGFRB,PDGFRB
7757,ENSFALG00000007940,DIAPH3,DIAPH3
7758,ENSFALG00000007941,NUF2,NUF2
7759,ENSFALG00000007942,CAMLG,CAMLG
7760,ENSFALG00000007944,CDX1,ENSFALG00000007944
7761,ENSFALG00000007945,Rasal3,ENSFALG00000007945
7762,ENSFALG00000007946,YPEL1,ENSFALG00000007946
7763,ENSFALG00000007947,DDX46,DDX46
7764,ENSFALG00000007948,IDE,IDE
7765,ENSFALG00000007949,AP2M1,AP2M1
7766,ENSFALG00000007950,MARCHF5,MARCH5
7767,ENSFALG00000007951,COPG1,COPG1
7768,ENSFALG00000007952,CPEB3,CPEB3
7769,ENSFALG00000007953,LRRC52,LRRC52
7770,ENSFALG00000007954,C13H5orf24,C5orf24
7771,ENSFALG00000007955,PPIL2,PPIL2
7772,ENSFALG00000007956,RPS3,ENSFALG00000007956
7773,ENSFALG00000007957,Txndc15,TXNDC15
7774,ENSFALG00000007958,MGST3,MGST3
7775,ENSFALG00000007959,BTAF1,BTAF1
7776,ENSFALG00000007960,Pcbd2,PCBD2
7777,ENSFALG00000007961,SLC6A7,SLC6A7
7778,ENSFALG00000007962,ALDH9A1,ALDH9A1
7779,ENSFALG00000007963,DUSP11,ENSFALG00000007963
7780,ENSFALG00000007964,ABCF3,ABCF3
7781,ENSFALG00000007965,Pitx1,PITX1
7782,ENSFALG00000007966,Tmco1,TMCO1
7783,ENSFALG00000007967,CCNJ,CCNJ
7784,ENSFALG00000007968,FCHSD2,FCHSD2
7785,ENSFALG00000007969,ZNF518A,ZNF518A
7786,ENSFALG00000007970,P2RY6,P2RY6
7787,ENSFALG00000007971,BLNK,BLNK
7788,ENSFALG00000007972,MACROH2A1,H2AFY
7789,ENSFALG00000007973,UCK2,UCK2
7790,ENSFALG00000007973,Uck2,UCK2
7791,ENSFALG00000007974,HIRA,HIRA
7792,ENSFALG00000007975,Pcdh17,PCDH17
7793,ENSFALG00000007976,ARHGEF17,ARHGEF17
7794,ENSFALG00000007977,OLFM4,OLFM4
7795,ENSFALG00000007978,CXCL14,CXCL14
7796,ENSFALG00000007979,DNTT,DNTT
7797,ENSFALG00000007980,KLHL20,KLHL20
7798,ENSFALG00000007981,Mrpl40,MRPL40
7799,ENSFALG00000007982,PCDH8,PCDH8
7800,ENSFALG00000007983,CENPL,CENPL
7801,ENSFALG00000007984,DARS2,DARS2
7802,ENSFALG00000007985,SLC25A48,SLC25A48
7803,ENSFALG00000007986,RELT,RELT
7804,ENSFALG00000007987,C18H22orf39,ENSFALG00000007987
7805,ENSFALG00000007988,CNMD,CNMD
7806,ENSFALG00000007989,CAMK2A,ENSFALG00000007989
7807,ENSFALG00000007990,Ufd1,UFD1
7808,ENSFALG00000007991,RGS8,RGS8
7809,ENSFALG00000007992,ARSI,ARSI
7810,ENSFALG00000007995,CDC45,CDC45
7811,ENSFALG00000007996,Vent1,ENSFALG00000007996
7812,ENSFALG00000007997,Phf13,ENSFALG00000007997
7813,ENSFALG00000007998,RGS16,ENSFALG00000007998
7814,ENSFALG00000007999,SUGT1,SUGT1
7815,ENSFALG00000008000,FAM168A,FAM168A
7816,ENSFALG00000008001,Il9,ENSFALG00000008001
7817,ENSFALG00000008002,RNASEL,ENSFALG00000008002
7818,ENSFALG00000008003,FBXL21,ENSFALG00000008003
7819,ENSFALG00000008004,Tcof1,ENSFALG00000008004
7820,ENSFALG00000008004,Tcof1,ENSFALG00000008004
7821,ENSFALG00000008005,VWA5B2,VWA5B2
7822,ENSFALG00000008006,KNDC1,KNDC1
7823,ENSFALG00000008007,PLEKHB1,PLEKHB1
7824,ENSFALG00000008008,ELF1,ELF1
7825,ENSFALG00000008009,RGSL1,ENSFALG00000008009
7826,ENSFALG00000008010,SEPTIN5,ENSFALG00000008010
7827,ENSFALG00000008011,RAB6A,RAB6A
7828,ENSFALG00000008012,RGSL1,ENSFALG00000008012
7829,ENSFALG00000008013,GLUL,GLUL
7830,ENSFALG00000008015,MRPL48,MRPL48
7831,ENSFALG00000008017,ZNF92,ENSFALG00000008017
7832,ENSFALG00000008018,CD74,CD74
7833,ENSFALG00000008019,LECT2,ENSFALG00000008019
7834,ENSFALG00000008019,LECT2,ENSFALG00000008019
7835,ENSFALG00000008020,CACNA1E,CACNA1E
7836,ENSFALG00000008021,ALG3,ALG3
7837,ENSFALG00000008022,WBP4,WBP4
7838,ENSFALG00000008023,ADGRA1,ADGRA1
7839,ENSFALG00000008024,EEF1AKMT4,EEF1AKMT4
7840,ENSFALG00000008025,PAAF1,PAAF1
7841,ENSFALG00000008027,ECE2,ENSFALG00000008027
7842,ENSFALG00000008028,SEPTIN5,ENSFALG00000008028
7843,ENSFALG00000008029,RPS14,RPS14
7844,ENSFALG00000008030,STX6,STX6
7845,ENSFALG00000008031,ENTPD1,ENTPD1
7846,ENSFALG00000008032,NDST1,NDST1
7847,ENSFALG00000008033,Ece2,ENSFALG00000008033
7848,ENSFALG00000008035,TGFBI,TGFBI
7849,ENSFALG00000008036,MTRF1,MTRF1
7850,ENSFALG00000008037,PSMD2,PSMD2
7851,ENSFALG00000008038,Pla2g16,ENSFALG00000008038
7852,ENSFALG00000008039,SYNPO,ENSFALG00000008039
7853,ENSFALG00000008040,CPN1,CPN1
7854,ENSFALG00000008041,TBX1,ENSFALG00000008041
7855,ENSFALG00000008043,KIAA1614,ENSFALG00000008043
7856,ENSFALG00000008044,MYOZ3,MYOZ3
7857,ENSFALG00000008045,DNAJB13,DNAJB13
7858,ENSFALG00000008046,la,ENSFALG00000008046
7859,ENSFALG00000008047,KIAA1614,ENSFALG00000008047
7860,ENSFALG00000008048,NAA16,NAA16
7861,ENSFALG00000008049,Iapp,ENSFALG00000008049
7862,ENSFALG00000008050,Rgcc,RGCC
7863,ENSFALG00000008051,Rbm22,RBM22
7864,ENSFALG00000008052,DAB1,ENSFALG00000008052
7865,ENSFALG00000008053,SLCO1A2,SLCO1A2
7866,ENSFALG00000008054,DNMBP,DNMBP
7867,ENSFALG00000008055,Xpr1,XPR1
7868,ENSFALG00000008056,GNB1L,GNB1L
7869,ENSFALG00000008056,GNB1L,GNB1L
7870,ENSFALG00000008060,CRHR1,ENSFALG00000008060
7871,ENSFALG00000008061,Hunk,HUNK
7872,ENSFALG00000008062,Cyc1,CYC1
7873,ENSFALG00000008063,EIF4G1,EIF4G1
7874,ENSFALG00000008064,EMCN,EMCN
7875,ENSFALG00000008065,TXNRD2,TXNRD2
7876,ENSFALG00000008066,Col7a1,ENSFALG00000008066
7877,ENSFALG00000008067,SMAD5,SMAD5
7878,ENSFALG00000008069,COMT,COMT
7879,ENSFALG00000008070,ACBD6,ACBD6
7880,ENSFALG00000008071,Folr3,ENSFALG00000008071
7881,ENSFALG00000008072,PPP3CA,PPP3CA
7882,ENSFALG00000008073,VWA8,VWA8
7883,ENSFALG00000008075,LHX4,LHX4
7884,ENSFALG00000008076,Scaf4,ENSFALG00000008076
7885,ENSFALG00000008077,C4orf33,C4orf33
7886,ENSFALG00000008078,Dctn4,DCTN4
7887,ENSFALG00000008078,DCTN4,DCTN4
7888,ENSFALG00000008079,TRPC7,TRPC7
7889,ENSFALG00000008080,ITGB3,ENSFALG00000008080
7890,ENSFALG00000008081,SCLT1,SCLT1
7891,ENSFALG00000008082,Qsox1,QSOX1
7892,ENSFALG00000008083,JADE1,JADE1
7893,ENSFALG00000008084,Or52b2,ENSFALG00000008084
7894,ENSFALG00000008085,Or52b2,ENSFALG00000008085
7895,ENSFALG00000008086,Pgrmc2,PGRMC2
7896,ENSFALG00000008087,RPS11,RPS11
7897,ENSFALG00000008088,HNRNPL,ENSFALG00000008088
7898,ENSFALG00000008089,Gpx3,GPX3
7899,ENSFALG00000008090,ABCC2,ENSFALG00000008090
7900,ENSFALG00000008091,BANK1,ENSFALG00000008091
7901,ENSFALG00000008092,SOD1,SOD1
7902,ENSFALG00000008093,Arvcf,ARVCF
7903,ENSFALG00000008093,ARVCF,ARVCF
7904,ENSFALG00000008094,Fam160a2,FAM160A2
7905,ENSFALG00000008095,TNIP1,TNIP1
7906,ENSFALG00000008096,Bank1,ENSFALG00000008096
7907,ENSFALG00000008097,TLK2,ENSFALG00000008097
7908,ENSFALG00000008097,TLK2,ENSFALG00000008097
7909,ENSFALG00000008098,LARP1B,LARP1B
7910,ENSFALG00000008099,Haus4,ENSFALG00000008099
7911,ENSFALG00000008100,FAM131A,FAM131A
7912,ENSFALG00000008101,SPOCK1,SPOCK1
7913,ENSFALG00000008102,Prr5,ENSFALG00000008102
7914,ENSFALG00000008103,dgkh,ENSFALG00000008103
7915,ENSFALG00000008104,SLC39A8,SLC39A8
7916,ENSFALG00000008105,KLHL3,KLHL3
7917,ENSFALG00000008106,DGKH,ENSFALG00000008106
7918,ENSFALG00000008107,HSPB7L,ENSFALG00000008107
7919,ENSFALG00000008108,RASSF6,RASSF6
7920,ENSFALG00000008110,SLCO1C1,SLCO1C1
7921,ENSFALG00000008111,AKAP11,AKAP11
7922,ENSFALG00000008112,CXCL8,ENSFALG00000008112
7923,ENSFALG00000008113,CEP350,CEP350
7924,ENSFALG00000008115,ANXA6,ANXA6
7925,ENSFALG00000008116,TLK2,TLK2
7926,ENSFALG00000008117,TNFSF11,TNFSF11
7927,ENSFALG00000008118,CLCN2,CLCN2
7928,ENSFALG00000008119,ABHD18,ABHD18
7929,ENSFALG00000008120,Cxcl2,ENSFALG00000008120
7930,ENSFALG00000008121,Cnga4,CNGA4
7931,ENSFALG00000008122,MRC2,MRC2
7932,ENSFALG00000008123,EPSTI1,EPSTI1
7933,ENSFALG00000008124,CCKBR,CCKBR
7934,ENSFALG00000008125,MFSD8,MFSD8
7935,ENSFALG00000008126,MTHFD2L,MTHFD2L
7936,ENSFALG00000008127,SPATA16,ENSFALG00000008127
7937,ENSFALG00000008128,Dnajc15,DNAJC15
7938,ENSFALG00000008129,Smpd1,ENSFALG00000008129
7939,ENSFALG00000008130,TANGO2,TANGO2
7940,ENSFALG00000008131,PLK4,PLK4
7941,ENSFALG00000008132,HSPA4L,HSPA4L
7942,ENSFALG00000008133,NHLRC3,NHLRC3
7943,ENSFALG00000008134,ENOX1,ENOX1
7944,ENSFALG00000008135,TOR1AIP2,TOR1AIP2
7945,ENSFALG00000008136,NFKB1,NFKB1
7946,ENSFALG00000008136,NFKB1,NFKB1
7947,ENSFALG00000008137,APBB1,APBB1
7948,ENSFALG00000008138,PROSER1,PROSER1
7949,ENSFALG00000008139,CCDC122,CCDC122
7950,ENSFALG00000008140,ADAMTSL2,ENSFALG00000008140
7951,ENSFALG00000008141,Epgn,EPGN
7952,ENSFALG00000008142,Intu,INTU
7953,ENSFALG00000008143,LACC1,ENSFALG00000008143
7954,ENSFALG00000008144,FAM163A,FAM163A
7955,ENSFALG00000008145,TSC22D1,ENSFALG00000008145
7956,ENSFALG00000008146,STOML3,STOML3
7957,ENSFALG00000008147,EREG,EREG
7958,ENSFALG00000008148,TDRD5,TDRD5
7959,ENSFALG00000008149,DGCR8,DGCR8
7960,ENSFALG00000008150,TSC22D1,ENSFALG00000008150
7961,ENSFALG00000008151,AREG,AREG
7962,ENSFALG00000008152,NPHS2,NPHS2
7963,ENSFALG00000008153,NUFIP1,NUFIP1
7964,ENSFALG00000008154,CHRD,CHRD
7965,ENSFALG00000008155,Axdnd1,ENSFALG00000008155
7966,ENSFALG00000008156,Slc7a2,ENSFALG00000008156
7967,ENSFALG00000008157,TRIM3,TRIM3
7968,ENSFALG00000008158,C4,ENSFALG00000008158
7969,ENSFALG00000008159,GPALPP1,GPALPP1
7970,ENSFALG00000008160,FAT4,FAT4
7971,ENSFALG00000008161,SOAT1,SOAT1
7972,ENSFALG00000008162,TRMT2A,TRMT2A
7973,ENSFALG00000008163,FREM2,FREM2
7974,ENSFALG00000008164,UFM1,UFM1
7975,ENSFALG00000008165,DGCR8,RANBP1
7976,ENSFALG00000008166,GTF2F2,ENSFALG00000008166
7977,ENSFALG00000008167,MANBA,MANBA
7978,ENSFALG00000008168,ARFIP2,ARFIP2
7979,ENSFALG00000008169,CCDC69,CCDC69
7980,ENSFALG00000008170,Uso1,USO1
7981,ENSFALG00000008170,USO1,USO1
7982,ENSFALG00000008171,RRP8,ENSFALG00000008171
7983,ENSFALG00000008172,ANKRD50,ANKRD50
7984,ENSFALG00000008173,Ube2d3,UBE2D3
7985,ENSFALG00000008174,THPO,ENSFALG00000008174
7986,ENSFALG00000008175,SPRY1,SPRY1
7987,ENSFALG00000008176,TRPC4,TRPC4
7988,ENSFALG00000008177,POLR2H,POLR2H
7989,ENSFALG00000008178,Gm2a,GM2A
7990,ENSFALG00000008179,Cisd2,CISD2
7991,ENSFALG00000008180,Tpt1,TPT1
7992,ENSFALG00000008181,AFG2A,SPATA5
7993,ENSFALG00000008182,EPHB3,EPHB3
7994,ENSFALG00000008183,ILK,ILK
7995,ENSFALG00000008184,ABL2,ABL2
7996,ENSFALG00000008185,CUTC,CUTC
7997,ENSFALG00000008186,SLC36A1,SLC36A1
7998,ENSFALG00000008187,ZDHHC8,ZDHHC8
7999,ENSFALG00000008188,SLC25A30,SLC25A30
8000,ENSFALG00000008189,SLC9B2,ENSFALG00000008189
8001,ENSFALG00000008190,Tor3a,TOR3A
8002,ENSFALG00000008191,SENP5,SENP5
8003,ENSFALG00000008192,COG3,COG3
8004,ENSFALG00000008193,FAM20B,FAM20B
8005,ENSFALG00000008194,NUDT6,NUDT6
8006,ENSFALG00000008195,SIAH3,SIAH3
8007,ENSFALG00000008196,ZC3H13,ZC3H13
8008,ENSFALG00000008197,Cox15,ENSFALG00000008197
8009,ENSFALG00000008198,G3BP2,G3BP2
8010,ENSFALG00000008199,Fgf2,FGF2
8011,ENSFALG00000008200,BDH2,BDH2
8012,ENSFALG00000008201,AHSG,AHSG
8013,ENSFALG00000008202,FAT2,FAT2
8014,ENSFALG00000008203,Taf10,TAF10
8015,ENSFALG00000008204,CPB2,CPB2
8016,ENSFALG00000008205,PGAM5,PGAM5
8017,ENSFALG00000008206,Bbs12,BBS12
8018,ENSFALG00000008207,Cenpe,ENSFALG00000008207
8019,ENSFALG00000008208,LCP1,LCP1
8020,ENSFALG00000008209,Atp6v0e2,ENSFALG00000008209
8021,ENSFALG00000008210,CETN1,ENSFALG00000008210
8022,ENSFALG00000008211,RALGPS2,RALGPS2
8023,ENSFALG00000008212,IL21,ENSFALG00000008212
8024,ENSFALG00000008213,FETUB,FETUB
8025,ENSFALG00000008214,DCHS1,TPP1
8026,ENSFALG00000008215,Cenpe,ENSFALG00000008215
8027,ENSFALG00000008216,Il15,ENSFALG00000008216
8028,ENSFALG00000008217,ANKLE2,ANKLE2
8029,ENSFALG00000008218,RUBCNL,RUBCNL
8030,ENSFALG00000008219,ADAD1,ADAD1
8031,ENSFALG00000008220,HRG,ENSFALG00000008220
8032,ENSFALG00000008221,Entpd7,ENTPD7
8033,ENSFALG00000008222,POSTN,POSTN
8034,ENSFALG00000008222,POSTN,POSTN
8035,ENSFALG00000008223,GOLGA3,GOLGA3
8036,ENSFALG00000008224,Rsph4a,RSPH6A
8037,ENSFALG00000008225,UQCRC1,UQCRC1
8038,ENSFALG00000008226,KNG1,ENSFALG00000008226
8039,ENSFALG00000008227,DCHS1,ENSFALG00000008227
8040,ENSFALG00000008229,SLC26A6,SLC26A6
8041,ENSFALG00000008230,EIF4A2,EIF4A2
8042,ENSFALG00000008231,Lcmt2,LCMT2
8043,ENSFALG00000008232,TACR3,TACR3
8044,ENSFALG00000008233,ALB,ENSFALG00000008233
8045,ENSFALG00000008233,ALB,ENSFALG00000008233
8046,ENSFALG00000008234,LRCH1,LRCH1
8047,ENSFALG00000008235,CHFR,CHFR
8048,ENSFALG00000008236,RFC4,RFC4
8049,ENSFALG00000008237,ANGPTL1,ANGPTL1
8050,ENSFALG00000008238,Sparc,SPARC
8051,ENSFALG00000008238,Sparc,SPARC
8052,ENSFALG00000008239,MCF2L2,MCF2L2
8053,ENSFALG00000008240,Slc25a28,SLC25A28
8054,ENSFALG00000008241,TET2,TET2
8055,ENSFALG00000008242,BLTP1,KIAA1109
8056,ENSFALG00000008243,LAMP3,ENSFALG00000008243
8057,ENSFALG00000008244,FBRSL1,FBRSL1
8058,ENSFALG00000008245,NKX2-3,NKX2-3
8059,ENSFALG00000008246,PPA2,PPA2
8060,ENSFALG00000008247,Rasal2,RASAL2
8061,ENSFALG00000008248,Atox1,ENSFALG00000008248
8062,ENSFALG00000008249,ESD,ESD
8063,ENSFALG00000008250,Celsr3,CELSR3
8064,ENSFALG00000008251,HTR2A,HTR2A
8065,ENSFALG00000008252,Mccc1,MCCC1
8066,ENSFALG00000008253,G3BP1,G3BP1
8067,ENSFALG00000008254,SUCLA2,SUCLA2
8068,ENSFALG00000008255,Galnt9,GALNT9
8069,ENSFALG00000008256,ARHGEF38,ARHGEF38
8070,ENSFALG00000008257,Got1,GOT1
8071,ENSFALG00000008258,NUDT15,NUDT15
8072,ENSFALG00000008259,NOC4L,NOC4L
8073,ENSFALG00000008260,SUPT20H,SUPT20H
8074,ENSFALG00000008261,MED4,MED4
8075,ENSFALG00000008262,EXOSC8,EXOSC8
8076,ENSFALG00000008263,Ints12,INTS12
8077,ENSFALG00000008264,EP400,EP400
8078,ENSFALG00000008265,GLRA1,GLRA1
8079,ENSFALG00000008266,Rfxank,ENSFALG00000008266
8080,ENSFALG00000008267,ALG5,ALG5
8081,ENSFALG00000008268,NMUR2,NMUR2
8082,ENSFALG00000008269,Nr2c2ap,NR2C2AP
8083,ENSFALG00000008270,SEC16B,SEC16B
8084,ENSFALG00000008270,SEC16B,SEC16B
8085,ENSFALG00000008271,GSTCD,GSTCD
8086,ENSFALG00000008272,ITM2B,ITM2B
8087,ENSFALG00000008273,PUS1,PUS1
8088,ENSFALG00000008274,GRIA1,GRIA1
8089,ENSFALG00000008275,Dcun1d1,DCUN1D1
8090,ENSFALG00000008276,ULK1,ULK1
8091,ENSFALG00000008277,CNNM1,CNNM1
8092,ENSFALG00000008279,NCAN,NCAN
8093,ENSFALG00000008280,Smad9,ENSFALG00000008280
8094,ENSFALG00000008280,SMAD9,ENSFALG00000008280
8095,ENSFALG00000008281,HPSE2,HPSE2
8096,ENSFALG00000008282,BRINP2,BRINP2
8097,ENSFALG00000008283,SUSD2,SUSD2
8098,ENSFALG00000008284,ATP11B,ATP11B
8099,ENSFALG00000008285,GRB14,GRB14
8100,ENSFALG00000008286,Trpc3,TRPC3
8101,ENSFALG00000008287,ANKRD17,ANKRD17
8102,ENSFALG00000008288,FAM114A2,FAM114A2
8103,ENSFALG00000008289,NCKIPSD,NCKIPSD
8104,ENSFALG00000008290,KREMEN1,KREMEN1
8105,ENSFALG00000008291,BBS7,BBS7
8106,ENSFALG00000008292,Hapln4,HAPLN4
8107,ENSFALG00000008293,HPS1,HPS1
8108,ENSFALG00000008294,Cobll1,COBLL1
8109,ENSFALG00000008295,Astn1,ASTN1
8110,ENSFALG00000008296,Dnajc19,DNAJC19
8111,ENSFALG00000008296,Dnajc19,DNAJC19
8112,ENSFALG00000008297,TM6SF2,ENSFALG00000008297
8113,ENSFALG00000008298,Rfxap,RFXAP
8114,ENSFALG00000008299,IP6K2,IP6K2
8115,ENSFALG00000008300,ZNRF3,ZNRF3
8116,ENSFALG00000008301,FXR1,FXR1
8117,ENSFALG00000008302,EXOSC9,EXOSC9
8118,ENSFALG00000008303,MFAP3,MFAP3
8119,ENSFALG00000008304,CCNA1,CCNA1
8120,ENSFALG00000008305,Avt2,SLC38A11
8121,ENSFALG00000008306,RB1,RB1
8122,ENSFALG00000008306,RB1,RB1
8123,ENSFALG00000008308,HEP21,ENSFALG00000008308
8124,ENSFALG00000008309,C22H2orf42,C2orf42
8125,ENSFALG00000008310,ABHD6,ABHD6
8126,ENSFALG00000008311,CCDC39,CCDC39
8127,ENSFALG00000008312,XBP1,XBP1
8128,ENSFALG00000008313,GALNT10,GALNT10
8129,ENSFALG00000008314,TRIM7,TRIM7
8130,ENSFALG00000008315,Prdm14,PRDM14
8131,ENSFALG00000008315,Prdm14,PRDM14
8132,ENSFALG00000008316,DNASE1L3,DNASE1L3
8133,ENSFALG00000008317,ABCB8,ABCB8
8134,ENSFALG00000008317,ABCB8,ABCB8
8135,ENSFALG00000008318,CCDC117,CCDC117
8136,ENSFALG00000008319,TTC14,TTC14
8137,ENSFALG00000008320,SPART,SPART
8138,ENSFALG00000008321,SAP30L,SAP30L
8139,ENSFALG00000008322,Tia1,TIA1
8140,ENSFALG00000008323,PYROXD2,PYROXD2
8141,ENSFALG00000008324,Oxla,ENSFALG00000008324
8142,ENSFALG00000008325,COX18,COX18
8143,ENSFALG00000008327,FLNB,FLNB
8144,ENSFALG00000008328,Ccdc169,ENSFALG00000008328
8145,ENSFALG00000008329,ANXA5,ANXA5
8146,ENSFALG00000008330,DCLK1,DCLK1
8147,ENSFALG00000008331,HAND1,HAND1
8148,ENSFALG00000008332,ASIC3,ENSFALG00000008332
8149,ENSFALG00000008333,PEX5L,PEX5L
8150,ENSFALG00000008334,NCOA2,NCOA2
8151,ENSFALG00000008335,LARP1,LARP1
8152,ENSFALG00000008336,HSCB,HSCB
8153,ENSFALG00000008337,SLMAP,SLMAP
8154,ENSFALG00000008338,SCN3A,SCN3A
8155,ENSFALG00000008339,PAPPA2,PAPPA2
8156,ENSFALG00000008340,FAXDC2,FAXDC2
8157,ENSFALG00000008341,ADAMTS3,ADAMTS3
8158,ENSFALG00000008342,NBEA,NBEA
8159,ENSFALG00000008343,Cnot8,CNOT8
8160,ENSFALG00000008344,Znf557,ENSFALG00000008344
8161,ENSFALG00000008345,LPAR6,LPAR6
8162,ENSFALG00000008346,Loxl4,LOXL4
8163,ENSFALG00000008347,RCBTB2,RCBTB2
8164,ENSFALG00000008348,USP13,USP13
8165,ENSFALG00000008349,DENND6A,DENND6A
8166,ENSFALG00000008351,QRFPR,QRFPR
8167,ENSFALG00000008352,PCYOX1,PCYOX1
8168,ENSFALG00000008353,FNDC3A,FNDC3A
8169,ENSFALG00000008354,CHEK2,CHEK2
8170,ENSFALG00000008355,R3HCC1L,ENSFALG00000008355
8171,ENSFALG00000008356,NDUFB5,NDUFB5
8172,ENSFALG00000008357,ZNF692,ENSFALG00000008357
8173,ENSFALG00000008358,CRTAC1,CRTAC1
8174,ENSFALG00000008359,COP1,COP1
8175,ENSFALG00000008360,GEMIN5,GEMIN5
8176,ENSFALG00000008361,GOLGA7B,GOLGA7B
8177,ENSFALG00000008362,SLC4A4,SLC4A4
8178,ENSFALG00000008363,TNIP3,TNIP3
8179,ENSFALG00000008364,SFRP5,SFRP5
8180,ENSFALG00000008365,MRPL47,MRPL47
8181,ENSFALG00000008366,Mlnr,MLNR
8182,ENSFALG00000008367,MRPL22,MRPL22
8183,ENSFALG00000008368,CDADC1,CDADC1
8184,ENSFALG00000008369,ACTL6A,ACTL6A
8185,ENSFALG00000008370,CAB39L,CAB39L
8186,ENSFALG00000008372,NDNF,NDNF
8187,ENSFALG00000008373,DCK,DCK
8188,ENSFALG00000008374,Zfyve27,ZFYVE27
8189,ENSFALG00000008375,TNR,TNR
8190,ENSFALG00000008376,GNB4,GNB4
8191,ENSFALG00000008377,RFC3,RFC3
8192,ENSFALG00000008378,SGCD,SGCD
8193,ENSFALG00000008379,SETDB2,SETDB2
8194,ENSFALG00000008380,SCN2A,ENSFALG00000008380
8195,ENSFALG00000008381,PRDM5,PRDM5
8196,ENSFALG00000008382,Tram1l1,ENSFALG00000008382
8197,ENSFALG00000008383,TTC28,TTC28
8198,ENSFALG00000008384,SNRPG,SNRPG
8199,ENSFALG00000008385,ARF4,ARF4
8200,ENSFALG00000008386,MFN1,MFN1
8201,ENSFALG00000008387,MOB1B,ENSFALG00000008387
8202,ENSFALG00000008388,PHF11,PHF11
8203,ENSFALG00000008389,CSRNP3,CSRNP3
8204,ENSFALG00000008390,Timd4,ENSFALG00000008390
8205,ENSFALG00000008391,ZNF639,ZNF639
8206,ENSFALG00000008392,GALNT3,GALNT3
8207,ENSFALG00000008393,HAVCR1,ENSFALG00000008393
8208,ENSFALG00000008394,GRSF1,GRSF1
8209,ENSFALG00000008395,PIK3CA,PIK3CA
8210,ENSFALG00000008396,STARD13,ENSFALG00000008396
8211,ENSFALG00000008397,RCBTB1,RCBTB1
8212,ENSFALG00000008398,TTC21B,TTC21B
8213,ENSFALG00000008399,PI4K2A,ENSFALG00000008399
8214,ENSFALG00000008400,ITK,ITK
8215,ENSFALG00000008401,PDE12,PDE12
8216,ENSFALG00000008402,PITPNB,PITPNB
8217,ENSFALG00000008403,ZMAT3,ZMAT3
8218,ENSFALG00000008404,LACTB2,LACTB2
8219,ENSFALG00000008405,KPNA3,KPNA3
8220,ENSFALG00000008406,RUFY3,RUFY3
8221,ENSFALG00000008407,MRPS14,MRPS14
8222,ENSFALG00000008408,Kl,KL
8223,ENSFALG00000008409,Scn1a,ENSFALG00000008409
8224,ENSFALG00000008410,CYFIP2,CYFIP2
8225,ENSFALG00000008411,KCNMB2,ENSFALG00000008411
8226,ENSFALG00000008412,XKR9,XKR9
8227,ENSFALG00000008413,JCHAIN,JCHAIN
8228,ENSFALG00000008414,SDAD1,SDAD1
8229,ENSFALG00000008415,Spryd7,SPRYD7
8230,ENSFALG00000008415,SPRYD7,SPRYD7
8231,ENSFALG00000008416,TBL1XR1,TBL1XR1
8232,ENSFALG00000008417,NIPAL4,NIPAL4
8233,ENSFALG00000008418,CACYBP,CACYBP
8234,ENSFALG00000008419,PDS5B,PDS5B
8235,ENSFALG00000008420,NAAA,NAAA
8236,ENSFALG00000008421,Fer,FER
8237,ENSFALG00000008422,Morn4,MORN4
8238,ENSFALG00000008423,KCNRG,KCNRG
8239,ENSFALG00000008424,Mn1,MN1
8240,ENSFALG00000008425,NAALADL2,NAALADL2
8241,ENSFALG00000008425,NAALADL2,NAALADL2
8242,ENSFALG00000008427,ANKRD2,ANKRD2
8243,ENSFALG00000008428,FBXL17,FBXL17
8244,ENSFALG00000008429,N4BP2L2,ENSFALG00000008429
8245,ENSFALG00000008430,EYA1,EYA1
8246,ENSFALG00000008431,RABGAP1L,RABGAP1L
8247,ENSFALG00000008432,DNAH12,ENSFALG00000008432
8248,ENSFALG00000008433,PPEF2,PPEF2
8249,ENSFALG00000008434,NLGN1,NLGN1
8250,ENSFALG00000008435,RNASEH2B,RNASEH2B
8251,ENSFALG00000008436,CRYBB1,CRYBB1
8252,ENSFALG00000008437,Efna5,EFNA5
8253,ENSFALG00000008438,UBTD1,UBTD1
8254,ENSFALG00000008439,N4BP2L2,ENSFALG00000008439
8255,ENSFALG00000008440,CCDC180,ENSFALG00000008440
8256,ENSFALG00000008441,N4bp2l1,N4BP2L1
8257,ENSFALG00000008441,N4bp2l1,N4BP2L1
8258,ENSFALG00000008442,MMS19,MMS19
8259,ENSFALG00000008443,ECT2,ECT2
8260,ENSFALG00000008444,CCDC180,ENSFALG00000008444
8261,ENSFALG00000008445,ADAM19,ADAM19
8262,ENSFALG00000008445,ADAM19,ADAM19
8263,ENSFALG00000008446,ZDHHC16,ZDHHC16
8264,ENSFALG00000008447,CCDC180,ENSFALG00000008447
8265,ENSFALG00000008447,CCDC180,ENSFALG00000008447
8266,ENSFALG00000008448,Nceh1,NCEH1
8267,ENSFALG00000008449,FAM124A,FAM124A
8268,ENSFALG00000008450,EXOSC1,EXOSC1
8269,ENSFALG00000008451,BRCA2,BRCA2
8270,ENSFALG00000008452,NUP54,NUP54
8271,ENSFALG00000008454,Pgam1,ENSFALG00000008454
8272,ENSFALG00000008455,Msc,MSC
8273,ENSFALG00000008456,SERPINE3,SERPINE3
8274,ENSFALG00000008457,TNFSF10,TNFSF10
8275,ENSFALG00000008458,RRP12,RRP12
8276,ENSFALG00000008459,Cryba4,CRYBA4
8277,ENSFALG00000008460,Scarb2,SCARB2
8278,ENSFALG00000008461,GHSR,GHSR
8279,ENSFALG00000008462,ARHGAP19,ENSFALG00000008462
8280,ENSFALG00000008463,INTS6,INTS6
8281,ENSFALG00000008464,Ano8,ENSFALG00000008464
8282,ENSFALG00000008465,Srrd,SRRD
8283,ENSFALG00000008466,ZAR1L,ZAR1L
8284,ENSFALG00000008467,FNDC3B,FNDC3B
8285,ENSFALG00000008468,TPST2,TPST2
8286,ENSFALG00000008469,FRY,FRY
8287,ENSFALG00000008470,Sox30,SOX30
8288,ENSFALG00000008470,SOX30,SOX30
8289,ENSFALG00000008472,SLIT1,SLIT1
8290,ENSFALG00000008473,WDFY2,WDFY2
8291,ENSFALG00000008474,Bax,ENSFALG00000008474
8292,ENSFALG00000008475,Thg1l,THG1L
8293,ENSFALG00000008477,PLD1,PLD1
8294,ENSFALG00000008478,Lsm11,LSM11
8295,ENSFALG00000008479,Trpa1,TRPA1
8296,ENSFALG00000008480,LCOR,LCOR
8297,ENSFALG00000008481,Tfip11,ENSFALG00000008481
8298,ENSFALG00000008482,ASB14,ASB14
8299,ENSFALG00000008483,Appl1,APPL1
8300,ENSFALG00000008484,LCOR,ENSFALG00000008484
8301,ENSFALG00000008485,B3GLCT,B3GLCT
8302,ENSFALG00000008486,SHROOM3,SHROOM3
8303,ENSFALG00000008487,HESX1,HESX1
8304,ENSFALG00000008488,CLINT1,CLINT1
8305,ENSFALG00000008488,CLINT1,CLINT1
8306,ENSFALG00000008489,PPRC1,PPRC1
8307,ENSFALG00000008490,Dhrs12,ENSFALG00000008490
8308,ENSFALG00000008491,IL17RD,IL17RD
8309,ENSFALG00000008492,HSPH1,HSPH1
8310,ENSFALG00000008493,Leg6,ENSFALG00000008493
8311,ENSFALG00000008494,ALOX5AP,ALOX5AP
8312,ENSFALG00000008495,TNIK,TNIK
8313,ENSFALG00000008496,Sowahb,ENSFALG00000008496
8314,ENSFALG00000008496,Sowahb,ENSFALG00000008496
8315,ENSFALG00000008497,HPS4,HPS4
8316,ENSFALG00000008498,LDB1,LDB1
8317,ENSFALG00000008499,USPL1,USPL1
8318,ENSFALG00000008500,SEPTIN11,SEPTIN11
8319,ENSFALG00000008502,EBF1,EBF1
8320,ENSFALG00000008503,CCNI,CCNI
8321,ENSFALG00000008504,CCNG2,CCNG2
8322,ENSFALG00000008505,RNF145,RNF145
8323,ENSFALG00000008506,Cxcl5,ENSFALG00000008506
8324,ENSFALG00000008507,Hmgb1,HMGB1
8325,ENSFALG00000008508,UBLCP1,UBLCP1
8326,ENSFALG00000008510,ARHGEF3,ARHGEF3
8327,ENSFALG00000008510,ARHGEF3,ARHGEF3
8328,ENSFALG00000008511,IOVO,ENSFALG00000008511
8329,ENSFALG00000008512,KATNAL1,KATNAL1
8330,ENSFALG00000008513,ATP7B,ATP7B
8331,ENSFALG00000008515,Cnot6l,CNOT6L
8332,ENSFALG00000008516,UBL3,UBL3
8333,ENSFALG00000008517,ASPHD2,ASPHD2
8334,ENSFALG00000008518,SEZ6L,SEZ6L
8335,ENSFALG00000008519,Iovo,ENSFALG00000008519
8336,ENSFALG00000008520,KCNB2,KCNB2
8337,ENSFALG00000008521,SLC7A1,SLC7A1
8338,ENSFALG00000008522,Oih,ENSFALG00000008522
8339,ENSFALG00000008523,TASOR,TASOR
8340,ENSFALG00000008524,ATAD2,ENSFALG00000008524
8341,ENSFALG00000008525,Spink1,ENSFALG00000008525
8342,ENSFALG00000008526,CCDC66,CCDC66
8343,ENSFALG00000008527,MRPL1,MRPL1
8344,ENSFALG00000008529,HRH2,HRH2
8345,ENSFALG00000008530,ERC2,ERC2
8346,ENSFALG00000008531,CPLX2,ENSFALG00000008531
8347,ENSFALG00000008532,WNT5A,WNT5A
8348,ENSFALG00000008533,TERF1,TERF1
8349,ENSFALG00000008534,Fras1,ENSFALG00000008534
8350,ENSFALG00000008535,MTUS2,MTUS2
8351,ENSFALG00000008536,THOC3,THOC3
8352,ENSFALG00000008537,Fras1,ENSFALG00000008537
8353,ENSFALG00000008538,SLC46A3,SLC46A3
8354,ENSFALG00000008539,ALG11,ALG11
8355,ENSFALG00000008540,MYO18B,MYO18B
8356,ENSFALG00000008541,POMP,POMP
8357,ENSFALG00000008542,FLT1,FLT1
8358,ENSFALG00000008543,Nek5,NEK5
8359,ENSFALG00000008543,Nek5,NEK5
8360,ENSFALG00000008544,SIMC1,SIMC1
8361,ENSFALG00000008545,SBSPON,SBSPON
8362,ENSFALG00000008546,RPL7,RPL7
8363,ENSFALG00000008547,CACNA2D3,CACNA2D3
8364,ENSFALG00000008548,SLC2A2,SLC2A2
8365,ENSFALG00000008549,RDH10,RDH10
8366,ENSFALG00000008550,KIAA1191,KIAA1191
8367,ENSFALG00000008551,NEK3,NEK3
8368,ENSFALG00000008552,STAU2,STAU2
8369,ENSFALG00000008553,Nop16,ENSFALG00000008553
8370,ENSFALG00000008554,Pan3,PAN3
8371,ENSFALG00000008555,UBE2W,ENSFALG00000008555
8372,ENSFALG00000008556,CKAP2,CKAP2
8373,ENSFALG00000008557,Eloc,ELOC
8374,ENSFALG00000008558,Tmem70,TMEM70
8375,ENSFALG00000008559,HRH2,ENSFALG00000008559
8376,ENSFALG00000008560,VPS36,VPS36
8377,ENSFALG00000008561,LY96,LY96
8378,ENSFALG00000008562,THSD1,THSD1
8379,ENSFALG00000008563,JPH1,JPH1
8380,ENSFALG00000008564,CLTB,CLTB
8381,ENSFALG00000008564,CLTB,CLTB
8382,ENSFALG00000008566,GDAP1,GDAP1
8383,ENSFALG00000008567,PI15,PI15
8384,ENSFALG00000008568,Lrtm1,LRTM1
8385,ENSFALG00000008569,ARMH3,ARMH3
8386,ENSFALG00000008570,FLT3,FLT3
8387,ENSFALG00000008571,EIF5A2,EIF5A2
8388,ENSFALG00000008572,Tpte2,ENSFALG00000008572
8389,ENSFALG00000008573,FAF2,FAF2
8390,ENSFALG00000008574,CRISPLD1,CRISPLD1
8391,ENSFALG00000008575,KCNIP2,KCNIP2
8392,ENSFALG00000008576,SELENOK,SELENOK
8393,ENSFALG00000008576,SELENOK,SELENOK
8394,ENSFALG00000008577,RNF44,RNF44
8395,ENSFALG00000008578,HNF4G,HNF4G
8396,ENSFALG00000008579,ACTR8,ACTR8
8397,ENSFALG00000008580,OGA,OGA
8398,ENSFALG00000008581,CDHR2,CDHR2
8399,ENSFALG00000008582,SLC25A15,SLC25A15
8400,ENSFALG00000008583,SLC7A14,SLC7A14
8401,ENSFALG00000008584,ZFHX4,ZFHX4
8402,ENSFALG00000008585,CHDH,CHDH
8403,ENSFALG00000008586,NPM3,NPM3
8404,ENSFALG00000008587,Cldn11,ENSFALG00000008587
8405,ENSFALG00000008588,PDX1,ENSFALG00000008588
8406,ENSFALG00000008589,Pkia,PKIA
8407,ENSFALG00000008591,Gprin1,ENSFALG00000008591
8408,ENSFALG00000008592,SKIL,SKIL
8409,ENSFALG00000008593,GSX1,GSX1
8410,ENSFALG00000008594,ZC2HC1A,ZC2HC1A
8411,ENSFALG00000008595,Sncb,SNCB
8412,ENSFALG00000008596,Mrps31,MRPS31
8413,ENSFALG00000008597,Polr1d,ENSFALG00000008597
8414,ENSFALG00000008598,IL7,IL7
8415,ENSFALG00000008599,FGF8,FGF8
8416,ENSFALG00000008600,Foxo1,FOXO1
8417,ENSFALG00000008601,PRKCI,PRKCI
8418,ENSFALG00000008602,STMN2,ENSFALG00000008602
8419,ENSFALG00000008603,Grk3,GRK3
8420,ENSFALG00000008604,LNX2,LNX2
8421,ENSFALG00000008605,HEY1,HEY1
8422,ENSFALG00000008606,COG6,COG6
8423,ENSFALG00000008607,EIF4E1B,EIF4E1B
8424,ENSFALG00000008608,TPD52,MRPS28
8425,ENSFALG00000008608,TPD52,MRPS28
8426,ENSFALG00000008609,LHFPL6,LHFPL6
8427,ENSFALG00000008610,PHC3,PHC3
8428,ENSFALG00000008611,TPD52,ENSFALG00000008611
8429,ENSFALG00000008612,MTIF3,MTIF3
8430,ENSFALG00000008613,FBXW4,FBXW4
8431,ENSFALG00000008614,Gtf3a,GTF3A
8432,ENSFALG00000008615,SEC62,SEC62
8433,ENSFALG00000008616,SAMD7,SAMD7
8434,ENSFALG00000008617,DPCD,DPCD
8435,ENSFALG00000008618,ZBTB10,ZBTB10
8436,ENSFALG00000008619,POLL,POLL
8437,ENSFALG00000008620,LRRC31,LRRC31
8438,ENSFALG00000008621,RASL11A,RASL11A
8439,ENSFALG00000008622,ZNF704,ZNF704
8440,ENSFALG00000008623,LRRC34,LRRC34
8441,ENSFALG00000008624,UNC5A,UNC5A
8442,ENSFALG00000008625,PAG1,PAG1
8443,ENSFALG00000008627,CRYBB2,CRYBB2
8444,ENSFALG00000008628,Mynn,MYNN
8445,ENSFALG00000008629,MRPL53,ENSFALG00000008629
8446,ENSFALG00000008630,Rpl21,RPL21
8447,ENSFALG00000008631,FABP5,FABP5
8448,ENSFALG00000008632,PMP2,PMP2
8449,ENSFALG00000008633,FABP4,FABP4
8450,ENSFALG00000008635,IMPA1,IMPA1
8451,ENSFALG00000008636,MECOM,MECOM
8452,ENSFALG00000008637,Zfand1,ZFAND1
8453,ENSFALG00000008638,CRYBB3,CRYBB3
8454,ENSFALG00000008639,CACNA1D,CACNA1D
8455,ENSFALG00000008640,CHMP4C,CHMP4C
8456,ENSFALG00000008641,KIAA1671,KIAA1671
8457,ENSFALG00000008642,SNX16,SNX16
8458,ENSFALG00000008643,SGSM1,SGSM1
8459,ENSFALG00000008645,USP12,USP12
8460,ENSFALG00000008647,RALYL,RALYL
8461,ENSFALG00000008647,RALYL,RALYL
8462,ENSFALG00000008647,RALYL,RALYL
8463,ENSFALG00000008648,HK3,HK3
8464,ENSFALG00000008649,MIS18A,MIS18A
8465,ENSFALG00000008650,GOLIM4,GOLIM4
8466,ENSFALG00000008651,MMAB,MMAB
8467,ENSFALG00000008651,MMAB,MMAB
8468,ENSFALG00000008652,UIMC1,UIMC1
8469,ENSFALG00000008654,WASF3,WASF3
8470,ENSFALG00000008655,Thumpd2,THUMPD2
8471,ENSFALG00000008656,BTRC,BTRC
8472,ENSFALG00000008657,Slc6a4,ENSFALG00000008657
8473,ENSFALG00000008658,SERPINI1,SERPINI1
8474,ENSFALG00000008659,Cdk8,CDK8
8475,ENSFALG00000008660,TLX1,TLX1
8476,ENSFALG00000008661,ZNF346,ZNF346
8477,ENSFALG00000008663,RNF6,RNF6
8478,ENSFALG00000008664,MAPK15,MAPK15
8479,ENSFALG00000008665,PDCD10,PDCD10
8480,ENSFALG00000008666,KAZALD1,KAZALD1
8481,ENSFALG00000008667,ATP8A2,ATP8A2
8482,ENSFALG00000008668,SFXN3,SFXN3
8483,ENSFALG00000008669,FAM83H,FAM83H
8484,ENSFALG00000008670,SCRIB,SCRIB
8485,ENSFALG00000008671,PDZD7,PDZD7
8486,ENSFALG00000008672,WBP2NL,ENSFALG00000008672
8487,ENSFALG00000008673,ANKRD13A,ANKRD13A
8488,ENSFALG00000008674,ZBBX,ENSFALG00000008674
8489,ENSFALG00000008674,ZBBX,ENSFALG00000008674
8490,ENSFALG00000008675,Madprt,ENSFALG00000008675
8491,ENSFALG00000008677,ZBBX,ENSFALG00000008677
8492,ENSFALG00000008678,BCHE,BCHE
8493,ENSFALG00000008679,Slitrk3,SLITRK3
8494,ENSFALG00000008680,TWNK,TWNK
8495,ENSFALG00000008681,NUP58,NUP58
8496,ENSFALG00000008681,NUP58,NUP58
8497,ENSFALG00000008682,FGFR4,FGFR4
8498,ENSFALG00000008683,MRPL43,MRPL43
8499,ENSFALG00000008684,SEMA4G,SEMA4G
8500,ENSFALG00000008685,FAM49A,FAM49A
8501,ENSFALG00000008685,CYRIA,FAM49A
8502,ENSFALG00000008686,SLF2,ENSFALG00000008686
8503,ENSFALG00000008687,SI,ENSFALG00000008687
8504,ENSFALG00000008688,MTMR6,MTMR6
8505,ENSFALG00000008689,MFSD13A,MFSD13A
8506,ENSFALG00000008690,AMER2,AMER2
8507,ENSFALG00000008691,SPATA13,ENSFALG00000008691
8508,ENSFALG00000008692,C1qtnf9,ENSFALG00000008692
8509,ENSFALG00000008693,GIT2,GIT2
8510,ENSFALG00000008693,GIT2,GIT2
8511,ENSFALG00000008694,Mycn,MYCN
8512,ENSFALG00000008695,MIPEP,MIPEP
8513,ENSFALG00000008696,DDX1,DDX1
8514,ENSFALG00000008697,TNFRSF19,TNFRSF19
8515,ENSFALG00000008698,ACTR1A,ACTR1A
8516,ENSFALG00000008699,NBAS,NBAS
8517,ENSFALG00000008700,SACS,SACS
8518,ENSFALG00000008702,SGCG,SGCG
8519,ENSFALG00000008703,NSD1,NSD1
8520,ENSFALG00000008704,DCP1A,DCP1A
8521,ENSFALG00000008705,Tchp,ENSFALG00000008705
8522,ENSFALG00000008706,SUFU,SUFU
8523,ENSFALG00000008707,TKT,TKT
8524,ENSFALG00000008708,OTOL1,OTOL1
8525,ENSFALG00000008709,GLTP,GLTP
8526,ENSFALG00000008710,RAB24,RAB24
8527,ENSFALG00000008711,NMD3,NMD3
8528,ENSFALG00000008712,Fgf9,FGF9
8529,ENSFALG00000008713,MICU2,MICU2
8530,ENSFALG00000008714,TRIM8,TRIM8
8531,ENSFALG00000008715,PRELID1,PRELID1
8532,ENSFALG00000008716,ZDHHC20,ZDHHC20
8533,ENSFALG00000008717,TRPV4,TRPV4
8534,ENSFALG00000008718,Fancd2,FANCD2
8535,ENSFALG00000008719,SKA3,ENSFALG00000008719
8536,ENSFALG00000008720,ARL3,ARL3
8537,ENSFALG00000008721,MXD3,MXD3
8538,ENSFALG00000008723,SAP18,SAP18
8539,ENSFALG00000008724,LATS2,LATS2
8540,ENSFALG00000008725,FAM193B,FAM193B
8541,ENSFALG00000008726,SFXN2,SFXN2
8542,ENSFALG00000008727,WBP1L,WBP1L
8543,ENSFALG00000008728,CYP17A1,CYP17A1
8544,ENSFALG00000008729,FAM222A,FAM222A
8545,ENSFALG00000008730,MVK,MVK
8546,ENSFALG00000008731,Ddx41,DDX41
8547,ENSFALG00000008732,AS3MT,AS3MT
8548,ENSFALG00000008733,XPO4,XPO4
8549,ENSFALG00000008734,UBE3B,UBE3B
8550,ENSFALG00000008735,KCTD10,KCTD10
8551,ENSFALG00000008736,CNNM2,CNNM2
8552,ENSFALG00000008737,Emc3,EMC3
8553,ENSFALG00000008738,Dok3,ENSFALG00000008738
8554,ENSFALG00000008738,Dok3,ENSFALG00000008738
8555,ENSFALG00000008739,EEF1AKMT1,EEF1AKMT1
8556,ENSFALG00000008740,IL17D,IL17D
8557,ENSFALG00000008741,PDLIM7,PDLIM7
8558,ENSFALG00000008742,IFT88,IFT88
8559,ENSFALG00000008743,MYO1H,MYO1H
8560,ENSFALG00000008744,CRYL1,CRYL1
8561,ENSFALG00000008745,NT5C2,ENSFALG00000008745
8562,ENSFALG00000008747,USP4,USP4
8563,ENSFALG00000008748,ZMYM2,ZMYM2
8564,ENSFALG00000008749,Dbn1,DBN1
8565,ENSFALG00000008750,PSPC1,PSPC1
8566,ENSFALG00000008751,Grk6,GRK6
8567,ENSFALG00000008752,Adra2db,ENSFALG00000008752
8568,ENSFALG00000008753,Slc34a1,SLC34A1
8569,ENSFALG00000008754,RGS14,RGS14
8570,ENSFALG00000008755,MPHOSPH8,MPHOSPH8
8571,ENSFALG00000008756,Ina,ENSFALG00000008756
8572,ENSFALG00000008758,PCGF6,PCGF6
8573,ENSFALG00000008759,Gpx1,GPX1
8574,ENSFALG00000008760,LMAN2,LMAN2
8575,ENSFALG00000008761,RHOA,RHOA
8576,ENSFALG00000008762,TAF5,TAF5
8577,ENSFALG00000008763,CENPJ,CENPJ
8578,ENSFALG00000008764,TEX264,TEX264
8579,ENSFALG00000008765,B4galt7,B4GALT7
8580,ENSFALG00000008766,RNF17,RNF17
8581,ENSFALG00000008767,FOXN4,FOXN4
8582,ENSFALG00000008768,Grm2,GRM2
8583,ENSFALG00000008769,ARHGAP20,ARHGAP20
8584,ENSFALG00000008770,N4BP3,N4BP3
8585,ENSFALG00000008771,FDX1,FDX1
8586,ENSFALG00000008772,ATP5MK,ENSFALG00000008772
8587,ENSFALG00000008773,RDX,RDX
8588,ENSFALG00000008774,Nhp2,NHP2
8589,ENSFALG00000008775,PDCD11,PDCD11
8590,ENSFALG00000008776,Zc3h12c,ZC3H12C
8591,ENSFALG00000008777,BRD8,BRD8
8592,ENSFALG00000008778,RRP9,RRP9
8593,ENSFALG00000008779,CALHM2,CALHM2
8594,ENSFALG00000008780,DENND3,DENND3
8595,ENSFALG00000008781,CALHM1,CALHM1
8596,ENSFALG00000008782,CALHM3,CALHM3
8597,ENSFALG00000008783,Atp1a2,ENSFALG00000008783
8598,ENSFALG00000008784,SLC45A4,SLC45A4
8599,ENSFALG00000008785,NEURL1,NEURL1
8600,ENSFALG00000008785,NEURL1,NEURL1
8601,ENSFALG00000008786,Nat6,NAA80
8602,ENSFALG00000008788,SH3PXD2A,SH3PXD2A
8603,ENSFALG00000008789,HYAL3,HYAL3
8604,ENSFALG00000008790,KIF20A,KIF20A
8605,ENSFALG00000008790,KIF20A,KIF20A
8606,ENSFALG00000008791,STN1,STN1
8607,ENSFALG00000008792,Klf4,KLF4
8608,ENSFALG00000008793,IFRD2,IFRD2
8609,ENSFALG00000008794,TPCN2,ENSFALG00000008794
8610,ENSFALG00000008795,SLK,SLK
8611,ENSFALG00000008796,Oasl2,OASL
8612,ENSFALG00000008799,SEMA3B,SEMA3B
8613,ENSFALG00000008800,Rad23b,RAD23B
8614,ENSFALG00000008802,ACACB,ACACB
8615,ENSFALG00000008803,SLC38A3,SLC38A3
8616,ENSFALG00000008804,SFXN1,SFXN1
8617,ENSFALG00000008805,NSG2,NSG2
8618,ENSFALG00000008806,CUNH5orf47,ENSFALG00000008806
8619,ENSFALG00000008807,NADSYN1,NADSYN1
8620,ENSFALG00000008807,NADSYN1,NADSYN1
8621,ENSFALG00000008808,COL17A1,COL17A1
8622,ENSFALG00000008808,Col17a1,COL17A1
8623,ENSFALG00000008809,CPEB4,CPEB4
8624,ENSFALG00000008811,BOD1,ENSFALG00000008811
8625,ENSFALG00000008812,STC2,STC2
8626,ENSFALG00000008813,NKX2-5,NKX2-5
8627,ENSFALG00000008814,GNAI2,GNAI2
8628,ENSFALG00000008815,BNIP1,BNIP1
8629,ENSFALG00000008816,CREBRF,CREBRF
8630,ENSFALG00000008817,Atp6v0e1,ATP6V0E1
8631,ENSFALG00000008818,RPL26,RPL26
8632,ENSFALG00000008819,DHCR7,DHCR7
8633,ENSFALG00000008820,ERGIC1,ERGIC1
8634,ENSFALG00000008821,GNAT1,GNAT1
8635,ENSFALG00000008822,SFR1,SFR1
8636,ENSFALG00000008823,DUSP1,DUSP1
8637,ENSFALG00000008824,Neurl1b,NEURL1B
8638,ENSFALG00000008825,CFAP43,CFAP43
8639,ENSFALG00000008826,SEMA3F,SEMA3F
8640,ENSFALG00000008827,SH3PXD2B,SH3PXD2B
8641,ENSFALG00000008828,RBM5,RBM5
8642,ENSFALG00000008829,PARP3,PARP3
8643,ENSFALG00000008830,STK10,STK10
8644,ENSFALG00000008831,PCBP4,PCBP4
8645,ENSFALG00000008832,Gsto1,GSTO1
8646,ENSFALG00000008833,Ubtd2,UBTD2
8647,ENSFALG00000008834,PCBP4,ABHD14B
8648,ENSFALG00000008835,SH3TC2,SH3TC2
8649,ENSFALG00000008836,CFAP58,CFAP58
8650,ENSFALG00000008837,ABLIM3,ABLIM3
8651,ENSFALG00000008838,ABHD14A,ABHD14A
8652,ENSFALG00000008839,ACY1,ENSFALG00000008839
8653,ENSFALG00000008840,AFAP1L1,AFAP1L1
8654,ENSFALG00000008841,GRPEL2,GRPEL2
8655,ENSFALG00000008842,Pcyox1l,PCYOX1L
8656,ENSFALG00000008843,UNG,UNG
8657,ENSFALG00000008844,SORCS3,SORCS3
8658,ENSFALG00000008845,Alkbh2,ALKBH2
8659,ENSFALG00000008846,IL17B,IL17B
8660,ENSFALG00000008847,CSNK1A1,CSNK1A1
8661,ENSFALG00000008848,Usp30,USP30
8662,ENSFALG00000008849,PIK3C3,PIK3C3
8663,ENSFALG00000008850,ARHGEF37,ARHGEF37
8664,ENSFALG00000008851,SEMA3G,SEMA3G
8665,ENSFALG00000008852,RIT2,RIT2
8666,ENSFALG00000008853,Tfip11,ENSFALG00000008853
8667,ENSFALG00000008854,SYT4,SYT4
8668,ENSFALG00000008855,SVOP,SVOP
8669,ENSFALG00000008856,DAO,DAO
8670,ENSFALG00000008857,SETBP1,SETBP1
8671,ENSFALG00000008858,PPARGC1B,PPARGC1B
8672,ENSFALG00000008859,Slc14a2,ENSFALG00000008859
8673,ENSFALG00000008860,SSH1,SSH1
8674,ENSFALG00000008861,Siglec15,SIGLEC15
8675,ENSFALG00000008862,Epg5,EPG5
8676,ENSFALG00000008863,CORO1C,CORO1C
8677,ENSFALG00000008864,PSTPIP2,PSTPIP2
8678,ENSFALG00000008867,TTC31,ENSFALG00000008867
8679,ENSFALG00000008868,OXNAD1,OXNAD1
8680,ENSFALG00000008869,SLC26A2,SLC26A2
8681,ENSFALG00000008871,TMEM119,TMEM119
8682,ENSFALG00000008873,Htr4,HTR4
8683,ENSFALG00000008874,ISCU,ISCU
8684,ENSFALG00000008875,ATP5F1A,ATP5F1A
8685,ENSFALG00000008876,Wdr54,WDR54
8686,ENSFALG00000008877,BAP1,BAP1
8687,ENSFALG00000008879,FBXO38,FBXO38
8688,ENSFALG00000008880,DNAH1,DNAH1
8689,ENSFALG00000008882,IL12B,IL12B
8690,ENSFALG00000008883,RFTN1,RFTN1
8691,ENSFALG00000008883,RFTN1,RFTN1
8692,ENSFALG00000008884,HAUS1,HAUS1
8693,ENSFALG00000008885,RDH12,ENSFALG00000008885
8694,ENSFALG00000008886,ARK2N,C18orf25
8695,ENSFALG00000008887,GVIN1,ENSFALG00000008887
8696,ENSFALG00000008888,ADRA1B,ADRA1B
8697,ENSFALG00000008889,ARK2C,RNF165
8698,ENSFALG00000008890,Haus3,ENSFALG00000008890
8699,ENSFALG00000008891,Plcb3,ENSFALG00000008891
8700,ENSFALG00000008892,LOXHD1,ENSFALG00000008892
8701,ENSFALG00000008893,Dazl,ENSFALG00000008893
8702,ENSFALG00000008894,Sart3,SART3
8703,ENSFALG00000008895,TTC1,TTC1
8704,ENSFALG00000008896,GLYCTK,GLYCTK
8705,ENSFALG00000008897,Loxhd1,ENSFALG00000008897
8706,ENSFALG00000008898,Ints3,INTS3
8707,ENSFALG00000008899,ST8SIA5,ST8SIA5
8708,ENSFALG00000008900,SELENOI,SELENOI
8709,ENSFALG00000008900,SELENOI,SELENOI
8710,ENSFALG00000008901,Pwwp2a,PWWP2A
8711,ENSFALG00000008902,WDR82,WDR82
8712,ENSFALG00000008903,FABP6,FABP6
8713,ENSFALG00000008905,C1QTNF2,C1QTNF2
8714,ENSFALG00000008907,GDF9,GDF9
8715,ENSFALG00000008908,DCTN1,ENSFALG00000008908
8716,ENSFALG00000008909,UQCRQ,UQCRQ
8717,ENSFALG00000008911,FICD,FICD
8718,ENSFALG00000008912,Leap2,LEAP2
8719,ENSFALG00000008913,WSCD2,WSCD2
8720,ENSFALG00000008914,Ppm1m,PPM1M
8721,ENSFALG00000008915,Rph3a,RPH3A
8722,ENSFALG00000008916,AFF4,AFF4
8723,ENSFALG00000008917,ALAS1,ALAS1
8724,ENSFALG00000008918,PIAS2,PIAS2
8725,ENSFALG00000008918,PIAS2,PIAS2
8726,ENSFALG00000008919,CISH,CISH
8727,ENSFALG00000008919,CISH,CISH
8728,ENSFALG00000008920,MAPKAPK3,MAPKAPK3
8729,ENSFALG00000008921,Hsfy1,ENSFALG00000008921
8730,ENSFALG00000008922,POC1A,POC1A
8731,ENSFALG00000008923,DOCK3,DOCK3
8732,ENSFALG00000008924,DUSP7,DUSP7
8733,ENSFALG00000008925,Rpl29,RPL29
8734,ENSFALG00000008927,Manf,MANF
8735,ENSFALG00000008928,KATNAL2,KATNAL2
8736,ENSFALG00000008929,TNNC1,TNNC1
8737,ENSFALG00000008930,HDHD2,HDHD2
8738,ENSFALG00000008931,DCAF1,DCAF1
8739,ENSFALG00000008932,SKOR2,SKOR2
8740,ENSFALG00000008933,Zcchc10,ZCCHC10
8741,ENSFALG00000008934,SMAD2,SMAD2
8742,ENSFALG00000008935,NISCH,NISCH
8743,ENSFALG00000008936,PTPN11,PTPN11
8744,ENSFALG00000008937,HSPA4,HSPA4
8745,ENSFALG00000008938,RAD54L2,RAD54L2
8746,ENSFALG00000008939,IDH3B,IDH3B
8747,ENSFALG00000008939,VPS16,IDH3B
8748,ENSFALG00000008940,ZBTB7C,ZBTB7C
8749,ENSFALG00000008941,STAB1,STAB1
8750,ENSFALG00000008942,RNF14,RNF14
8751,ENSFALG00000008943,CTIF,CTIF
8752,ENSFALG00000008944,GNPDA1,GNPDA1
8753,ENSFALG00000008945,Smad7,SMAD7
8754,ENSFALG00000008946,NT5DC2,NT5DC2
8755,ENSFALG00000008947,NOP56,NOP56
8756,ENSFALG00000008949,Ndfip1,NDFIP1
8757,ENSFALG00000008950,UQCC5,SMIM4
8758,ENSFALG00000008951,RPL6,RPL6
8759,ENSFALG00000008952,VPS16,VPS16
8760,ENSFALG00000008953,DYM,DYM
8761,ENSFALG00000008953,DYM,DYM
8762,ENSFALG00000008954,PBRM1,PBRM1
8763,ENSFALG00000008955,FGF1,FGF1
8764,ENSFALG00000008956,ARHGAP26,ARHGAP26
8765,ENSFALG00000008957,GNL3,GNL3
8766,ENSFALG00000008958,NR3C1,NR3C1
8767,ENSFALG00000008960,YIPF5,YIPF5
8768,ENSFALG00000008961,C18orf32,C18orf32
8769,ENSFALG00000008962,KCTD16,KCTD16
8770,ENSFALG00000008963,HECTD4,ENSFALG00000008963
8771,ENSFALG00000008964,CPXM1,CPXM1
8772,ENSFALG00000008965,Rpl17,ENSFALG00000008965
8773,ENSFALG00000008966,GLT8D1,GLT8D1
8774,ENSFALG00000008967,RBM6,RBM6
8775,ENSFALG00000008968,SPCS1,SPCS1
8776,ENSFALG00000008969,NEK4,NEK4
8777,ENSFALG00000008970,MON1A,MON1A
8778,ENSFALG00000008971,ITIH3,ITIH3
8779,ENSFALG00000008972,Znf638,ENSFALG00000008972
8780,ENSFALG00000008973,LIPG,LIPG
8781,ENSFALG00000008974,HEMK1,HEMK1
8782,ENSFALG00000008975,MST1R,MST1R
8783,ENSFALG00000008976,HECTD4,ENSFALG00000008976
8784,ENSFALG00000008977,C12H3orf18,C3orf18
8785,ENSFALG00000008979,ACAA2,ACAA2
8786,ENSFALG00000008980,TRAFD1,TRAFD1
8787,ENSFALG00000008981,Camkv,CAMKV
8788,ENSFALG00000008982,Aaas,ENSFALG00000008982
8789,ENSFALG00000008983,Naa25,NAA25
8790,ENSFALG00000008985,Erp29,ERP29
8791,ENSFALG00000008986,TRAIP,TRAIP
8792,ENSFALG00000008987,TMEM116,TMEM116
8793,ENSFALG00000008988,ZMAT2,ENSFALG00000008988
8794,ENSFALG00000008989,CACNA2D2,CACNA2D2
8795,ENSFALG00000008990,Bsn,BSN
8796,ENSFALG00000008992,MAPKAPK5,MAPKAPK5
8797,ENSFALG00000008993,ALDH2,ENSFALG00000008993
8798,ENSFALG00000008995,Acad10,ENSFALG00000008995
8799,ENSFALG00000008996,MYO5B,ENSFALG00000008996
8800,ENSFALG00000008997,BRAP,BRAP
8801,ENSFALG00000008998,Apeh,APEH
8802,ENSFALG00000008999,Tmem115,TMEM115
8803,ENSFALG00000009000,Cyb561d2,CYB561D2
8804,ENSFALG00000009001,ATXN2,ATXN2
8805,ENSFALG00000009002,NPRL2,NPRL2
8806,ENSFALG00000009003,ZMYND10,ZMYND10
8807,ENSFALG00000009004,MST1,MST1
8808,ENSFALG00000009005,Rassf1,RASSF1
8809,ENSFALG00000009006,DAG1,DAG1
8810,ENSFALG00000009007,Tusc2,TUSC2
8811,ENSFALG00000009008,HYAL2,HYAL2
8812,ENSFALG00000009009,NICN1,ENSFALG00000009009
8813,ENSFALG00000009010,HYAL1,HYAL1
8814,ENSFALG00000009011,PFKFB4,ENSFALG00000009011
8815,ENSFALG00000009012,Cfap53,ENSFALG00000009012
8816,ENSFALG00000009013,Sh2b3,SH2B3
8817,ENSFALG00000009014,Slc39a11,ENSFALG00000009014
8818,ENSFALG00000009016,AMT,AMT
8819,ENSFALG00000009017,PHETA1,PHETA1
8820,ENSFALG00000009018,FGD4,FGD4
8821,ENSFALG00000009019,CUX2,CUX2
8822,ENSFALG00000009020,BICD1,BICD1
8823,ENSFALG00000009021,SLC27A5,SLC27A5
8824,ENSFALG00000009022,UBA7,ENSFALG00000009022
8825,ENSFALG00000009023,RESF1,ENSFALG00000009023
8826,ENSFALG00000009024,Cetn3,CETN3
8827,ENSFALG00000009025,Inka1a,ENSFALG00000009025
8828,ENSFALG00000009026,Mblac2,MBLAC2
8829,ENSFALG00000009027,Amn1,AMN1
8830,ENSFALG00000009028,CDHR4,CDHR4
8831,ENSFALG00000009029,LYSMD3,LYSMD3
8832,ENSFALG00000009030,IP6K1,IP6K1
8833,ENSFALG00000009031,ETFBKMT,ENSFALG00000009031
8834,ENSFALG00000009032,MYL2,MYL2
8835,ENSFALG00000009033,RNF123,RNF123
8836,ENSFALG00000009034,DENND5B,DENND5B
8837,ENSFALG00000009035,PIT54,ENSFALG00000009035
8838,ENSFALG00000009036,CCDC63,ENSFALG00000009036
8839,ENSFALG00000009037,SINHCAF,SINHCAF
8840,ENSFALG00000009038,CAPRIN2,CAPRIN2
8841,ENSFALG00000009039,IPO8,IPO8
8842,ENSFALG00000009040,GMPPB,GMPPB
8843,ENSFALG00000009041,PPP1CC,PPP1CC
8844,ENSFALG00000009042,TMTC1,TMTC1
8845,ENSFALG00000009043,ADGRV1,ADGRV1
8846,ENSFALG00000009044,Znf24,ENSFALG00000009044
8847,ENSFALG00000009044,Znf471,ENSFALG00000009044
8848,ENSFALG00000009045,SVOPL,SVOPL
8849,ENSFALG00000009046,SHISA5,SHISA5
8850,ENSFALG00000009047,HVCN1,HVCN1
8851,ENSFALG00000009048,TCTN1,TCTN1
8852,ENSFALG00000009049,ATRIP,ATRIP
8853,ENSFALG00000009050,IPPK,IPPK
8854,ENSFALG00000009051,ATP6V0A4,ATP6V0A4
8855,ENSFALG00000009052,PPTC7,PPTC7
8856,ENSFALG00000009053,CENPP,CENPP
8857,ENSFALG00000009054,Tmem213,TMEM213
8858,ENSFALG00000009055,KIAA1549,KIAA1549
8859,ENSFALG00000009056,HIPK2,HIPK2
8860,ENSFALG00000009057,ECM2,ECM2
8861,ENSFALG00000009058,RAD9B,RAD9B
8862,ENSFALG00000009059,TBXAS1,TBXAS1
8863,ENSFALG00000009060,ASPN,ASPN
8864,ENSFALG00000009061,PARP12,PARP12
8865,ENSFALG00000009062,VPS29,VPS29
8866,ENSFALG00000009063,OMD,OMD
8867,ENSFALG00000009064,OGN,OGN
8868,ENSFALG00000009065,SPIC,SPIC
8869,ENSFALG00000009066,NOL8,NOL8
8870,ENSFALG00000009067,MYBPC1,MYBPC1
8871,ENSFALG00000009068,ARRDC3,ARRDC3
8872,ENSFALG00000009069,NR2F1,NR2F1
8873,ENSFALG00000009070,Kntc1,KNTC1
8874,ENSFALG00000009071,CHPT1,CHPT1
8875,ENSFALG00000009072,ARB2A,FAM172A
8876,ENSFALG00000009072,ARB2A,FAM172A
8877,ENSFALG00000009073,SYCP3,ENSFALG00000009073
8878,ENSFALG00000009074,KIAA0825,KIAA0825
8879,ENSFALG00000009075,Phf7,ENSFALG00000009075
8880,ENSFALG00000009075,Phf7,ENSFALG00000009075
8881,ENSFALG00000009075,Phf7,ENSFALG00000009075
8882,ENSFALG00000009076,GNPTAB,GNPTAB
8883,ENSFALG00000009077,COL6A6,ENSFALG00000009077
8884,ENSFALG00000009077,COL6A4,ENSFALG00000009077
8885,ENSFALG00000009078,SLF1,SLF1
8886,ENSFALG00000009079,Dram1,DRAM1
8887,ENSFALG00000009080,AHCYL2,ENSFALG00000009080
8888,ENSFALG00000009081,MCTP1,MCTP1
8889,ENSFALG00000009082,WASHC3,WASHC3
8890,ENSFALG00000009083,NUP37,NUP37
8891,ENSFALG00000009085,TNFRSF18,ENSFALG00000009085
8892,ENSFALG00000009086,SKIC3,ENSFALG00000009086
8893,ENSFALG00000009087,CAPN7,CAPN7
8894,ENSFALG00000009088,PARPBP,PARPBP
8895,ENSFALG00000009089,Tnfrsf4,ENSFALG00000009089
8896,ENSFALG00000009090,SDF4,SDF4
8897,ENSFALG00000009091,PMCH,PMCH
8898,ENSFALG00000009092,SH3BP5,SH3BP5
8899,ENSFALG00000009093,SKIC3,ENSFALG00000009093
8900,ENSFALG00000009094,IGF1,IGF1
8901,ENSFALG00000009095,ARSK,ARSK
8902,ENSFALG00000009096,METTL6,METTL6
8903,ENSFALG00000009097,PAH,ENSFALG00000009097
8904,ENSFALG00000009098,EAF1,EAF1
8905,ENSFALG00000009099,RSRC2,RSRC2
8906,ENSFALG00000009100,MTURN,MTURN
8907,ENSFALG00000009101,Znrf2,ENSFALG00000009101
8908,ENSFALG00000009102,ZCCHC8,ZCCHC8
8909,ENSFALG00000009103,CLIP1,CLIP1
8910,ENSFALG00000009104,NOD1,NOD1
8911,ENSFALG00000009105,VPS33A,ENSFALG00000009105
8912,ENSFALG00000009106,DIABLO,ENSFALG00000009106
8913,ENSFALG00000009107,LRRC43,LRRC43
8914,ENSFALG00000009108,PCSK5,PCSK5
8915,ENSFALG00000009109,Ggct,ENSFALG00000009109
8916,ENSFALG00000009110,Rpl19,ENSFALG00000009110
8917,ENSFALG00000009112,PAH,PAH
8918,ENSFALG00000009113,PFAS,ENSFALG00000009113
8919,ENSFALG00000009114,Entpd3,ENTPD3
8920,ENSFALG00000009115,Mlxip,MLXIP
8921,ENSFALG00000009116,Mcrs1,ENSFALG00000009116
8922,ENSFALG00000009118,BCL7A,BCL7A
8923,ENSFALG00000009119,NR2F6,NR2F6
8924,ENSFALG00000009120,Rpl14,RPL14
8925,ENSFALG00000009121,CFAP251,WDR66
8926,ENSFALG00000009123,Ocln,ENSFALG00000009123
8927,ENSFALG00000009124,Pcdha13,ENSFALG00000009124
8928,ENSFALG00000009125,Gatad2a,ENSFALG00000009125
8929,ENSFALG00000009126,PSMD9,ENSFALG00000009126
8930,ENSFALG00000009127,Fam198a,GASK1A
8931,ENSFALG00000009128,SNRK,SNRK
8932,ENSFALG00000009129,ANO10,ANO10
8933,ENSFALG00000009130,ABHD5,ABHD5
8934,ENSFALG00000009131,TCAIM,TCAIM
8935,ENSFALG00000009132,Hpd,HPD
8936,ENSFALG00000009134,TRIM71,TRIM71
8937,ENSFALG00000009135,CNOT10,CNOT10
8938,ENSFALG00000009136,SETD1B,SETD1B
8939,ENSFALG00000009137,Rhof,RHOF
8940,ENSFALG00000009138,DYNC1LI1,DYNC1LI1
8941,ENSFALG00000009139,CMTM7,CMTM7
8942,ENSFALG00000009140,PCDH7,ENSFALG00000009140
8943,ENSFALG00000009141,TMEM120B,TMEM120B
8944,ENSFALG00000009142,GPD1L,CMTM8
8945,ENSFALG00000009143,GPD1L,GPD1L
8946,ENSFALG00000009144,OSBPL10,OSBPL10
8947,ENSFALG00000009145,STIM2,STIM2
8948,ENSFALG00000009146,STT3B,STT3B
8949,ENSFALG00000009147,TBC1D19,TBC1D19
8950,ENSFALG00000009148,Morn3,MORN3
8951,ENSFALG00000009149,ORAI1,ORAI1
8952,ENSFALG00000009150,CCKAR,CCKAR
8953,ENSFALG00000009151,KDM2B,KDM2B
8954,ENSFALG00000009152,GADL1,GADL1
8955,ENSFALG00000009153,RNF34,RNF34
8956,ENSFALG00000009154,RBPJ,RBPJ
8957,ENSFALG00000009155,ANAPC5,ANAPC5
8958,ENSFALG00000009156,SMIM20,SMIM20
8959,ENSFALG00000009157,SEL1L3,SEL1L3
8960,ENSFALG00000009159,WNT7A,WNT7A
8961,ENSFALG00000009160,Pcdhb14,ENSFALG00000009160
8962,ENSFALG00000009161,SLC39A3,SLC39A3
8963,ENSFALG00000009162,TGFBR2,TGFBR2
8964,ENSFALG00000009163,Pcdhb16,ENSFALG00000009163
8965,ENSFALG00000009164,Sgta,SGTA
8966,ENSFALG00000009165,RBMS3,RBMS3
8967,ENSFALG00000009166,FCGBP,ENSFALG00000009166
8968,ENSFALG00000009167,SLC34A2,SLC34A2
8969,ENSFALG00000009168,PCDHAC2,PCDHAC2
8970,ENSFALG00000009169,THOP1,THOP1
8971,ENSFALG00000009170,PCDHAC1,PCDHAC1
8972,ENSFALG00000009172,FBLN2,FBLN2
8973,ENSFALG00000009173,NAA20,NAA20
8974,ENSFALG00000009174,CAMKK2,ENSFALG00000009174
8975,ENSFALG00000009175,Fcgbp,ENSFALG00000009175
8976,ENSFALG00000009176,RABGGTB,RABGGTB
8977,ENSFALG00000009177,ACADM,ACADM
8978,ENSFALG00000009178,AZI2,AZI2
8979,ENSFALG00000009179,Cmc1,ENSFALG00000009179
8980,ENSFALG00000009180,ANAPC4,ANAPC4
8981,ENSFALG00000009181,Eomes,EOMES
8982,ENSFALG00000009182,SLC4A7,SLC4A7
8983,ENSFALG00000009183,ZCCHC4,ZCCHC4
8984,ENSFALG00000009185,OXSM,OXSM
8985,ENSFALG00000009186,Celf4,ENSFALG00000009186
8986,ENSFALG00000009187,NGLY1,NGLY1
8987,ENSFALG00000009188,Celf4,ENSFALG00000009188
8988,ENSFALG00000009189,P2RX4,P2RX4
8989,ENSFALG00000009189,P2RX4,P2RX4
8990,ENSFALG00000009190,Pi4k2b,PI4K2B
8991,ENSFALG00000009191,KIAA1328,ENSFALG00000009191
8992,ENSFALG00000009191,KIAA1328,ENSFALG00000009191
8993,ENSFALG00000009192,TOP2B,TOP2B
8994,ENSFALG00000009193,SEPSECS,SEPSECS
8995,ENSFALG00000009194,Slc22a5,SLC22A5
8996,ENSFALG00000009195,RARB,RARB
8997,ENSFALG00000009196,Shisa6,ENSFALG00000009196
8998,ENSFALG00000009197,IFT81,IFT81
8999,ENSFALG00000009198,LGI2,LGI2
9000,ENSFALG00000009200,SLC22A4,SLC22A4
9001,ENSFALG00000009201,DNAH9,ENSFALG00000009201
9002,ENSFALG00000009202,RNF222,RNF222
9003,ENSFALG00000009203,Ndel1,NDEL1
9004,ENSFALG00000009204,THRB,THRB
9005,ENSFALG00000009205,NR1D2,NR1D2
9006,ENSFALG00000009206,Atp2a2,ATP2A2
9007,ENSFALG00000009207,CCDC149,CCDC149
9008,ENSFALG00000009208,PDLIM4,PDLIM4
9009,ENSFALG00000009209,RPL15,RPL15
9010,ENSFALG00000009210,DHX15,DHX15
9011,ENSFALG00000009211,PPARGC1A,PPARGC1A
9012,ENSFALG00000009212,ADGRA3,ADGRA3
9013,ENSFALG00000009213,Nkiras1,NKIRAS1
9014,ENSFALG00000009214,KCNIP4,KCNIP4
9015,ENSFALG00000009215,UBE2E1,UBE2E1
9016,ENSFALG00000009216,UBE2E1,UBE2E2
9017,ENSFALG00000009217,ZNF385D,ZNF385D
9018,ENSFALG00000009218,SGO1,SGO1
9019,ENSFALG00000009219,ACAP3,ACAP3
9020,ENSFALG00000009220,Anapc7,ANAPC7
9021,ENSFALG00000009221,PACRGL,PACRGL
9022,ENSFALG00000009222,ARPC3,ARPC3
9023,ENSFALG00000009223,SLIT2,SLIT2
9024,ENSFALG00000009224,KAT2B,KAT2B
9025,ENSFALG00000009225,Myh10,MYH10
9026,ENSFALG00000009226,UBE2K,UBE2K
9027,ENSFALG00000009227,LCORL,LCORL
9028,ENSFALG00000009228,GPN3,GPN3
9029,ENSFALG00000009229,LCORL,ENSFALG00000009229
9030,ENSFALG00000009230,Smim14,SMIM14
9031,ENSFALG00000009231,Ints11,INTS11
9032,ENSFALG00000009232,NCAPG,NCAPG
9033,ENSFALG00000009233,UGDH,UGDH
9034,ENSFALG00000009234,FAM184B,FAM184B
9035,ENSFALG00000009235,DENR,DENR
9036,ENSFALG00000009236,Ccdc62,ENSFALG00000009236
9037,ENSFALG00000009237,Cptp,CPTP
9038,ENSFALG00000009238,MED28,MED28
9039,ENSFALG00000009239,Rab5a,RAB5A
9040,ENSFALG00000009240,HIP1R,HIP1R
9041,ENSFALG00000009241,TAS1R3,TAS1R3
9042,ENSFALG00000009242,LAP3,LAP3
9043,ENSFALG00000009243,VPS37B,VPS37B
9044,ENSFALG00000009244,ABCB9,ABCB9
9045,ENSFALG00000009245,Efhb,EFHB
9046,ENSFALG00000009247,OGFOD2,OGFOD2
9047,ENSFALG00000009248,LIAS,LIAS
9048,ENSFALG00000009249,KCNH8,KCNH8
9049,ENSFALG00000009250,ARL6IP4,ARL6IP4
9050,ENSFALG00000009251,CLRN2,CLRN2
9051,ENSFALG00000009252,QDPR,QDPR
9052,ENSFALG00000009253,PITPNM2,PITPNM2
9053,ENSFALG00000009254,DVL1,DVL1
9054,ENSFALG00000009255,MPHOSPH9,MPHOSPH9
9055,ENSFALG00000009256,Rpl9,RPL9
9056,ENSFALG00000009257,Nabp2,ENSFALG00000009257
9057,ENSFALG00000009258,SATB1,SATB1
9058,ENSFALG00000009259,Ldb2,LDB2
9059,ENSFALG00000009259,LDB2,LDB2
9060,ENSFALG00000009260,KLB,KLB
9061,ENSFALG00000009261,MTRFR,C12orf65
9062,ENSFALG00000009262,Carm1,ENSFALG00000009262
9063,ENSFALG00000009264,Pusl1,ENSFALG00000009264
9064,ENSFALG00000009265,CDK2AP1,CDK2AP1
9065,ENSFALG00000009266,TBC1D5,ENSFALG00000009266
9066,ENSFALG00000009267,TAPT1,TAPT1
9067,ENSFALG00000009268,ASIC5,ASIC5
9068,ENSFALG00000009269,HNRNPUL1,ENSFALG00000009269
9069,ENSFALG00000009270,Dph3,DPH3
9070,ENSFALG00000009271,RFC1,RFC1
9071,ENSFALG00000009272,GALNT15,GALNT15
9072,ENSFALG00000009273,SBNO1,SBNO1
9073,ENSFALG00000009274,ANKRD28,ANKRD28
9074,ENSFALG00000009275,HOMER3,ENSFALG00000009275
9075,ENSFALG00000009276,KMT5A,ENSFALG00000009276
9076,ENSFALG00000009277,BTD,BTD
9077,ENSFALG00000009278,PROM1,PROM1
9078,ENSFALG00000009281,RILPL2,RILPL2
9079,ENSFALG00000009282,Scn8a,ENSFALG00000009282
9080,ENSFALG00000009283,TSNARE1,TSNARE1
9081,ENSFALG00000009283,TSNARE1,TSNARE1
9082,ENSFALG00000009284,HACL1,HACL1
9083,ENSFALG00000009285,Opsr,ENSFALG00000009285
9084,ENSFALG00000009286,TDO2,TDO2
9085,ENSFALG00000009287,COPE,COPE
9086,ENSFALG00000009288,CD38,CD38
9087,ENSFALG00000009289,APBB3,APBB3
9088,ENSFALG00000009290,RILPL1,RILPL1
9089,ENSFALG00000009291,Foxe4,ENSFALG00000009291
9090,ENSFALG00000009292,Mxra8,MXRA8
9091,ENSFALG00000009293,THAP5,THAP5
9092,ENSFALG00000009294,Colq,COLQ
9093,ENSFALG00000009295,CMPK1,ENSFALG00000009295
9094,ENSFALG00000009296,Tmed2,TMED2
9095,ENSFALG00000009297,CTSO,CTSO
9096,ENSFALG00000009297,CTSO,CTSO
9097,ENSFALG00000009298,STIL,STIL
9098,ENSFALG00000009299,CERS1,ENSFALG00000009299
9099,ENSFALG00000009300,DDX55,DDX55
9100,ENSFALG00000009301,AURKAIP1,AURKAIP1
9101,ENSFALG00000009302,DNAJB9,DNAJB9
9102,ENSFALG00000009303,TAL1,TAL1
9103,ENSFALG00000009304,EIF2B1,EIF2B1
9104,ENSFALG00000009305,BST1,BST1
9105,ENSFALG00000009306,SRA1,SRA1
9106,ENSFALG00000009308,WDR19,WDR19
9107,ENSFALG00000009309,Immp2l,IMMP2L
9108,ENSFALG00000009310,PLEKHA8,PLEKHA8
9109,ENSFALG00000009311,PDZK1IP1,PDZK1IP1
9110,ENSFALG00000009312,UPF1,UPF1
9111,ENSFALG00000009313,GTF2H3,GTF2H3
9112,ENSFALG00000009314,ADGRB1,ADGRB1
9113,ENSFALG00000009315,ANKHD1,ENSFALG00000009315
9114,ENSFALG00000009316,IMMP2L,ENSFALG00000009316
9115,ENSFALG00000009317,FBXL5,FBXL5
9116,ENSFALG00000009318,KLHL5,KLHL5
9117,ENSFALG00000009319,CCNL2,CCNL2
9118,ENSFALG00000009320,FKBP14,FKBP14
9119,ENSFALG00000009321,TCTN2,TCTN2
9120,ENSFALG00000009322,TMEM156,ENSFALG00000009322
9121,ENSFALG00000009323,CC2D2A,CC2D2A
9122,ENSFALG00000009324,FAM114A1,FAM114A1
9123,ENSFALG00000009325,ATP6V0A2,ATP6V0A2
9124,ENSFALG00000009326,KLF3,KLF3
9125,ENSFALG00000009327,Cyp4b1,ENSFALG00000009327
9126,ENSFALG00000009328,C1QTNF7,C1QTNF7
9127,ENSFALG00000009329,TBC1D1,TBC1D1
9128,ENSFALG00000009330,DNAH10,ENSFALG00000009330
9129,ENSFALG00000009331,CPEB2,CPEB2
9130,ENSFALG00000009332,Syt10,SYT10
9131,ENSFALG00000009333,SCRN1,SCRN1
9132,ENSFALG00000009334,Mrpl20,MRPL20
9133,ENSFALG00000009335,PGM2,PGM2
9134,ENSFALG00000009336,CPEB2,ENSFALG00000009336
9135,ENSFALG00000009337,SLC4A9,SLC4A9
9136,ENSFALG00000009338,WIPF3,ENSFALG00000009338
9137,ENSFALG00000009339,DNAH10,ENSFALG00000009339
9138,ENSFALG00000009340,BOD1L1,BOD1L1
9139,ENSFALG00000009341,TMEM88B,ENSFALG00000009341
9140,ENSFALG00000009342,RELL1,RELL1
9141,ENSFALG00000009343,CHN2,ENSFALG00000009343
9142,ENSFALG00000009344,PKP2,PKP2
9143,ENSFALG00000009345,COMP,ENSFALG00000009345
9144,ENSFALG00000009346,VWA1,VWA1
9145,ENSFALG00000009347,RAB28,RAB28
9146,ENSFALG00000009349,CREB5,CREB5
9147,ENSFALG00000009350,ATAD3A,ATAD3A
9148,ENSFALG00000009351,C4orf19,C4orf19
9149,ENSFALG00000009352,NWD2,NWD2
9150,ENSFALG00000009353,STX8,STX8
9151,ENSFALG00000009354,TMEM240,TMEM240
9152,ENSFALG00000009355,CCDC92,CCDC92
9153,ENSFALG00000009356,Wdr1,WDR1
9154,ENSFALG00000009357,Ssu72,ENSFALG00000009357
9155,ENSFALG00000009358,RFLNA,RFLNA
9156,ENSFALG00000009360,ARAP2,ARAP2
9157,ENSFALG00000009361,MYLKSML,ENSFALG00000009361
9158,ENSFALG00000009362,Ntn1,NTN1
9159,ENSFALG00000009363,EFCAB14,EFCAB14
9160,ENSFALG00000009364,HEXIM1,HEXIM1
9161,ENSFALG00000009365,JAZF1,JAZF1
9162,ENSFALG00000009367,Atpaf1,ATPAF1
9163,ENSFALG00000009368,NCOR2,NCOR2
9164,ENSFALG00000009369,ACBD4,ACBD4
9165,ENSFALG00000009370,TAX1BP1,TAX1BP1
9166,ENSFALG00000009371,COL26A1,ENSFALG00000009371
9167,ENSFALG00000009372,DOCK4,DOCK4
9168,ENSFALG00000009373,Golim4,ENSFALG00000009373
9169,ENSFALG00000009374,MOB3C,MOB3C
9170,ENSFALG00000009375,HSD3B7,ENSFALG00000009375
9171,ENSFALG00000009376,HIBADH,HIBADH
9172,ENSFALG00000009377,CRTC1,CRTC1
9173,ENSFALG00000009378,MKNK1,ENSFALG00000009378
9174,ENSFALG00000009379,MIB2,MIB2
9175,ENSFALG00000009380,MYL10,ENSFALG00000009380
9176,ENSFALG00000009381,SLC2A9,SLC2A9
9177,ENSFALG00000009382,EVX1,EVX1
9178,ENSFALG00000009383,Fkbp8,FKBP8
9179,ENSFALG00000009384,DMBX1,DMBX1
9180,ENSFALG00000009385,SCARB1,SCARB1
9181,ENSFALG00000009386,PIK3R5,PIK3R5
9182,ENSFALG00000009387,DRD5,DRD5
9183,ENSFALG00000009388,MMP23B,MMP23B
9184,ENSFALG00000009390,PLCD3,PLCD3
9185,ENSFALG00000009391,TMEM59L,TMEM59L
9186,ENSFALG00000009392,CDK11A,ENSFALG00000009392
9187,ENSFALG00000009393,LRRC14,ENSFALG00000009393
9188,ENSFALG00000009394,OTOP1,OTOP1
9189,ENSFALG00000009395,AAEL000795,ENSFALG00000009395
9190,ENSFALG00000009396,HBEGF,HBEGF
9191,ENSFALG00000009397,INSYN1,INSYN1
9192,ENSFALG00000009398,SLC35E2B,SLC35E2B
9193,ENSFALG00000009399,LRRC14,ENSFALG00000009399
9194,ENSFALG00000009400,FAAH,FAAH
9195,ENSFALG00000009402,CD276,CD276
9196,ENSFALG00000009403,DHX37,DHX37
9197,ENSFALG00000009404,CRLF1,CRLF1
9198,ENSFALG00000009405,LRRC14,ENSFALG00000009405
9199,ENSFALG00000009406,TMEM128,TMEM128
9200,ENSFALG00000009407,Hoxa13,ENSFALG00000009407
9201,ENSFALG00000009408,Pfdn1,PFDN1
9202,ENSFALG00000009408,Pfdn1,PFDN1
9203,ENSFALG00000009409,CUX1,CUX1
9204,ENSFALG00000009410,PIK3R6,PIK3R6
9205,ENSFALG00000009411,NADK,NADK
9206,ENSFALG00000009412,Kxd1,KXD1
9207,ENSFALG00000009413,Nmt1,NMT1
9208,ENSFALG00000009414,NPTN,NPTN
9209,ENSFALG00000009415,BRI3BP,BRI3BP
9210,ENSFALG00000009416,LRRC14,ENSFALG00000009416
9211,ENSFALG00000009417,LYAR,LYAR
9212,ENSFALG00000009418,Hoxa11,HOXA11
9213,ENSFALG00000009420,Cystm1,ENSFALG00000009420
9214,ENSFALG00000009421,DCAKD,DCAKD
9215,ENSFALG00000009422,AACS,AACS
9216,ENSFALG00000009423,C8orf82,C8orf82
9217,ENSFALG00000009424,ELL,ELL
9218,ENSFALG00000009425,CCDC42,ENSFALG00000009425
9219,ENSFALG00000009426,ZBTB49,ZBTB49
9220,ENSFALG00000009427,HOXA10,HOXA10
9221,ENSFALG00000009428,NRG2,NRG2
9222,ENSFALG00000009429,VDHAP,ENSFALG00000009429
9223,ENSFALG00000009430,C1QL1,ENSFALG00000009430
9224,ENSFALG00000009431,TMEM132B,TMEM132B
9225,ENSFALG00000009432,GNB1,GNB1
9226,ENSFALG00000009433,LRRC14,ENSFALG00000009433
9227,ENSFALG00000009434,REC114,REC114
9228,ENSFALG00000009435,Hoxa9,ENSFALG00000009435
9229,ENSFALG00000009436,PLEKHM1,PLEKHM1
9230,ENSFALG00000009437,Usp43,ENSFALG00000009437
9231,ENSFALG00000009437,Usp43,ENSFALG00000009437
9232,ENSFALG00000009438,NSUN4,NSUN4
9233,ENSFALG00000009439,TMEM52,TMEM52
9234,ENSFALG00000009440,Hoxa7,HOXA7
9235,ENSFALG00000009441,ARHGAP39,ARHGAP39
9236,ENSFALG00000009442,NSG1,NSG1
9237,ENSFALG00000009443,TMEM132C,TMEM132C
9238,ENSFALG00000009444,Hcn4,HCN4
9239,ENSFALG00000009445,PSD2,PSD2
9240,ENSFALG00000009446,ISYNA1,ISYNA1
9241,ENSFALG00000009447,CFAP74,ENSFALG00000009447
9242,ENSFALG00000009448,ARHGAP27,ARHGAP27
9243,ENSFALG00000009450,HOXA6,HOXA6
9244,ENSFALG00000009451,Uqcrh,ENSFALG00000009451
9245,ENSFALG00000009452,ARHGAP44,ENSFALG00000009452
9246,ENSFALG00000009453,GDF15,ENSFALG00000009453
9247,ENSFALG00000009454,CUX1,ENSFALG00000009454
9248,ENSFALG00000009455,STX18,STX18
9249,ENSFALG00000009457,CFAP74,ENSFALG00000009457
9250,ENSFALG00000009458,HOXA5,HOXA5
9251,ENSFALG00000009459,SLC15A4,SLC15A4
9252,ENSFALG00000009460,PSD2,ENSFALG00000009460
9253,ENSFALG00000009461,LRRC41,LRRC41
9254,ENSFALG00000009462,PGPEP1,PGPEP1
9255,ENSFALG00000009464,Msx1,MSX1
9256,ENSFALG00000009465,Tmem98,TMEM98
9257,ENSFALG00000009466,GLT1D1,GLT1D1
9258,ENSFALG00000009467,CXXC5,CXXC5
9259,ENSFALG00000009468,CYTL1,CYTL1
9260,ENSFALG00000009469,GFUS,TSTA3
9261,ENSFALG00000009470,GABRD,GABRD
9262,ENSFALG00000009471,Sh2b2,SH2B2
9263,ENSFALG00000009472,Grn,ENSFALG00000009472
9264,ENSFALG00000009473,NEO1,NEO1
9265,ENSFALG00000009474,UBE2D2,UBE2D2
9266,ENSFALG00000009475,HOXA3,HOXA3
9267,ENSFALG00000009476,Stk32b,STK32B
9268,ENSFALG00000009477,PRKCZ,PRKCZ
9269,ENSFALG00000009478,LSM4,LSM4
9270,ENSFALG00000009479,Pycr3,PYCR3
9271,ENSFALG00000009480,RAD54L,RAD54L
9272,ENSFALG00000009481,Tmem132d,ENSFALG00000009481
9273,ENSFALG00000009482,STING1,TMEM173
9274,ENSFALG00000009483,Hoxa2,ENSFALG00000009483
9275,ENSFALG00000009484,NAPRT,NAPRT
9276,ENSFALG00000009484,NAPRT,NAPRT
9277,ENSFALG00000009485,PRKRIP1,PRKRIP1
9278,ENSFALG00000009486,SKI,SKI
9279,ENSFALG00000009486,SKI,SKI
9280,ENSFALG00000009487,CYP2AF1,ENSFALG00000009487
9281,ENSFALG00000009488,EVC2,EVC2
9282,ENSFALG00000009489,SLC35A4,SLC35A4
9283,ENSFALG00000009490,HOXA1,HOXA1
9284,ENSFALG00000009490,Hoxa1,HOXA1
9285,ENSFALG00000009491,Tigd5,TIGD5
9286,ENSFALG00000009492,PIWIL1,PIWIL1
9287,ENSFALG00000009493,ZNF277,ZNF277
9288,ENSFALG00000009494,Rer1,RER1
9289,ENSFALG00000009495,TMCO6,TMCO6
9290,ENSFALG00000009496,IFRD1,IFRD1
9291,ENSFALG00000009497,ITGA2B,ITGA2B
9292,ENSFALG00000009498,Eef1d,EEF1D
9293,ENSFALG00000009499,ORAI2,ORAI2
9294,ENSFALG00000009500,LSMEM1,LSMEM1
9295,ENSFALG00000009501,PEX10,PEX10
9296,ENSFALG00000009502,Ndufa2,NDUFA2
9297,ENSFALG00000009503,SKAP2,SKAP2
9298,ENSFALG00000009504,Lurap1,LURAP1
9299,ENSFALG00000009505,TMEM168,TMEM168
9300,ENSFALG00000009506,Alkbh4,ALKBH4
9301,ENSFALG00000009507,EVC,EVC
9302,ENSFALG00000009508,IK,IK
9303,ENSFALG00000009509,Fbxw10,ENSFALG00000009509
9304,ENSFALG00000009510,POMGNT1,POMGNT1
9305,ENSFALG00000009511,Adpgk,ADPGK
9306,ENSFALG00000009512,LRWD1,LRWD1
9307,ENSFALG00000009513,DND1,DND1
9308,ENSFALG00000009515,Rimbp2,RIMBP2
9309,ENSFALG00000009515,RIMBP2,RIMBP2
9310,ENSFALG00000009516,TSPAN1,TSPAN1
9311,ENSFALG00000009517,TVP23B,TVP23B
9312,ENSFALG00000009518,BMT2,BMT2
9313,ENSFALG00000009519,Plch2,PLCH2
9314,ENSFALG00000009520,TEKT3,TEKT3
9315,ENSFALG00000009521,PIK3R3,ENSFALG00000009521
9316,ENSFALG00000009522,SNX10,SNX10
9317,ENSFALG00000009523,POLR2J,POLR2J
9318,ENSFALG00000009524,CBX3,CBX3
9319,ENSFALG00000009525,PPP1R3A,PPP1R3A
9320,ENSFALG00000009526,PMP22,PMP22
9321,ENSFALG00000009527,HNRNPA2B1,HNRNPA2B1
9322,ENSFALG00000009528,MAST2,MAST2
9323,ENSFALG00000009529,BBS4,BBS4
9324,ENSFALG00000009530,FOXP2,FOXP2
9325,ENSFALG00000009531,Lcp2,LCP2
9326,ENSFALG00000009533,RASA4,ENSFALG00000009533
9327,ENSFALG00000009534,HS3ST3B1,ENSFALG00000009534
9328,ENSFALG00000009535,Rbp,ENSFALG00000009535
9329,ENSFALG00000009536,Hs3st3a1,ENSFALG00000009536
9330,ENSFALG00000009537,NFE2L3,NFE2L3
9331,ENSFALG00000009538,ZC3H3,ZC3H3
9332,ENSFALG00000009539,KBP,ENSFALG00000009539
9333,ENSFALG00000009540,Upk3bl1,ENSFALG00000009540
9334,ENSFALG00000009541,GnIH,NPVF
9335,ENSFALG00000009542,COX10,COX10
9336,ENSFALG00000009543,STX2,STX2
9337,ENSFALG00000009544,IPP,IPP
9338,ENSFALG00000009545,RHPN1,RHPN1
9339,ENSFALG00000009546,Upk3b,ENSFALG00000009546
9340,ENSFALG00000009547,TMEM69,TMEM69
9341,ENSFALG00000009548,GPBP1L1,GPBP1L1
9342,ENSFALG00000009549,ARIH1,ARIH1
9343,ENSFALG00000009550,PANK4,PANK4
9344,ENSFALG00000009552,Cyc,ENSFALG00000009552
9345,ENSFALG00000009553,Ccdc17,ENSFALG00000009553
9346,ENSFALG00000009554,Gpatch8,GPATCH8
9347,ENSFALG00000009555,OSBPL3,OSBPL3
9348,ENSFALG00000009556,FOXI1,FOXI1
9349,ENSFALG00000009557,CRMP1,CRMP1
9350,ENSFALG00000009557,CRMP1,CRMP1
9351,ENSFALG00000009558,HES5,ENSFALG00000009558
9352,ENSFALG00000009559,TOP1MT,TOP1MT
9353,ENSFALG00000009560,RAN,RAN
9354,ENSFALG00000009561,DTX2,DTX2
9355,ENSFALG00000009562,HEXA,ENSFALG00000009562
9356,ENSFALG00000009563,Psmd11,PSMD11
9357,ENSFALG00000009564,Cald1,CALD1
9358,ENSFALG00000009565,Hes5,ENSFALG00000009565
9359,ENSFALG00000009566,NASP,NASP
9360,ENSFALG00000009567,MMEL1,MMEL1
9361,ENSFALG00000009568,GSDME,GSDME
9362,ENSFALG00000009569,ADGRD1,ADGRD1
9363,ENSFALG00000009570,TTC34,TTC34
9364,ENSFALG00000009571,PALS2,MPP6
9365,ENSFALG00000009572,MYO1D,MYO1D
9366,ENSFALG00000009573,BPGM,BPGM
9367,ENSFALG00000009575,Ssc4d,ENSFALG00000009575
9368,ENSFALG00000009577,SFSWAP,SFSWAP
9369,ENSFALG00000009579,SSC4D,ENSFALG00000009579
9370,ENSFALG00000009580,PRDM16,PRDM16
9371,ENSFALG00000009582,NPY,NPY
9372,ENSFALG00000009584,CELF6,ENSFALG00000009584
9373,ENSFALG00000009585,Mmp17,MMP17
9374,ENSFALG00000009587,HSPB1,HSPB1
9375,ENSFALG00000009588,FAM221A,FAM221A
9376,ENSFALG00000009590,MAP3K14,MAP3K14
9377,ENSFALG00000009592,Sim1,SIM1
9378,ENSFALG00000009593,DOCK2,DOCK2
9379,ENSFALG00000009594,Akr1b1,ENSFALG00000009594
9380,ENSFALG00000009595,JAKMIP1,JAKMIP1
9381,ENSFALG00000009596,FMNL1,ENSFALG00000009596
9382,ENSFALG00000009597,ARHGEF16,ARHGEF16
9383,ENSFALG00000009598,CCDC126,CCDC126
9384,ENSFALG00000009599,Lypd2,ENSFALG00000009599
9385,ENSFALG00000009600,AKR1A1,AKR1A1
9386,ENSFALG00000009601,Prdm13,ENSFALG00000009601
9387,ENSFALG00000009602,USP18,ENSFALG00000009602
9388,ENSFALG00000009603,Srrm3,SRRM3
9389,ENSFALG00000009603,SRRM3,SRRM3
9390,ENSFALG00000009605,TRA2A,TRA2A
9391,ENSFALG00000009606,Fmnl1,ENSFALG00000009606
9392,ENSFALG00000009607,WFS1,WFS1
9393,ENSFALG00000009608,Ccnc,CCNC
9394,ENSFALG00000009609,TUBA8,TUBA8
9395,ENSFALG00000009610,PSCA,PSCA
9396,ENSFALG00000009611,PEX26,PEX26
9397,ENSFALG00000009612,TSTD3,ENSFALG00000009612
9398,ENSFALG00000009613,Megf6,MEGF6
9399,ENSFALG00000009613,Megf6,MEGF6
9400,ENSFALG00000009613,Pear1,MEGF6
9401,ENSFALG00000009614,USP45,USP45
9402,ENSFALG00000009615,IGF2BP3,IGF2BP3
9403,ENSFALG00000009616,Parp6,PARP6
9404,ENSFALG00000009617,PPP2R2C,ENSFALG00000009617
9405,ENSFALG00000009618,BRD1,BRD1
9406,ENSFALG00000009619,MICAL3,MICAL3
9407,ENSFALG00000009620,Mdh2,MDH2
9408,ENSFALG00000009621,PNISR,PNISR
9409,ENSFALG00000009622,Tprg1l,TPRG1L
9410,ENSFALG00000009623,COQ3,COQ3
9411,ENSFALG00000009624,WRAP73,WRAP73
9412,ENSFALG00000009625,TP73,TP73
9413,ENSFALG00000009626,PRDX1,PRDX1
9414,ENSFALG00000009626,PRDX1,PRDX1
9415,ENSFALG00000009627,MALSU1,MALSU1
9416,ENSFALG00000009628,ALG12,ALG12
9417,ENSFALG00000009629,Faxc,FAXC
9418,ENSFALG00000009630,MAN2B2,MAN2B2
9419,ENSFALG00000009631,LRRC47,LRRC47
9420,ENSFALG00000009632,BID,ENSFALG00000009632
9421,ENSFALG00000009633,S100p,S100P
9422,ENSFALG00000009634,MMACHC,MMACHC
9423,ENSFALG00000009635,BCL2L13,BCL2L13
9424,ENSFALG00000009636,FBXL4,FBXL4
9425,ENSFALG00000009637,Ccdc27,ENSFALG00000009637
9426,ENSFALG00000009638,CRELD2,CRELD2
9427,ENSFALG00000009640,CEP104,CEP104
9428,ENSFALG00000009641,KIAA0232,KIAA0232
9429,ENSFALG00000009642,MMS22L,MMS22L
9430,ENSFALG00000009644,Styxl1,ENSFALG00000009644
9431,ENSFALG00000009645,ATP6V1E1,ENSFALG00000009645
9432,ENSFALG00000009646,GPNMB,GPNMB
9433,ENSFALG00000009647,Dffb,DFFB
9434,ENSFALG00000009648,PKM,PKM
9435,ENSFALG00000009649,KLHL32,KLHL32
9436,ENSFALG00000009650,TBC1D14,TBC1D14
9437,ENSFALG00000009651,Ndufaf4,NDUFAF4
9438,ENSFALG00000009652,Ca174,ENSFALG00000009652
9439,ENSFALG00000009652,Ca174,ENSFALG00000009652
9440,ENSFALG00000009653,Nupl2,NUP42
9441,ENSFALG00000009654,Tada2b,TADA2B
9442,ENSFALG00000009655,Pim3,PIM3
9443,ENSFALG00000009656,Ajap1,AJAP1
9444,ENSFALG00000009657,FHL5,FHL5
9445,ENSFALG00000009658,Grpel1,GRPEL1
9446,ENSFALG00000009659,IL17REL,IL17REL
9447,ENSFALG00000009660,UFL1,UFL1
9448,ENSFALG00000009661,LMO3,LMO3
9449,ENSFALG00000009662,SORCS2,ENSFALG00000009662
9450,ENSFALG00000009663,Mlc1,MLC1
9451,ENSFALG00000009664,MGST1,MGST1
9452,ENSFALG00000009665,Fut9,FUT9
9453,ENSFALG00000009666,SORCS2,ENSFALG00000009666
9454,ENSFALG00000009667,GRAMD2A,GRAMD2A
9455,ENSFALG00000009668,NPHP4,NPHP4
9456,ENSFALG00000009669,TMEM120A,TMEM120A
9457,ENSFALG00000009670,MANEA,MANEA
9458,ENSFALG00000009671,MOV10L1,MOV10L1
9459,ENSFALG00000009672,SLC15A5,SLC15A5
9460,ENSFALG00000009673,AFAP1,AFAP1
9461,ENSFALG00000009674,Senp8,SENP8
9462,ENSFALG00000009675,PANX2,PANX2
9463,ENSFALG00000009676,ABLIM2,ABLIM2
9464,ENSFALG00000009677,SH3TC1,SH3TC1
9465,ENSFALG00000009678,INSYN2B,INSYN2B
9466,ENSFALG00000009679,MYO9A,MYO9A
9467,ENSFALG00000009680,HTRA3,HTRA3
9468,ENSFALG00000009681,DERA,DERA
9469,ENSFALG00000009681,DERA,DERA
9470,ENSFALG00000009682,SPDL1,SPDL1
9471,ENSFALG00000009683,TRABD,TRABD
9472,ENSFALG00000009683,TRABD,TRABD
9473,ENSFALG00000009684,ACOX3,ACOX3
9474,ENSFALG00000009685,SLIT3,SLIT3
9475,ENSFALG00000009686,TRMT44,TRMT44
9476,ENSFALG00000009687,PANK3,PANK3
9477,ENSFALG00000009688,POR,POR
9478,ENSFALG00000009689,KLHL7,KLHL7
9479,ENSFALG00000009691,SELENOO,SELENOO
9480,ENSFALG00000009692,GPR78,ENSFALG00000009692
9481,ENSFALG00000009693,Rhbdd2,ENSFALG00000009693
9482,ENSFALG00000009695,STRAP,STRAP
9483,ENSFALG00000009696,TAF15,TAF15
9484,ENSFALG00000009697,CPZ,CPZ
9485,ENSFALG00000009698,TUBGCP6,TUBGCP6
9486,ENSFALG00000009699,Nr2e3,NR2E3
9487,ENSFALG00000009700,RARS1,RARS
9488,ENSFALG00000009701,MMP28,MMP28
9489,ENSFALG00000009702,WWC1,WWC1
9490,ENSFALG00000009703,KCNAB2,KCNAB2
9491,ENSFALG00000009703,KCNAB2,KCNAB2
9492,ENSFALG00000009705,Gas2l2,ENSFALG00000009705
9493,ENSFALG00000009705,Gas2l2,ENSFALG00000009705
9494,ENSFALG00000009706,Hmx1,ENSFALG00000009706
9495,ENSFALG00000009707,TENM2,TENM2
9496,ENSFALG00000009708,Ccl3,ENSFALG00000009708
9497,ENSFALG00000009709,HDAC10,HDAC10
9498,ENSFALG00000009711,RASL10B,RASL10B
9499,ENSFALG00000009712,EPS8,EPS8
9500,ENSFALG00000009713,LRPAP1,LRPAP1
9501,ENSFALG00000009715,AP2B1,AP2B1
9502,ENSFALG00000009716,FAM126A,FAM126A
9503,ENSFALG00000009716,FAM126A,FAM126A
9504,ENSFALG00000009717,Lar,ENSFALG00000009717
9505,ENSFALG00000009718,Mapk12,MAPK12
9506,ENSFALG00000009719,PEX12,PEX12
9507,ENSFALG00000009720,Rusc2,RUSC2
9508,ENSFALG00000009721,UNC45B,UNC45B
9509,ENSFALG00000009722,DOK7,DOK7
9510,ENSFALG00000009723,HGFAC,HGFAC
9511,ENSFALG00000009724,Atp8b5,ENSFALG00000009724
9512,ENSFALG00000009725,Ap3b2,AP3B2
9513,ENSFALG00000009726,RAD51D,RAD51D
9514,ENSFALG00000009727,RGS12,RGS12
9515,ENSFALG00000009728,RNF180,RNF180
9516,ENSFALG00000009729,Msantd1,MSANTD1
9517,ENSFALG00000009730,RFFL,ENSFALG00000009730
9518,ENSFALG00000009731,UNC13B,UNC13B
9519,ENSFALG00000009732,Il6,IL6
9520,ENSFALG00000009732,IL6,IL6
9521,ENSFALG00000009733,RGS7BP,RGS7BP
9522,ENSFALG00000009734,SREK1IP1,SREK1IP1
9523,ENSFALG00000009736,MAPK11,MAPK11
9524,ENSFALG00000009737,CWC27,CWC27
9525,ENSFALG00000009738,RAPGEF5,RAPGEF5
9526,ENSFALG00000009739,ATOSB,FAM214B
9527,ENSFALG00000009740,CHD5,CHD5
9528,ENSFALG00000009741,HTT,HTT
9529,ENSFALG00000009742,ADAMTS6,ADAMTS6
9530,ENSFALG00000009743,LIG3,LIG3
9531,ENSFALG00000009743,LIG3,LIG3
9532,ENSFALG00000009744,CDCA7L,CDCA7L
9533,ENSFALG00000009745,CPEB1,ENSFALG00000009745
9534,ENSFALG00000009746,LMAN1,LMAN1
9535,ENSFALG00000009747,STOML2,STOML2
9536,ENSFALG00000009748,SP4,SP4
9537,ENSFALG00000009749,ABCB5,ENSFALG00000009749
9538,ENSFALG00000009750,Terb2,TERB2
9539,ENSFALG00000009751,CPLX4,CPLX4
9540,ENSFALG00000009752,ITGB8,ITGB8
9541,ENSFALG00000009753,RPS17,RPS17
9542,ENSFALG00000009754,CENPK,CENPK
9543,ENSFALG00000009755,Rx2,ENSFALG00000009755
9544,ENSFALG00000009756,MACC1,MACC1
9545,ENSFALG00000009757,PIGO,PIGO
9546,ENSFALG00000009758,TMEM196,TMEM196
9547,ENSFALG00000009759,GRP,GRP
9548,ENSFALG00000009760,PPWD1,PPWD1
9549,ENSFALG00000009761,POLR1F,TWISTNB
9550,ENSFALG00000009762,B2m,B2M
9551,ENSFALG00000009763,SEC11C,SEC11C
9552,ENSFALG00000009764,Trim23,TRIM23
9553,ENSFALG00000009765,Col26a1,ENSFALG00000009765
9554,ENSFALG00000009766,ZNF532,ZNF532
9555,ENSFALG00000009767,PLXNB2,PLXNB2
9556,ENSFALG00000009768,PATL2,PATL2
9557,ENSFALG00000009769,TRAPPC13,TRAPPC13
9558,ENSFALG00000009770,IFT22,IFT22
9559,ENSFALG00000009771,RABEP1,RABEP1
9560,ENSFALG00000009772,Fancg,FANCG
9561,ENSFALG00000009773,MALT1,MALT1
9562,ENSFALG00000009774,SGTB,SGTB
9563,ENSFALG00000009775,NUP88,NUP88
9564,ENSFALG00000009776,Rpl22,ENSFALG00000009776
9565,ENSFALG00000009777,Snx1,SNX1
9566,ENSFALG00000009778,RPAIN,RPAIN
9567,ENSFALG00000009779,RNF207,RNF207
9568,ENSFALG00000009780,VCP,VCP
9569,ENSFALG00000009781,TWIST1,TWIST1
9570,ENSFALG00000009782,C1QBP,C1QBP
9571,ENSFALG00000009783,ALPK2,ENSFALG00000009783
9572,ENSFALG00000009784,DNAJB5,DNAJB5
9573,ENSFALG00000009785,DHX33,DHX33
9574,ENSFALG00000009786,GRK4,GRK4
9575,ENSFALG00000009787,PHF24,PHF24
9576,ENSFALG00000009788,Icmt,ICMT
9577,ENSFALG00000009789,Derl2,DERL2
9578,ENSFALG00000009790,CCL21,CCL19
9579,ENSFALG00000009791,C2cd2l,C2CD2L
9580,ENSFALG00000009792,NLN,NLN
9581,ENSFALG00000009793,Ccl19,ENSFALG00000009793
9582,ENSFALG00000009794,SNX22,SNX22
9583,ENSFALG00000009795,ACOT7,ACOT7
9584,ENSFALG00000009796,Zbtb48,ZBTB48
9585,ENSFALG00000009797,Espn,ENSFALG00000009797
9586,ENSFALG00000009798,PPIB,PPIB
9587,ENSFALG00000009799,IL11RA,ENSFALG00000009799
9588,ENSFALG00000009799,IL11RA,ENSFALG00000009799
9589,ENSFALG00000009800,NOP14,NOP14
9590,ENSFALG00000009801,TNFRSF25,TNFRSF25
9591,ENSFALG00000009802,CAMKK1,CAMKK1
9592,ENSFALG00000009803,DPAGT1,DPAGT1
9593,ENSFALG00000009804,MFSD10,ENSFALG00000009804
9594,ENSFALG00000009805,Hdac9,HDAC9
9595,ENSFALG00000009806,ERBIN,ERBIN
9596,ENSFALG00000009807,HMBS,HMBS
9597,ENSFALG00000009808,CSNK1G1,CSNK1G1
9598,ENSFALG00000009809,Plekhg5,PLEKHG5
9599,ENSFALG00000009810,ZNF800,ZNF800
9600,ENSFALG00000009811,ADD1,ADD1
9601,ENSFALG00000009812,VPS11,VPS11
9602,ENSFALG00000009813,CNTFR,CNTFR
9603,ENSFALG00000009813,CNTFR,CNTFR
9604,ENSFALG00000009814,P2RX1,P2RX1
9605,ENSFALG00000009815,FAM19A2,TAFA2
9606,ENSFALG00000009816,TRIP4,TRIP4
9607,ENSFALG00000009817,Grm8,GRM8
9608,ENSFALG00000009818,NOL9,NOL9
9609,ENSFALG00000009819,ZNF609,ZNF609
9610,ENSFALG00000009820,GALT,GALT
9611,ENSFALG00000009821,USP15,USP15
9612,ENSFALG00000009822,TAS1R1,TAS1R1
9613,ENSFALG00000009823,OAZ2,OAZ2
9614,ENSFALG00000009824,Klhl21,KLHL21
9615,ENSFALG00000009825,Sigmar1,SIGMAR1
9616,ENSFALG00000009826,SH3BP2,SH3BP2
9617,ENSFALG00000009827,Phf13,PHF13
9618,ENSFALG00000009828,MON2,MON2
9619,ENSFALG00000009829,Dnajc11,DNAJC11
9620,ENSFALG00000009830,TNIP2,TNIP2
9621,ENSFALG00000009831,DDX6,DDX6
9622,ENSFALG00000009832,Arid3a,ARID3C
9623,ENSFALG00000009833,FAM193A,FAM193A
9624,ENSFALG00000009834,CAMTA1,CAMTA1
9625,ENSFALG00000009835,SREK1,SREK1
9626,ENSFALG00000009836,ZNF609,RBPMS2
9627,ENSFALG00000009837,BCL9L,BCL9L
9628,ENSFALG00000009838,POT1,POT1
9629,ENSFALG00000009839,Sdk2,ENSFALG00000009839
9630,ENSFALG00000009840,VAMP3,VAMP3
9631,ENSFALG00000009841,PPM1H,PPM1H
9632,ENSFALG00000009842,RNF4,RNF4
9633,ENSFALG00000009844,MAST4,MAST4
9634,ENSFALG00000009845,Dctn3,DCTN3
9635,ENSFALG00000009846,Ccdc84,CCDC84
9636,ENSFALG00000009847,SORD,SORD
9637,ENSFALG00000009848,Rps25,ENSFALG00000009848
9638,ENSFALG00000009849,PIK3R1,PIK3R1
9639,ENSFALG00000009850,SLC37A4,SLC37A4
9640,ENSFALG00000009851,SLC30A5,SLC30A5
9641,ENSFALG00000009852,Avpr1a,AVPR1A
9642,ENSFALG00000009853,CFAP99,CFAP99
9643,ENSFALG00000009853,Cfap99,CFAP99
9644,ENSFALG00000009854,PER3,PER3
9645,ENSFALG00000009855,DNAI1,DNAI1
9646,ENSFALG00000009856,TRAPPC4,TRAPPC4
9647,ENSFALG00000009857,GPR37,GPR37
9648,ENSFALG00000009859,SNX13,SNX13
9649,ENSFALG00000009860,RXYLT1,RXYLT1
9650,ENSFALG00000009861,ZFYVE28,ZFYVE28
9651,ENSFALG00000009862,Duox2,DUOX2
9652,ENSFALG00000009863,CENPH,ENSFALG00000009863
9653,ENSFALG00000009864,FAM219A,FAM219A
9654,ENSFALG00000009866,MRPS36,MRPS36
9655,ENSFALG00000009867,ARL8BL,ENSFALG00000009867
9656,ENSFALG00000009868,Mxd4,MXD4
9657,ENSFALG00000009869,HYOU1,HYOU1
9658,ENSFALG00000009870,Myorg,ENSFALG00000009870
9659,ENSFALG00000009871,CDK7,CDK7
9660,ENSFALG00000009872,HAUS3,HAUS3
9661,ENSFALG00000009875,SERINC5,SERINC5
9662,ENSFALG00000009876,NUDT2,NUDT2
9663,ENSFALG00000009877,SPAM1,SPAM1
9664,ENSFALG00000009878,THBS4,ENSFALG00000009878
9665,ENSFALG00000009879,Hyal,ENSFALG00000009879
9666,ENSFALG00000009880,POLN,POLN
9667,ENSFALG00000009881,KIF24,KIF24
9668,ENSFALG00000009882,SRGAP1,SRGAP1
9669,ENSFALG00000009883,ATP2A3,ATP2A3
9670,ENSFALG00000009884,MTX3,MTX3
9671,ENSFALG00000009885,PHLDB1,PHLDB1
9672,ENSFALG00000009886,UTS2,UTS2
9673,ENSFALG00000009886,UTS2,UTS2
9674,ENSFALG00000009887,UBAP1,UBAP1
9675,ENSFALG00000009888,Wasl,WASL
9676,ENSFALG00000009889,TNFRSF9,TNFRSF9
9677,ENSFALG00000009890,NAT8L,NAT8L
9678,ENSFALG00000009891,CMYA5,ENSFALG00000009891
9679,ENSFALG00000009891,CMYA5,ENSFALG00000009891
9680,ENSFALG00000009892,DUOXA2,ENSFALG00000009892
9681,ENSFALG00000009893,NICOL1,C4orf48
9682,ENSFALG00000009894,Dcaf12,DCAF12
9683,ENSFALG00000009895,Cd048,ENSFALG00000009895
9684,ENSFALG00000009896,Duoxa1,ENSFALG00000009896
9685,ENSFALG00000009897,CMYA5,ENSFALG00000009897
9686,ENSFALG00000009898,LMOD2,LMOD2
9687,ENSFALG00000009899,Park7,PARK7
9688,ENSFALG00000009899,PARK7,PARK7
9689,ENSFALG00000009900,NDUFA5,NDUFA5
9690,ENSFALG00000009901,TENT2,TENT2
9691,ENSFALG00000009902,NMB,NMB
9692,ENSFALG00000009903,Iqub,IQUB
9693,ENSFALG00000009904,AHR,ENSFALG00000009904
9694,ENSFALG00000009905,NELFA,NELFA
9695,ENSFALG00000009906,HOMER1,HOMER1
9696,ENSFALG00000009907,SEC11A,SEC11A
9697,ENSFALG00000009908,Atp6ap1,ENSFALG00000009908
9698,ENSFALG00000009909,ERRFI1,ERRFI1
9699,ENSFALG00000009910,AGR3,AGR3
9700,ENSFALG00000009911,Slc13a1,SLC13A1
9701,ENSFALG00000009912,ARCN1,ARCN1
9702,ENSFALG00000009913,SLC45A1,SLC45A1
9703,ENSFALG00000009914,JMY,JMY
9704,ENSFALG00000009915,CADPS2,CADPS2
9705,ENSFALG00000009916,ZNF592,ZNF592
9706,ENSFALG00000009917,MRPS16,MRPS16
9707,ENSFALG00000009919,TMEM51,TMEM51
9708,ENSFALG00000009920,AGR2,AGR2
9709,ENSFALG00000009921,Srgap1,ENSFALG00000009921
9710,ENSFALG00000009922,Svep1,ENSFALG00000009922
9711,ENSFALG00000009923,FEZF1,FEZF1
9712,ENSFALG00000009924,KAZN,KAZN
9713,ENSFALG00000009925,TSPAN13,TSPAN13
9714,ENSFALG00000009926,C1AH12orf66,C12orf66
9715,ENSFALG00000009928,NSD2,NSD2
9716,ENSFALG00000009929,IFT46,IFT46
9717,ENSFALG00000009930,TAFA5,TAFA5
9718,ENSFALG00000009931,BZW2,BZW2
9719,ENSFALG00000009932,RPL18A,RPL18A
9720,ENSFALG00000009933,Bhmt,ENSFALG00000009933
9721,ENSFALG00000009935,UBAP2,UBAP2
9722,ENSFALG00000009936,AASS,AASS
9723,ENSFALG00000009937,Alpk3,ALPK3
9724,ENSFALG00000009938,XPOT,XPOT
9725,ENSFALG00000009939,TBC1D22A,TBC1D22A
9726,ENSFALG00000009940,Letm1,LETM1
9727,ENSFALG00000009941,PRDM2,PRDM2
9728,ENSFALG00000009942,TMEM25,TMEM25
9729,ENSFALG00000009943,PTPRZ1,PTPRZ1
9730,ENSFALG00000009945,ANKMY2,ANKMY2
9731,ENSFALG00000009946,TBK1,TBK1
9732,ENSFALG00000009947,Pdpn,ENSFALG00000009947
9733,ENSFALG00000009948,TTC36,TTC36
9734,ENSFALG00000009949,DMGDH,DMGDH
9735,ENSFALG00000009950,FAM3C,FAM3C
9736,ENSFALG00000009951,LRRC38,LRRC38
9737,ENSFALG00000009953,Wnt16,WNT16
9738,ENSFALG00000009954,RASSF3,RASSF3
9739,ENSFALG00000009956,ARSB,ARSB
9740,ENSFALG00000009957,FGFR3,FGFR3
9741,ENSFALG00000009958,Slc28a1,ENSFALG00000009958
9742,ENSFALG00000009959,KMT2A,ENSFALG00000009959
9743,ENSFALG00000009961,LRRC72,ENSFALG00000009961
9744,ENSFALG00000009962,CERK,CERK
9745,ENSFALG00000009962,CERK,CERK
9746,ENSFALG00000009963,CPED1,CPED1
9747,ENSFALG00000009963,CPED1,CPED1
9748,ENSFALG00000009964,Aadacl3,ENSFALG00000009964
9749,ENSFALG00000009965,LHFPL2,LHFPL2
9750,ENSFALG00000009966,ATP5MG,ENSFALG00000009966
9751,ENSFALG00000009967,GNS,GNS
9752,ENSFALG00000009968,SOSTDC1,SOSTDC1
9753,ENSFALG00000009969,DHRS3,DHRS3
9754,ENSFALG00000009970,CRPPA,CRPPA
9755,ENSFALG00000009971,Ing3,ING3
9756,ENSFALG00000009972,VPS13D,VPS13D
9757,ENSFALG00000009973,SCAMP1,SCAMP1
9758,ENSFALG00000009974,TACC3,TACC3
9759,ENSFALG00000009974,TACC3,TACC3
9760,ENSFALG00000009975,Meox2,MEOX2
9761,ENSFALG00000009976,TBC1D30,TBC1D30
9762,ENSFALG00000009977,GRAMD4,GRAMD4
9763,ENSFALG00000009978,AGMO,AGMO
9764,ENSFALG00000009979,UBE4A,UBE4A
9765,ENSFALG00000009980,SHF,SHF
9766,ENSFALG00000009982,DGKB,DGKB
9767,ENSFALG00000009983,Mzt2a,ENSFALG00000009983
9768,ENSFALG00000009984,ETV1,ETV1
9769,ENSFALG00000009985,Ube2r2,UBE2R2
9770,ENSFALG00000009986,WIF1,WIF1
9771,ENSFALG00000009987,TSPAN12,TSPAN12
9772,ENSFALG00000009988,RAB8B,RAB8B
9773,ENSFALG00000009989,Tnfrsf1b,ENSFALG00000009989
9774,ENSFALG00000009990,TMEM129,TMEM129
9775,ENSFALG00000009991,Znf541,ENSFALG00000009991
9776,ENSFALG00000009992,Rps27l,RPS27L
9777,ENSFALG00000009993,AP3B1,AP3B1
9778,ENSFALG00000009995,KCND2,ENSFALG00000009995
9779,ENSFALG00000009996,Lemd3,LEMD3
9780,ENSFALG00000009997,NOL6,NOL6
9781,ENSFALG00000009998,CELSR1,CELSR1
9782,ENSFALG00000009999,TNFRSF8,TNFRSF8
9783,ENSFALG00000010000,TBCA,TBCA
9784,ENSFALG00000010001,KCND2,KCND2
9785,ENSFALG00000010003,SLBP,ENSFALG00000010003
9786,ENSFALG00000010004,MAP2K1,MAP2K1
9787,ENSFALG00000010005,AQP3,AQP3
9788,ENSFALG00000010006,MFN2,MFN2
9789,ENSFALG00000010007,Plia,ENSFALG00000010007
9790,ENSFALG00000010008,OTP,OTP
9791,ENSFALG00000010009,USP28,USP28
9792,ENSFALG00000010010,WDR41,WDR41
9793,ENSFALG00000010011,Ankrd26,ENSFALG00000010011
9794,ENSFALG00000010012,Aqp7,ENSFALG00000010012
9795,ENSFALG00000010013,MSRB3,MSRB3
9796,ENSFALG00000010014,FAM53A,FAM53A
9797,ENSFALG00000010015,PDE8B,ENSFALG00000010015
9798,ENSFALG00000010016,HMGA2,ENSFALG00000010016
9799,ENSFALG00000010018,AGGF1,ENSFALG00000010018
9800,ENSFALG00000010019,TPGS2,TPGS2
9801,ENSFALG00000010020,UVSSA,ENSFALG00000010020
9802,ENSFALG00000010021,SNAPC5,SNAPC5
9803,ENSFALG00000010022,PLOD1,PLOD1
9804,ENSFALG00000010023,LSM8,LSM8
9805,ENSFALG00000010024,CRHBP,CRHBP
9806,ENSFALG00000010025,HELB,HELB
9807,ENSFALG00000010025,HELB,HELB
9808,ENSFALG00000010026,S100Z,S100Z
9809,ENSFALG00000010027,TIPIN,TIPIN
9810,ENSFALG00000010028,SCIN,SCIN
9811,ENSFALG00000010028,SCIN,SCIN
9812,ENSFALG00000010029,Llph,LLPH
9813,ENSFALG00000010030,F2R,F2R
9814,ENSFALG00000010031,ZBTB16,ZBTB16
9815,ENSFALG00000010032,TMBIM4,ENSFALG00000010032
9816,ENSFALG00000010033,DIS3L,DIS3L
9817,ENSFALG00000010034,IQGAP2,IQGAP2
9818,ENSFALG00000010035,TRMU,TRMU
9819,ENSFALG00000010036,CTTNBP2,CTTNBP2
9820,ENSFALG00000010037,MAEA,MAEA
9821,ENSFALG00000010038,F2RL2,F2RL2
9822,ENSFALG00000010039,RBM7,ENSFALG00000010039
9823,ENSFALG00000010040,MEGF11,MEGF11
9824,ENSFALG00000010041,SV2C,SV2C
9825,ENSFALG00000010042,GTSE1,GTSE1
9826,ENSFALG00000010042,GTSE1,GTSE1
9827,ENSFALG00000010043,POC5,ENSFALG00000010043
9828,ENSFALG00000010044,Rexo2,REXO2
9829,ENSFALG00000010045,GRIP1,GRIP1
9830,ENSFALG00000010046,KIAA2013,KIAA2013
9831,ENSFALG00000010047,POLK,ANKDD1B
9832,ENSFALG00000010048,Tprkb,TPRKB
9833,ENSFALG00000010049,Alg10,ENSFALG00000010049
9834,ENSFALG00000010050,CPNE8,CPNE8
9835,ENSFALG00000010051,CFTR,CFTR
9836,ENSFALG00000010052,RAB11A,RAB11A
9837,ENSFALG00000010053,CTBP1,CTBP1
9838,ENSFALG00000010054,ASZ1,ASZ1
9839,ENSFALG00000010055,WNT2,WNT2
9840,ENSFALG00000010056,DENND4A,DENND4A
9841,ENSFALG00000010057,ST7,ST7
9842,ENSFALG00000010058,KIF21A,ENSFALG00000010058
9843,ENSFALG00000010059,CADM1,CADM1
9844,ENSFALG00000010060,Cela2a,ENSFALG00000010060
9845,ENSFALG00000010061,POLK,POLK
9846,ENSFALG00000010062,SPON2,SPON2
9847,ENSFALG00000010063,SLC24A1,SLC24A1
9848,ENSFALG00000010064,Tmed11,ENSFALG00000010064
9849,ENSFALG00000010065,CAPZA2,CAPZA2
9850,ENSFALG00000010066,CAND1,CAND1
9851,ENSFALG00000010067,RNF212,RNF212
9852,ENSFALG00000010067,RNF212,RNF212
9853,ENSFALG00000010068,INTS14,INTS14
9854,ENSFALG00000010069,KIF21A,KIF21A
9855,ENSFALG00000010070,IFNG,IFNG
9856,ENSFALG00000010071,FGFRL1,FGFRL1
9857,ENSFALG00000010073,CERT1,CERT1
9858,ENSFALG00000010074,Anfc,ENSFALG00000010074
9859,ENSFALG00000010075,ABCD2,ABCD2
9860,ENSFALG00000010076,ST3GAL5,ST3GAL5
9861,ENSFALG00000010077,Il26,ENSFALG00000010077
9862,ENSFALG00000010078,HMGCR,HMGCR
9863,ENSFALG00000010079,NPPB,ENSFALG00000010079
9864,ENSFALG00000010080,C1H12orf40,ENSFALG00000010080
9865,ENSFALG00000010082,POLR1A,POLR1A
9866,ENSFALG00000010083,IL22,IL22
9867,ENSFALG00000010084,FAM169A,FAM169A
9868,ENSFALG00000010085,Hacd3,HACD3
9869,ENSFALG00000010086,VWDE,VWDE
9870,ENSFALG00000010087,CLCN6,CLCN6
9871,ENSFALG00000010088,SLC2A13,SLC2A13
9872,ENSFALG00000010089,PTCD3,PTCD3
9873,ENSFALG00000010090,NSA2,NSA2
9874,ENSFALG00000010091,MTHFR,MTHFR
9875,ENSFALG00000010092,IMMT,IMMT
9876,ENSFALG00000010093,AGTRAP,AGTRAP
9877,ENSFALG00000010094,MET,MET
9878,ENSFALG00000010095,MDM1,MDM1
9879,ENSFALG00000010096,Mrpl35,MRPL35
9880,ENSFALG00000010098,DPP8,DPP8
9881,ENSFALG00000010099,LRRK2,LRRK2
9882,ENSFALG00000010100,DRAXIN,DRAXIN
9883,ENSFALG00000010101,Reep1,REEP1
9884,ENSFALG00000010102,IGDCC4,IGDCC4
9885,ENSFALG00000010103,ERGIC2,ERGIC2
9886,ENSFALG00000010104,MAD2L2,MAD2L2
9887,ENSFALG00000010105,IGDCC3,IGDCC3
9888,ENSFALG00000010106,GFM2,GFM2
9889,ENSFALG00000010107,TMEM106B,TMEM106B
9890,ENSFALG00000010108,PARP16,PARP16
9891,ENSFALG00000010109,KDM3A,KDM3A
9892,ENSFALG00000010110,FBXO44,ENSFALG00000010110
9893,ENSFALG00000010111,LAMB4,LAMB4
9894,ENSFALG00000010112,RAP1B,RAP1B
9895,ENSFALG00000010113,FBXO2,FBXO2
9896,ENSFALG00000010114,Gnrr2,ENSFALG00000010114
9897,ENSFALG00000010115,DISP3,DISP3
9898,ENSFALG00000010116,CILP,CILP
9899,ENSFALG00000010117,CAV1,CAV1
9900,ENSFALG00000010118,MTFMT,MTFMT
9901,ENSFALG00000010119,Tbc1d5,ENSFALG00000010119
9902,ENSFALG00000010119,Tbc1d5,ENSFALG00000010119
9903,ENSFALG00000010120,Cav2,CAV2
9904,ENSFALG00000010121,UBE2J2,UBE2J2
9905,ENSFALG00000010122,THSD7A,THSD7A
9906,ENSFALG00000010123,LAMB1,LAMB1
9907,ENSFALG00000010124,TES,TES
9908,ENSFALG00000010125,PLCL2,PLCL2
9909,ENSFALG00000010126,Slc51b,ENSFALG00000010126
9910,ENSFALG00000010127,NUP107,NUP107
9911,ENSFALG00000010128,Mars,ENSFALG00000010128
9912,ENSFALG00000010129,TFEC,TFEC
9913,ENSFALG00000010130,Gatad2b,GATAD2B
9914,ENSFALG00000010131,UBIAD1,UBIAD1
9915,ENSFALG00000010131,UBIAD1,UBIAD1
9916,ENSFALG00000010132,RASL12,RASL12
9917,ENSFALG00000010133,SCNN1D,SCNN1D
9918,ENSFALG00000010134,UBAP1L,UBAP1L
9919,ENSFALG00000010135,SLC35E3,SLC35E3
9920,ENSFALG00000010136,Dld,DLD
9921,ENSFALG00000010137,PIAS1,PIAS1
9922,ENSFALG00000010138,PDCD7,PDCD7
9923,ENSFALG00000010139,MDFIC,MDFIC
9924,ENSFALG00000010140,MDM2,MDM2
9925,ENSFALG00000010141,HBB,ENSFALG00000010141
9926,ENSFALG00000010142,SLC38A4,SLC38A4
9927,ENSFALG00000010143,CALML4,CALML4
9928,ENSFALG00000010144,CPM,CPM
9929,ENSFALG00000010145,CHMP3,ENSFALG00000010145
9930,ENSFALG00000010146,CLN6,CLN6
9931,ENSFALG00000010147,SLC38A2,SLC38A2
9932,ENSFALG00000010148,Or51e2,OR51E2
9933,ENSFALG00000010149,FEM1B,FEM1B
9934,ENSFALG00000010150,SLC38A1,SLC38A1
9935,ENSFALG00000010151,CLPX,CLPX
9936,ENSFALG00000010152,Chrna10,ENSFALG00000010152
9937,ENSFALG00000010153,SCAF11,SCAF11
9938,ENSFALG00000010154,ITGA11,ITGA11
9939,ENSFALG00000010155,RNF103,RNF103
9940,ENSFALG00000010156,ARID2,ARID2
9941,ENSFALG00000010157,CPSF6,CPSF6
9942,ENSFALG00000010157,Cpsf6,CPSF6
9943,ENSFALG00000010158,Rmnd5a,RMND5A
9944,ENSFALG00000010159,CORO2B,CORO2B
9945,ENSFALG00000010160,PCMTD1,PCMTD1
9946,ENSFALG00000010160,PCMTD1,PCMTD1
9947,ENSFALG00000010161,PHF14,PHF14
9948,ENSFALG00000010162,HEXB,HEXB
9949,ENSFALG00000010163,ANO6,ANO6
9950,ENSFALG00000010164,NDUFA4,NDUFA4
9951,ENSFALG00000010165,CD8A,CD8A
9952,ENSFALG00000010166,NXPH1,NXPH1
9953,ENSFALG00000010167,SPG21,SPG21
9954,ENSFALG00000010168,Anp32a,ENSFALG00000010168
9955,ENSFALG00000010169,Nup98,NUP98
9956,ENSFALG00000010170,DBX2,DBX2
9957,ENSFALG00000010171,ICA1,ICA1
9958,ENSFALG00000010172,ANKDD1A,ANKDD1A
9959,ENSFALG00000010173,YEATS4,YEATS4
9960,ENSFALG00000010174,ST18,ST18
9961,ENSFALG00000010175,PRL,ENSFALG00000010175
9962,ENSFALG00000010176,Glcci1,GLCCI1
9963,ENSFALG00000010177,FRS2,FRS2
9964,ENSFALG00000010178,Cd8b,ENSFALG00000010178
9965,ENSFALG00000010179,PLEKHO2,ENSFALG00000010179
9966,ENSFALG00000010180,NOX5,ENSFALG00000010180
9967,ENSFALG00000010181,SLC26A3,SLC26A3
9968,ENSFALG00000010182,UMAD1,UMAD1
9969,ENSFALG00000010183,NELL2,NELL2
9970,ENSFALG00000010184,MTOR,MTOR
9971,ENSFALG00000010185,Glce,GLCE
9972,ENSFALG00000010186,RPA3,RPA3
9973,ENSFALG00000010187,SMYD1,SMYD1
9974,ENSFALG00000010188,PCSK6,PCSK6
9975,ENSFALG00000010189,KIF23,KIF23
9976,ENSFALG00000010190,TMEM117,TMEM117
9977,ENSFALG00000010191,FABP1,FABP1
9978,ENSFALG00000010192,MIOS,MIOS
9979,ENSFALG00000010194,TWF1,TWF1
9980,ENSFALG00000010195,SNRPA1,SNRPA1
9981,ENSFALG00000010196,ARHGEF28,ARHGEF28
9982,ENSFALG00000010197,THNSL2,THNSL2
9983,ENSFALG00000010198,Cct2,CCT2
9984,ENSFALG00000010199,Foxi1c,FOXI2
9985,ENSFALG00000010200,RB1CC1,RB1CC1
9986,ENSFALG00000010201,IRAK4,IRAK4
9987,ENSFALG00000010203,OPRK1,OPRK1
9988,ENSFALG00000010204,COL28A1,COL28A1
9989,ENSFALG00000010205,PUS7L,PUS7L
9990,ENSFALG00000010206,UTP15,UTP15
9991,ENSFALG00000010207,EIF2AK3,EIF2AK3
9992,ENSFALG00000010208,PGAP2,PGAP2
9993,ENSFALG00000010209,TLE3,TLE3
9994,ENSFALG00000010210,SELENOS,ENSFALG00000010210
9995,ENSFALG00000010211,ATP6V1H,ATP6V1H
9996,ENSFALG00000010212,C1GALT1,C1GALT1
9997,ENSFALG00000010213,CHSY1,CHSY1
9998,ENSFALG00000010214,RPIA,RPIA
9999,ENSFALG00000010215,LRRK1,LRRK1
10000,ENSFALG00000010216,STIM1,STIM1
10001,ENSFALG00000010217,RGS20,RGS20
10002,ENSFALG00000010218,TCEA1,TCEA1
10003,ENSFALG00000010219,LYPLA1,LYPLA1
10004,ENSFALG00000010220,ADAMTS20,ADAMTS20
10005,ENSFALG00000010221,MRPL15,MRPL15
10006,ENSFALG00000010222,ANKRA2,ANKRA2
10007,ENSFALG00000010223,CTSE-A,ENSFALG00000010223
10008,ENSFALG00000010224,Cbll1,ENSFALG00000010224
10009,ENSFALG00000010225,RP1,ENSFALG00000010225
10010,ENSFALG00000010226,SUCLG1,SUCLG1
10011,ENSFALG00000010226,SUCLG1,SUCLG1
10012,ENSFALG00000010227,BEST3,BEST3
10013,ENSFALG00000010228,ALDH1A3,ALDH1A3
10014,ENSFALG00000010229,ASNS,ASNS
10015,ENSFALG00000010230,RAB3IP,ENSFALG00000010230
10016,ENSFALG00000010231,RRM1,RRM1
10017,ENSFALG00000010232,SLC26A4,SLC26A4
10018,ENSFALG00000010233,BTF3,BTF3
10019,ENSFALG00000010234,Foxd1,ENSFALG00000010234
10020,ENSFALG00000010235,Xkr4,XKR4
10021,ENSFALG00000010236,TMEM171,TMEM174
10022,ENSFALG00000010237,MYRFL,MYRFL
10023,ENSFALG00000010238,DUS4L,BCAP29
10024,ENSFALG00000010239,TMEM171,TMEM171
10025,ENSFALG00000010240,TMEM68,TMEM68
10026,ENSFALG00000010240,TMEM68,TMEM68
10027,ENSFALG00000010244,GNG7,GNG7
10028,ENSFALG00000010245,TAC1,TAC1
10029,ENSFALG00000010246,DUS4L,DUS4L
10030,ENSFALG00000010247,Mef2c,MEF2C
10031,ENSFALG00000010248,SDHAF3,ENSFALG00000010248
10032,ENSFALG00000010249,TGS1,TGS1
10033,ENSFALG00000010250,DLX5,DLX5
10034,ENSFALG00000010251,CNOT2,CNOT2
10035,ENSFALG00000010252,LYN,LYN
10036,ENSFALG00000010253,COG5,COG5
10037,ENSFALG00000010254,ATP2B2,ENSFALG00000010254
10038,ENSFALG00000010255,PRICKLE1,PRICKLE1
10039,ENSFALG00000010256,KCNMB4,KCNMB4
10040,ENSFALG00000010257,TMEM171,FCHO2
10041,ENSFALG00000010258,PPHLN1,PPHLN1
10042,ENSFALG00000010259,HBP1,HBP1
10043,ENSFALG00000010260,PTPRB,PTPRB
10044,ENSFALG00000010261,IARS1,IARS
10045,ENSFALG00000010262,ZCRB1,ZCRB1
10046,ENSFALG00000010263,Dlx6,DLX6
10047,ENSFALG00000010264,Yaf2,YAF2
10048,ENSFALG00000010265,Prkar2b,PRKAR2B
10049,ENSFALG00000010265,Prkar2b,PRKAR2B
10050,ENSFALG00000010266,Sem1,ENSFALG00000010266
10051,ENSFALG00000010267,GXYLT1,GXYLT1
10052,ENSFALG00000010268,KIF20AL,ENSFALG00000010268
10053,ENSFALG00000010269,SLC25A13,SLC25A13
10054,ENSFALG00000010270,PIK3CG,PIK3CG
10055,ENSFALG00000010271,PDZRN4,PDZRN4
10056,ENSFALG00000010272,DYNC1I1,DYNC1I1
10057,ENSFALG00000010273,Asb7,ASB7
10058,ENSFALG00000010273,ASB7,ASB7
10059,ENSFALG00000010274,Avt,ENSFALG00000010274
10060,ENSFALG00000010275,NAMPT,NAMPT
10061,ENSFALG00000010276,PDK4,PDK4
10062,ENSFALG00000010277,Riok2,RIOK2
10063,ENSFALG00000010278,PTPRR,PTPRR
10064,ENSFALG00000010279,ANGPTL7,ANGPTL7
10065,ENSFALG00000010280,NAMPT,SYPL1
10066,ENSFALG00000010281,LINS1,LINS1
10067,ENSFALG00000010282,PNPLA8,PNPLA8
10068,ENSFALG00000010283,Rps20,RPS20
10069,ENSFALG00000010284,ASB4,ASB4
10070,ENSFALG00000010285,LINS1,CERS3
10071,ENSFALG00000010286,PON2,ENSFALG00000010286
10072,ENSFALG00000010287,EXOSC10,EXOSC10
10073,ENSFALG00000010288,Cdhr3,ENSFALG00000010288
10074,ENSFALG00000010289,PDIA4,PDIA4
10075,ENSFALG00000010290,PLAG1,PLAG1
10076,ENSFALG00000010291,ADAMTS17,ADAMTS17
10077,ENSFALG00000010292,TNPO1,TNPO1
10078,ENSFALG00000010293,SRM,SRM
10079,ENSFALG00000010294,NRCAM,NRCAM
10080,ENSFALG00000010295,PPIH,PPIH
10081,ENSFALG00000010296,Lysmd4,LYSMD4
10082,ENSFALG00000010297,ZNF366,ZNF366
10083,ENSFALG00000010298,TSPAN8,TSPAN8
10084,ENSFALG00000010299,PTCD2,PTCD2
10085,ENSFALG00000010300,ATXN7L1,ATXN7L1
10086,ENSFALG00000010301,CHCHD7,CHCHD7
10087,ENSFALG00000010302,PPP1R9A,PPP1R9A
10088,ENSFALG00000010303,MEF2A,MEF2A
10089,ENSFALG00000010304,SDR16C5,ENSFALG00000010304
10090,ENSFALG00000010305,YBX1,YBX1
10091,ENSFALG00000010305,YBX1,YBX1
10092,ENSFALG00000010306,MRPS27,MRPS27
10093,ENSFALG00000010307,RINT1,RINT1
10094,ENSFALG00000010308,LRRC28,LRRC28
10095,ENSFALG00000010309,LGR5,LGR5
10096,ENSFALG00000010310,EZH2,EZH2
10097,ENSFALG00000010311,SDR16C5,SDR16C5
10098,ENSFALG00000010312,MAP1B,MAP1B
10099,ENSFALG00000010313,SAMD10,SAMD10
10100,ENSFALG00000010315,PENK,PENK
10101,ENSFALG00000010316,TMEM252,TMEM252
10102,ENSFALG00000010317,Efcab10,ENSFALG00000010317
10103,ENSFALG00000010318,Cul1,CUL1
10104,ENSFALG00000010319,SYNM,SYNM
10105,ENSFALG00000010320,ZFC3H1,ZFC3H1
10106,ENSFALG00000010321,Pgm5,PGM5
10107,ENSFALG00000010322,Impad1,IMPAD1
10108,ENSFALG00000010323,PUS7,PUS7
10109,ENSFALG00000010324,CLDN19,ENSFALG00000010324
10110,ENSFALG00000010324,CLDN19,ENSFALG00000010324
10111,ENSFALG00000010325,CNTN1,CNTN1
10112,ENSFALG00000010325,CNTN1,CNTN1
10113,ENSFALG00000010326,PRPF6,ENSFALG00000010326
10114,ENSFALG00000010327,CNTNAP2,CNTNAP2
10115,ENSFALG00000010328,TMEM19,TMEM19
10116,ENSFALG00000010329,CBWD1,ENSFALG00000010329
10117,ENSFALG00000010330,SRPK2,SRPK2
10118,ENSFALG00000010331,CLDN19,CLDN19
10119,ENSFALG00000010332,KMT2E,KMT2E
10120,ENSFALG00000010333,IGF1R,IGF1R
10121,ENSFALG00000010334,UBXN2B,UBXN2B
10122,ENSFALG00000010335,LHFPL3,LHFPL3
10123,ENSFALG00000010336,TBC1D15,TBC1D15
10124,ENSFALG00000010337,SGCE,SGCE
10125,ENSFALG00000010338,P3H1,P3H1
10126,ENSFALG00000010339,SOX18,SOX18
10127,ENSFALG00000010340,CYP7A1,CYP7A1
10128,ENSFALG00000010341,CASD1,CASD1
10129,ENSFALG00000010342,ORC5,ORC5
10130,ENSFALG00000010342,ORC5,ORC5
10131,ENSFALG00000010343,Tcea2,TCEA2
10132,ENSFALG00000010344,SDCBP,SDCBP
10133,ENSFALG00000010345,NSMAF,NSMAF
10134,ENSFALG00000010346,DOCK8,DOCK8
10135,ENSFALG00000010347,C1orf50,C1orf50
10136,ENSFALG00000010348,RGS19,RGS19
10137,ENSFALG00000010349,PGPEP1L,PGPEP1L
10138,ENSFALG00000010350,TOX,TOX
10139,ENSFALG00000010351,FAM169B,FAM169B
10140,ENSFALG00000010352,OPRL1,OPRL1
10141,ENSFALG00000010353,CDC42,CDC42
10142,ENSFALG00000010354,MYT1,MYT1
10143,ENSFALG00000010355,HDAC7,HDAC7
10144,ENSFALG00000010356,COL1A2,COL1A2
10145,ENSFALG00000010357,WNT4,WNT4
10146,ENSFALG00000010358,ARRDC4,ARRDC4
10147,ENSFALG00000010359,Pcmtd2,PCMTD2
10148,ENSFALG00000010360,RELN,RELN
10149,ENSFALG00000010360,RELN,RELN
10150,ENSFALG00000010361,TPH2,TPH2
10151,ENSFALG00000010362,PCMTD2,ENSFALG00000010362
10152,ENSFALG00000010363,SLC48A1,SLC48A1
10153,ENSFALG00000010364,Nr2f2,NR2F2
10154,ENSFALG00000010365,MCTP2,MCTP2
10155,ENSFALG00000010366,EPHA8,EPHA8
10156,ENSFALG00000010367,RGMA,RGMA
10157,ENSFALG00000010368,RAPGEF3,RAPGEF3
10158,ENSFALG00000010369,CHD2,ENSFALG00000010369
10159,ENSFALG00000010370,Srms,SRMS
10160,ENSFALG00000010371,FAM174B,FAM174B
10161,ENSFALG00000010372,TRHDE,TRHDE
10162,ENSFALG00000010373,SLC26A5,SLC26A5
10163,ENSFALG00000010374,Bet1,ENSFALG00000010374
10164,ENSFALG00000010375,ST8SIA2,ST8SIA2
10165,ENSFALG00000010376,Kcnc2,KCNC2
10166,ENSFALG00000010377,Endou,ENDOU
10167,ENSFALG00000010380,Ppdpfb,PPDPF
10168,ENSFALG00000010381,TFPI2,TFPI2
10169,ENSFALG00000010382,EEF1A2,EEF1A2
10170,ENSFALG00000010383,CALCR,CALCR
10171,ENSFALG00000010385,KANK1,KANK1
10172,ENSFALG00000010386,SLCO3A1,SLCO3A1
10173,ENSFALG00000010387,VPS50,VPS50
10174,ENSFALG00000010388,Dmrt1,DMRT1
10175,ENSFALG00000010389,PDE1B,PDE1B
10176,ENSFALG00000010390,GLIPR1,ENSFALG00000010390
10177,ENSFALG00000010391,DMRT3,DMRT3
10178,ENSFALG00000010392,HEPACAM2,HEPACAM2
10179,ENSFALG00000010393,DMRT2,DMRT2
10180,ENSFALG00000010394,SV2B,SV2B
10181,ENSFALG00000010395,KRR1,KRR1
10182,ENSFALG00000010396,KCNQ2,KCNQ2
10183,ENSFALG00000010397,PSMC2,PSMC2
10184,ENSFALG00000010398,C1QA,C1QA
10185,ENSFALG00000010399,C1QC,C1QC
10186,ENSFALG00000010401,C1QB,C1QB
10187,ENSFALG00000010402,AKAP13,AKAP13
10188,ENSFALG00000010403,NAP1L1,NAP1L1
10189,ENSFALG00000010404,OSBPL8,OSBPL8
10190,ENSFALG00000010405,DNAJC2,DNAJC2
10191,ENSFALG00000010406,Ighv348,ENSFALG00000010406
10192,ENSFALG00000010408,SETD4,SETD4
10193,ENSFALG00000010409,Cdk6,CDK6
10194,ENSFALG00000010410,PMPCB,PMPCB
10195,ENSFALG00000010411,Trdc,ENSFALG00000010411
10196,ENSFALG00000010411,Trdc,ENSFALG00000010411
10197,ENSFALG00000010412,Cbr1,CBR1
10198,ENSFALG00000010413,NAPEPLD,NAPEPLD
10199,ENSFALG00000010414,DOP1B,DOP1B
10200,ENSFALG00000010415,Zdhhc17,ZDHHC17
10201,ENSFALG00000010416,SMARCA2,SMARCA2
10202,ENSFALG00000010416,SMARCA2,SMARCA2
10203,ENSFALG00000010417,ARMC10,ARMC10
10204,ENSFALG00000010418,CHRNA4,CHRNA4
10205,ENSFALG00000010419,CDK6,ENSFALG00000010419
10206,ENSFALG00000010420,MORC3,MORC3
10207,ENSFALG00000010421,AGBL1,AGBL1
10208,ENSFALG00000010422,LRRC17,LRRC17
10209,ENSFALG00000010423,CHAF1B,CHAF1B
10210,ENSFALG00000010424,Fam185a,FAM185A
10211,ENSFALG00000010424,Fam185a,FAM185A
10212,ENSFALG00000010425,EFCAB1,EFCAB1
10213,ENSFALG00000010426,CSRP2,CSRP2
10214,ENSFALG00000010427,FGL2,FGL2
10215,ENSFALG00000010428,Pfkm,ENSFALG00000010428
10216,ENSFALG00000010429,NTRK3,NTRK3
10217,ENSFALG00000010431,Togaram2,ENSFALG00000010431
10218,ENSFALG00000010431,FAM179A,ENSFALG00000010431
10219,ENSFALG00000010432,DET1,MRPL46
10220,ENSFALG00000010433,E2F7,E2F7
10221,ENSFALG00000010434,CCDC146,CCDC146
10222,ENSFALG00000010435,EPHB2,EPHB2
10223,ENSFALG00000010435,EPHB2,EPHB2
10224,ENSFALG00000010436,RBM48,RBM48
10225,ENSFALG00000010437,MRPS11,MRPS11
10226,ENSFALG00000010438,Col20a1,ENSFALG00000010438
10227,ENSFALG00000010438,Col20a1,ENSFALG00000010438
10228,ENSFALG00000010439,DET1,ENSFALG00000010439
10229,ENSFALG00000010440,AEN,AEN
10230,ENSFALG00000010441,GSAP,GSAP
10231,ENSFALG00000010442,PEX1,PEX1
10232,ENSFALG00000010443,ARHGAP35,ARHGAP35
10233,ENSFALG00000010444,PTPN12,PTPN12
10234,ENSFALG00000010445,Gatad1,GATAD1
10235,ENSFALG00000010446,ACAN,ACAN
10236,ENSFALG00000010447,ANKIB1,ANKIB1
10237,ENSFALG00000010448,Rsbn1l,RSBN1L
10238,ENSFALG00000010449,NAV3,NAV3
10239,ENSFALG00000010450,PHTF2,PHTF2
10240,ENSFALG00000010452,ARFGAP1,ARFGAP1
10241,ENSFALG00000010453,TMEM161B,TMEM161B
10242,ENSFALG00000010454,Magi2,MAGI2
10243,ENSFALG00000010455,NKAIN4,NKAIN4
10244,ENSFALG00000010455,Nkain4,NKAIN4
10245,ENSFALG00000010456,QPRT,ENSFALG00000010456
10246,ENSFALG00000010457,VMO1,ENSFALG00000010457
10247,ENSFALG00000010458,BIRC7,BIRC7
10248,ENSFALG00000010459,HAPLN3,HAPLN3
10249,ENSFALG00000010460,KRIT1,ENSFALG00000010460
10250,ENSFALG00000010461,Znf256,ENSFALG00000010461
10251,ENSFALG00000010462,Ccnh,CCNH
10252,ENSFALG00000010463,YTHDF1,YTHDF1
10253,ENSFALG00000010464,MFGE8,MFGE8
10254,ENSFALG00000010465,CYP4F8,CYP4F8
10255,ENSFALG00000010466,GNAI1,GNAI1
10256,ENSFALG00000010467,Abhd2,ABHD2
10257,ENSFALG00000010468,Bhlhe23,BHLHE23
10258,ENSFALG00000010469,SLC25A22,SLC25A22
10259,ENSFALG00000010470,RLBP1,RLBP1
10260,ENSFALG00000010471,RASA1,RASA1
10261,ENSFALG00000010472,PIDD1,PIDD1
10262,ENSFALG00000010473,SLC17A9,SLC17A9
10263,ENSFALG00000010474,Rgmb,RGMB
10264,ENSFALG00000010475,RPLP2,RPLP2
10265,ENSFALG00000010476,SYT1,SYT1
10266,ENSFALG00000010477,VLDLR,VLDLR
10267,ENSFALG00000010477,VLDLR,VLDLR
10268,ENSFALG00000010478,CYP51A1,CYP51A1
10269,ENSFALG00000010479,PNPLA2,PNPLA2
10270,ENSFALG00000010480,Ddb,LACTBL1
10271,ENSFALG00000010481,CRACR2B,CRACR2B
10272,ENSFALG00000010482,GNAT3,GNAT3
10273,ENSFALG00000010483,GID8,GID8
10274,ENSFALG00000010484,CD151,CD151
10275,ENSFALG00000010485,FHAD1,ENSFALG00000010485
10276,ENSFALG00000010486,Pawr,ENSFALG00000010486
10277,ENSFALG00000010487,PPP1R12A,PPP1R12A
10278,ENSFALG00000010488,DIDO1,DIDO1
10279,ENSFALG00000010489,EFHD2,EFHD2
10280,ENSFALG00000010490,AKAP9,AKAP9
10281,ENSFALG00000010491,FANCI,FANCI
10282,ENSFALG00000010491,FANCI,FANCI
10283,ENSFALG00000010492,TCFL5,TCFL5
10284,ENSFALG00000010493,Rps16,RPS16
10285,ENSFALG00000010494,Ctrc,ENSFALG00000010494
10286,ENSFALG00000010495,OTOGL,OTOGL
10287,ENSFALG00000010496,Ctrc,ENSFALG00000010496
10288,ENSFALG00000010498,PTPRQ,PTPRQ
10289,ENSFALG00000010499,Chd1,CHD1
10290,ENSFALG00000010499,CHD1,CHD1
10291,ENSFALG00000010500,COL9A3,COL9A3
10292,ENSFALG00000010501,CD36,CD36
10293,ENSFALG00000010502,Sf3a2,ENSFALG00000010502
10294,ENSFALG00000010503,MYF6,MYF6
10295,ENSFALG00000010504,CASP9,CASP9
10296,ENSFALG00000010505,POLG,POLG
10297,ENSFALG00000010506,SEMA3C,SEMA3C
10298,ENSFALG00000010507,Myf5,MYF5
10299,ENSFALG00000010508,KCNV2,KCNV2
10300,ENSFALG00000010509,PUM3,PUM3
10301,ENSFALG00000010510,Dnajc16,DNAJC16
10302,ENSFALG00000010511,Lin7a,LIN7A
10303,ENSFALG00000010513,RHCG,RHCG
10304,ENSFALG00000010513,Rhcg,RHCG
10305,ENSFALG00000010514,HGF,HGF
10306,ENSFALG00000010515,RFX3,RFX3
10307,ENSFALG00000010516,OGFR,OGFR
10308,ENSFALG00000010517,ACSS3,ACSS3
10309,ENSFALG00000010518,MRGBP,MRGBP
10310,ENSFALG00000010519,GLIS3,GLIS3
10311,ENSFALG00000010520,AGMAT,AGMAT
10312,ENSFALG00000010521,PPFIA2,PPFIA2
10313,ENSFALG00000010522,SLC1A1,SLC1A1
10314,ENSFALG00000010523,Ntsr1,NTSR1
10315,ENSFALG00000010524,TICRR,TICRR
10316,ENSFALG00000010525,CCDC59,CCDC59
10317,ENSFALG00000010526,Clec2d,ENSFALG00000010526
10318,ENSFALG00000010528,PINK1,PINK1
10319,ENSFALG00000010529,METTL25,METTL25
10320,ENSFALG00000010530,KIF7,KIF7
10321,ENSFALG00000010532,RERGL,ENSFALG00000010532
10322,ENSFALG00000010533,Cda,CDA
10323,ENSFALG00000010534,PLIN1,PLIN1
10324,ENSFALG00000010535,SLCO4A1,SLCO4A1
10325,ENSFALG00000010536,CDC37L1,CDC37L1
10326,ENSFALG00000010537,Tmtc2,TMTC2
10327,ENSFALG00000010538,Mul1,MUL1
10328,ENSFALG00000010539,PEX11A,PEX11A
10329,ENSFALG00000010540,WDR93,WDR93
10330,ENSFALG00000010541,SLC6A15,SLC6A15
10331,ENSFALG00000010543,AK3,AK3
10332,ENSFALG00000010544,Lrriq1,ENSFALG00000010544
10333,ENSFALG00000010545,CACNA2D1,CACNA2D1
10334,ENSFALG00000010546,VWA5B1,VWA5B1
10335,ENSFALG00000010547,ALX1,ALX1
10336,ENSFALG00000010549,SIPA1L3,ENSFALG00000010549
10337,ENSFALG00000010550,NTS,NTS
10338,ENSFALG00000010551,GATA5,GATA5
10339,ENSFALG00000010552,Rbbp8nl,RBBP8NL
10340,ENSFALG00000010553,Rcl1,RCL1
10341,ENSFALG00000010554,CABLES2,CABLES2
10342,ENSFALG00000010555,Ddx19b,ENSFALG00000010555
10343,ENSFALG00000010555,Ddx19a,ENSFALG00000010555
10344,ENSFALG00000010556,Col4a1,COL4A1
10345,ENSFALG00000010557,MGAT4C,MGAT4C
10346,ENSFALG00000010558,RPS21,RPS21
10347,ENSFALG00000010559,C12orf50,C12orf50
10348,ENSFALG00000010560,LAMA5,LAMA5
10349,ENSFALG00000010563,JAK2,JAK2
10350,ENSFALG00000010564,PLA2,ENSFALG00000010564
10351,ENSFALG00000010565,CA12,CA12
10352,ENSFALG00000010566,ADRM1,ADRM1
10353,ENSFALG00000010567,PLGRKT,PLGRKT
10354,ENSFALG00000010568,GOLGB1,GOLGB1
10355,ENSFALG00000010569,RLIG1,C12orf29
10356,ENSFALG00000010570,PLA2G2A,PLA2G2A
10357,ENSFALG00000010571,USP3,USP3
10358,ENSFALG00000010572,CD274,CD274
10359,ENSFALG00000010573,PCLO,PCLO
10360,ENSFALG00000010574,HCLS1,ENSFALG00000010574
10361,ENSFALG00000010575,FBXL22,FBXL22
10362,ENSFALG00000010577,PDCD1LG2,PDCD1LG2
10363,ENSFALG00000010578,HERC1,HERC1
10364,ENSFALG00000010579,Otud3,OTUD3
10365,ENSFALG00000010580,OSBPL2,OSBPL2
10366,ENSFALG00000010581,Nme6,NME6
10367,ENSFALG00000010582,RIC1,RIC1
10368,ENSFALG00000010583,Sugp1,ENSFALG00000010583
10369,ENSFALG00000010584,Pcdhb4,ENSFALG00000010584
10370,ENSFALG00000010585,Rabl2a,ENSFALG00000010585
10371,ENSFALG00000010586,TMCO4,TMCO4
10372,ENSFALG00000010587,ERMP1,ERMP1
10373,ENSFALG00000010588,Pcdhb4,ENSFALG00000010588
10374,ENSFALG00000010589,AHCY,AHCY
10375,ENSFALG00000010590,SEMA3E,SEMA3E
10376,ENSFALG00000010591,HTR6,HTR6
10377,ENSFALG00000010592,DAPK2,DAPK2
10378,ENSFALG00000010594,NBL1,NBL1
10379,ENSFALG00000010595,ASIP,ASIP
10380,ENSFALG00000010597,HRH3,HRH3
10381,ENSFALG00000010599,Minos1,MICOS10
10382,ENSFALG00000010600,MTG2,MTG2
10383,ENSFALG00000010601,SS18L1,SS18L1
10384,ENSFALG00000010602,Capzb,CAPZB
10385,ENSFALG00000010602,CAPZB,CAPZB
10386,ENSFALG00000010603,TBC1D2B,TBC1D2B
10387,ENSFALG00000010604,CIB2,ENSFALG00000010604
10388,ENSFALG00000010605,Psma7,PSMA7
10389,ENSFALG00000010606,MLANA,MLANA
10390,ENSFALG00000010607,MICAL2,MICAL2
10391,ENSFALG00000010608,EIF2S2,EIF2S2
10392,ENSFALG00000010608,EIF2S2,EIF2S2
10393,ENSFALG00000010609,IDH3A,IDH3A
10394,ENSFALG00000010610,CEP290,CEP290
10395,ENSFALG00000010610,CEP290,CEP290
10396,ENSFALG00000010611,SLC66A1,SLC66A1
10397,ENSFALG00000010611,SLC66A1,SLC66A1
10398,ENSFALG00000010612,BRD10,KIAA2026
10399,ENSFALG00000010614,UHRF2,ENSFALG00000010614
10400,ENSFALG00000010615,AKR7L,AKR7L
10401,ENSFALG00000010616,FLNC,FLNC
10402,ENSFALG00000010617,ACSBG1,ACSBG1
10403,ENSFALG00000010618,LSM14B,LSM14B
10404,ENSFALG00000010619,Mrto4,MRTO4
10405,ENSFALG00000010620,Raly,RALY
10406,ENSFALG00000010621,DNAJA4,DNAJA4
10407,ENSFALG00000010623,EMC1,EMC1
10408,ENSFALG00000010624,PARVA,PARVA
10409,ENSFALG00000010626,TMTC3,TMTC3
10410,ENSFALG00000010627,SKIC8,WDR61
10411,ENSFALG00000010628,GLDC,GLDC
10412,ENSFALG00000010629,TAF4,TAF4
10413,ENSFALG00000010630,Dnmt3a,DNMT3A
10414,ENSFALG00000010631,SEMA3A,SEMA3A
10415,ENSFALG00000010632,KITLG,KITLG
10416,ENSFALG00000010633,TEAD1,TEAD1
10417,ENSFALG00000010634,Dusp6,DUSP6
10418,ENSFALG00000010634,Dusp6,DUSP6
10419,ENSFALG00000010635,CRABP1,CRABP1
10420,ENSFALG00000010636,POC1B,POC1B
10421,ENSFALG00000010637,UBR4,UBR4
10422,ENSFALG00000010638,ATP2B1,ATP2B1
10423,ENSFALG00000010639,CDH4,CDH4
10424,ENSFALG00000010640,IREB2,IREB2
10425,ENSFALG00000010641,HYKK,HYKK
10426,ENSFALG00000010641,HYKK,HYKK
10427,ENSFALG00000010642,EPYC,EPYC
10428,ENSFALG00000010642,EPYC,EPYC
10429,ENSFALG00000010643,KDM4C,KDM4C
10430,ENSFALG00000010645,PSMA4,PSMA4
10431,ENSFALG00000010646,BMAL1,ARNTL
10432,ENSFALG00000010647,SEMA3D,SEMA3D
10433,ENSFALG00000010648,DPYSL5,DPYSL5
10434,ENSFALG00000010649,KERA,KERA
10435,ENSFALG00000010651,BTBD10,BTBD10
10436,ENSFALG00000010652,OPN1SW,OPN1SW
10437,ENSFALG00000010653,CHRNA5,CHRNA5
10438,ENSFALG00000010654,LUM,LUM
10439,ENSFALG00000010655,CDH26,CDH26
10440,ENSFALG00000010656,PTH,PTH
10441,ENSFALG00000010657,CALU,CALU
10442,ENSFALG00000010658,Chrna3,CHRNA3
10443,ENSFALG00000010659,FAR1,FAR1
10444,ENSFALG00000010660,FAM217B,FAM217B
10445,ENSFALG00000010661,IRF5,IRF5
10446,ENSFALG00000010662,FAM217B,ENSFALG00000010662
10447,ENSFALG00000010663,DCN,DCN
10448,ENSFALG00000010664,SYCP2,SYCP2
10449,ENSFALG00000010665,CHRNB4,CHRNB4
10450,ENSFALG00000010666,Ovch2,OVCH2
10451,ENSFALG00000010667,TNPO3,TNPO3
10452,ENSFALG00000010668,PHACTR3,PHACTR3
10453,ENSFALG00000010670,Cyb5r2,CYB5R2
10454,ENSFALG00000010670,Cyb5r2,CYB5R2
10455,ENSFALG00000010671,MAPRE3,MAPRE3
10456,ENSFALG00000010672,NREP,NREP
10457,ENSFALG00000010673,BTG1,BTG1
10458,ENSFALG00000010674,Stard4,STARD4
10459,ENSFALG00000010675,TMEM214,TMEM214
10460,ENSFALG00000010676,IFFO2,IFFO2
10461,ENSFALG00000010677,UBE2Q2,UBE2Q2
10462,ENSFALG00000010678,PLEKHG7,C12orf74
10463,ENSFALG00000010679,CAMK4,CAMK4
10464,ENSFALG00000010680,EDN3,ENSFALG00000010680
10465,ENSFALG00000010681,EEA1,EEA1
10466,ENSFALG00000010682,ZNF831,ENSFALG00000010682
10467,ENSFALG00000010683,Tmem50b,TMEM50B
10468,ENSFALG00000010684,AGBL5,AGBL5
10469,ENSFALG00000010685,PPFIBP2,PPFIBP2
10470,ENSFALG00000010686,Dkk3,DKK3
10471,ENSFALG00000010687,SIGLEC1,SIGLEC1
10472,ENSFALG00000010688,WDR36,WDR36
10473,ENSFALG00000010689,Aldh4a1,ALDH4A1
10474,ENSFALG00000010690,Ifngr2,ENSFALG00000010690
10475,ENSFALG00000010692,USP47,USP47
10476,ENSFALG00000010693,Nudt4,ENSFALG00000010693
10477,ENSFALG00000010694,ZNF831,ENSFALG00000010694
10478,ENSFALG00000010694,ZNF831,ENSFALG00000010694
10479,ENSFALG00000010695,OLFML1,OLFML1
10480,ENSFALG00000010696,Emilin1,ENSFALG00000010696
10481,ENSFALG00000010697,FBXO22,FBXO22
10482,ENSFALG00000010698,SLC25A46,SLC25A46
10483,ENSFALG00000010699,ZNF831,ENSFALG00000010699
10484,ENSFALG00000010700,EMILIN1,ENSFALG00000010700
10485,ENSFALG00000010701,SYT9,SYT9
10486,ENSFALG00000010702,GALNT18,GALNT18
10487,ENSFALG00000010703,KHK,KHK
10488,ENSFALG00000010704,Prelid3b,PRELID3B
10489,ENSFALG00000010705,NRG4,NRG4
10490,ENSFALG00000010706,PREB,PREB
10491,ENSFALG00000010707,TMEM266,TMEM266
10492,ENSFALG00000010708,SESN2,ENSFALG00000010708
10493,ENSFALG00000010709,UBE2N,ENSFALG00000010709
10494,ENSFALG00000010709,UBE2N,ENSFALG00000010709
10495,ENSFALG00000010710,SPON1,SPON1
10496,ENSFALG00000010711,ETFA,ETFA
10497,ENSFALG00000010712,TUBB1,TUBB1
10498,ENSFALG00000010713,Isl2,ISL2
10499,ENSFALG00000010714,ELP3,ELP3
10500,ENSFALG00000010715,PHACTR4,PHACTR4
10501,ENSFALG00000010716,SCAPER,SCAPER
10502,ENSFALG00000010717,MRPL42,MRPL42
10503,ENSFALG00000010718,CTSZ,CTSZ
10504,ENSFALG00000010719,Socs2,SOCS2
10505,ENSFALG00000010720,RCN2,RCN2
10506,ENSFALG00000010721,NELFCD,NELFCD
10507,ENSFALG00000010722,CRADD,CRADD
10508,ENSFALG00000010723,SLC5A6,SLC5A6
10509,ENSFALG00000010724,KIAA1549L,KIAA1549L
10510,ENSFALG00000010725,GNAS,GNAS
10511,ENSFALG00000010726,Pstpip1,PSTPIP1
10512,ENSFALG00000010727,NPEPL1,NPEPL1
10513,ENSFALG00000010728,Plxnc1,PLXNC1
10514,ENSFALG00000010729,stk35.S,ENSFALG00000010729
10515,ENSFALG00000010730,RCC1,RCC1
10516,ENSFALG00000010731,HIPK3,HIPK3
10517,ENSFALG00000010732,Pnoc,ENSFALG00000010732
10518,ENSFALG00000010733,ZFAND5,ZFAND5
10519,ENSFALG00000010734,Znf395,ZNF395
10520,ENSFALG00000010735,STX16,ENSFALG00000010735
10521,ENSFALG00000010736,CDC40,CDC40
10522,ENSFALG00000010736,CDC40,CDC40
10523,ENSFALG00000010737,TSPAN3,TSPAN3
10524,ENSFALG00000010738,APCDD1L,APCDD1L
10525,ENSFALG00000010739,GDA,GDA
10526,ENSFALG00000010740,Itga1,ENSFALG00000010740
10527,ENSFALG00000010742,PEAK1,PEAK1
10528,ENSFALG00000010743,ATRAID,ATRAID
10529,ENSFALG00000010744,Oprd1,OPRD1
10530,ENSFALG00000010745,NCOA1,ENSFALG00000010745
10531,ENSFALG00000010746,CEP83,CEP83
10532,ENSFALG00000010747,CZH9orf85,C9orf85
10533,ENSFALG00000010748,CIMIP1,C20orf85
10534,ENSFALG00000010748,CIMIP1,C20orf85
10535,ENSFALG00000010749,ITGA2,ITGA2
10536,ENSFALG00000010750,TCEA3,TCEA3
10537,ENSFALG00000010751,HMG20A,HMG20A
10538,ENSFALG00000010752,TMCC3,TMCC3
10539,ENSFALG00000010753,ABHD17B,ABHD17B
10540,ENSFALG00000010754,Vapb,VAPB
10541,ENSFALG00000010755,MOCS2,MOCS2
10542,ENSFALG00000010756,CEMIP2,CEMIP2
10543,ENSFALG00000010757,NDUFA12,NDUFA12
10544,ENSFALG00000010758,FST,FST
10545,ENSFALG00000010759,NR2C1,NR2C1
10546,ENSFALG00000010760,METTL24,METTL24
10547,ENSFALG00000010761,CSPG4,CSPG4
10548,ENSFALG00000010762,VAPB,RAB22A
10549,ENSFALG00000010763,FGD6,FGD6
10550,ENSFALG00000010764,CSTF3,CSTF3
10551,ENSFALG00000010764,CSTF3,CSTF3
10552,ENSFALG00000010765,DDO,DDO
10553,ENSFALG00000010766,SNX33,SNX33
10554,ENSFALG00000010767,NDUFS4,NDUFS4
10555,ENSFALG00000010767,NDUFS4,NDUFS4
10556,ENSFALG00000010768,KDRL,ENSFALG00000010768
10557,ENSFALG00000010769,ASAP3,ASAP3
10558,ENSFALG00000010770,SLC22A16,SLC22A16
10559,ENSFALG00000010771,VEZT,VEZT
10560,ENSFALG00000010772,SNUPN,SNUPN
10561,ENSFALG00000010774,PPP4R1,ENSFALG00000010774
10562,ENSFALG00000010775,TRPM3,TRPM3
10563,ENSFALG00000010776,Cdk19,CDK19
10564,ENSFALG00000010777,CDX4,CDX4
10565,ENSFALG00000010778,PMEPA1,PMEPA1
10566,ENSFALG00000010779,Arl15,ARL15
10567,ENSFALG00000010780,Chic1,CHIC1
10568,ENSFALG00000010781,PTPN9,PTPN9
10569,ENSFALG00000010782,Gtf3c2,GTF3C2
10570,ENSFALG00000010783,TCP11L1,TCP11L1
10571,ENSFALG00000010784,PCK1,PCK1
10572,ENSFALG00000010785,METAP2,METAP2
10573,ENSFALG00000010786,FIP1L1,ENSFALG00000010786
10574,ENSFALG00000010787,DEPDC7,DEPDC7
10575,ENSFALG00000010788,SIN3A,SIN3A
10576,ENSFALG00000010789,USP44,USP44
10577,ENSFALG00000010790,Snx18,SNX18
10578,ENSFALG00000010792,QSER1,QSER1
10579,ENSFALG00000010793,NTN4,NTN4
10580,ENSFALG00000010794,Amd1,AMD1
10581,ENSFALG00000010796,Cspg4,ENSFALG00000010796
10582,ENSFALG00000010797,PRRG4,PRRG4
10583,ENSFALG00000010798,MAN2C1,MAN2C1
10584,ENSFALG00000010799,SNRPF,SNRPF
10585,ENSFALG00000010800,CTCFL,CTCFL
10586,ENSFALG00000010801,GTF3C6,GTF3C6
10587,ENSFALG00000010802,Usp12,ENSFALG00000010802
10588,ENSFALG00000010803,E2F2,E2F2
10589,ENSFALG00000010805,RBM38,RBM38
10590,ENSFALG00000010806,Id3a,ID3
10591,ENSFALG00000010807,CCDC73,CCDC73
10592,ENSFALG00000010808,AMDHD1,AMDHD1
10593,ENSFALG00000010809,ESM1,ESM1
10594,ENSFALG00000010810,GZMA,GZMA
10595,ENSFALG00000010811,NEIL1,NEIL1
10596,ENSFALG00000010811,NEIL1,NEIL1
10597,ENSFALG00000010812,Wasf3,ENSFALG00000010812
10598,ENSFALG00000010813,GPX8,GPX8
10599,ENSFALG00000010814,RAE1,RAE1
10600,ENSFALG00000010815,BABAM2,BABAM2
10601,ENSFALG00000010816,RPF2,RPF2
10602,ENSFALG00000010817,Eif3m,EIF3M
10603,ENSFALG00000010818,SPO11,SPO11
10604,ENSFALG00000010819,Mcidas,ENSFALG00000010819
10605,ENSFALG00000010819,Mcidas,ENSFALG00000010819
10606,ENSFALG00000010820,WT1,WT1
10607,ENSFALG00000010821,SLC16A2,SLC16A2
10608,ENSFALG00000010822,COMMD4,COMMD4
10609,ENSFALG00000010823,CCNO,CCNO
10610,ENSFALG00000010824,RCN1,ENSFALG00000010824
10611,ENSFALG00000010825,SLC30A3,SLC30A3
10612,ENSFALG00000010826,DHX29,DHX29
10613,ENSFALG00000010827,FZD3,FZD3
10614,ENSFALG00000010828,RBKS,RBKS
10615,ENSFALG00000010829,EXTL3,EXTL3
10616,ENSFALG00000010831,RLIM,RLIM
10617,ENSFALG00000010832,MRPL33,ENSFALG00000010832
10618,ENSFALG00000010833,HAL,HAL
10619,ENSFALG00000010835,Bmp7,BMP7
10620,ENSFALG00000010837,NEXMIF,NEXMIF
10621,ENSFALG00000010838,SLC16A10,SLC16A10
10622,ENSFALG00000010839,Pax6,PAX6
10623,ENSFALG00000010840,INTS9,INTS9
10624,ENSFALG00000010841,NLRP3,ENSFALG00000010841
10625,ENSFALG00000010842,SLC4A1AP,SLC4A1AP
10626,ENSFALG00000010843,ABCB7,ABCB7
10627,ENSFALG00000010844,MFSD4B,MFSD4B
10628,ENSFALG00000010845,C15orf39,ENSFALG00000010845
10629,ENSFALG00000010845,C15orf39,ENSFALG00000010845
10630,ENSFALG00000010845,C15orf39,ENSFALG00000010845
10631,ENSFALG00000010846,REV3L,REV3L
10632,ENSFALG00000010847,Supt7l,SUPT7L
10633,ENSFALG00000010848,SCAMP5,PPCDC
10634,ENSFALG00000010849,GATD1,GATD1
10635,ENSFALG00000010850,MTREX,MTREX
10636,ENSFALG00000010851,Uprt,UPRT
10637,ENSFALG00000010851,UPRT,UPRT
10638,ENSFALG00000010852,SCAMP5,SCAMP5
10639,ENSFALG00000010853,TRAF3IP2,ENSFALG00000010853
10640,ENSFALG00000010854,COX5A,COX5A
10641,ENSFALG00000010855,LRFN2,LRFN2
10642,ENSFALG00000010856,TFAP2C,TFAP2C
10643,ENSFALG00000010857,ZDHHC15,ZDHHC15
10644,ENSFALG00000010858,MOCS1,MOCS1
10645,ENSFALG00000010859,HMBOX1,HMBOX1
10646,ENSFALG00000010860,FAM219B,FAM219B
10647,ENSFALG00000010861,KIF13B,KIF13B
10648,ENSFALG00000010862,MPI,MPI
10649,ENSFALG00000010863,Clec4e,ENSFALG00000010863
10650,ENSFALG00000010864,Cenpa,CENPA
10651,ENSFALG00000010865,ELP4,ELP4
10652,ENSFALG00000010865,ELP4,ELP4
10653,ENSFALG00000010866,Lta4h,LTA4H
10654,ENSFALG00000010867,Exoc6b,ENSFALG00000010867
10655,ENSFALG00000010868,Mau2,MAU2
10656,ENSFALG00000010870,TALDO1,TALDO1
10657,ENSFALG00000010871,RTF2,RTF2
10658,ENSFALG00000010872,KIF16B,KIF16B
10659,ENSFALG00000010873,Sugp1,ENSFALG00000010873
10660,ENSFALG00000010874,Msra,MSRA
10661,ENSFALG00000010874,Msra,MSRA
10662,ENSFALG00000010875,Fyn,FYN
10663,ENSFALG00000010876,SCAMP2,SCAMP2
10664,ENSFALG00000010877,Immp1l,IMMP1L
10665,ENSFALG00000010878,CYP26B1,CYP26B1
10666,ENSFALG00000010879,PA2G4,ENSFALG00000010879
10667,ENSFALG00000010880,Fgf16,FGF16
10668,ENSFALG00000010881,HAUS6,ENSFALG00000010881
10669,ENSFALG00000010881,HAUS6,ENSFALG00000010881
10670,ENSFALG00000010882,SELENBP1,SELENBP1
10671,ENSFALG00000010883,Macrod2,ENSFALG00000010883
10672,ENSFALG00000010884,PRSS55,ENSFALG00000010884
10673,ENSFALG00000010886,PLPP1,PLPP1
10674,ENSFALG00000010887,DAAM2,DAAM2
10675,ENSFALG00000010888,DNAJC24,DNAJC24
10676,ENSFALG00000010889,Piwil2,ENSFALG00000010889
10677,ENSFALG00000010890,ELK3,ELK3
10678,ENSFALG00000010891,EPS8L2,EPS8L2
10679,ENSFALG00000010892,CSP,ENSFALG00000010892
10680,ENSFALG00000010893,ATRX,ATRX
10681,ENSFALG00000010894,Macrod2,ENSFALG00000010894
10682,ENSFALG00000010895,Syde1,ENSFALG00000010895
10683,ENSFALG00000010895,Syde1,ENSFALG00000010895
10684,ENSFALG00000010895,Syde1,ENSFALG00000010895
10685,ENSFALG00000010896,GCNT7,GCNT7
10686,ENSFALG00000010897,Pf11,ENSFALG00000010897
10687,ENSFALG00000010898,CDK17,CDK17
10688,ENSFALG00000010899,SLC38A9,SLC38A9
10689,ENSFALG00000010900,TRIM54,TRIM54
10690,ENSFALG00000010901,TMEM80,TMEM80
10691,ENSFALG00000010902,RP1L1,ENSFALG00000010902
10692,ENSFALG00000010903,NDUFAF5,NDUFAF5
10693,ENSFALG00000010904,ULK3,ULK3
10694,ENSFALG00000010906,Pcgf1,PCGF1
10695,ENSFALG00000010907,Polr3d,POLR3D
10696,ENSFALG00000010908,CASS4,CASS4
10697,ENSFALG00000010909,Cfap54,ENSFALG00000010909
10698,ENSFALG00000010910,DDX4,DDX4
10699,ENSFALG00000010911,Mpv17,ENSFALG00000010911
10700,ENSFALG00000010912,Sox7,ENSFALG00000010912
10701,ENSFALG00000010914,ESF1,ESF1
10702,ENSFALG00000010915,Tlx3,ENSFALG00000010915
10703,ENSFALG00000010916,Cstf1,CSTF1
10704,ENSFALG00000010919,IL31RA,IL31RA
10705,ENSFALG00000010920,MAGT1,MAGT1
10706,ENSFALG00000010921,DQX1,DQX1
10707,ENSFALG00000010922,TASP1,TASP1
10708,ENSFALG00000010923,Deaf1,DEAF1
10709,ENSFALG00000010924,NEDD1,ENSFALG00000010924
10710,ENSFALG00000010925,HAO1,HAO1
10711,ENSFALG00000010926,PINX1,PINX1
10712,ENSFALG00000010927,AURKA,AURKA
10713,ENSFALG00000010928,ARPP21,ARPP21
10714,ENSFALG00000010929,Rfx5,RFX5
10715,ENSFALG00000010930,CPLX3,CPLX3
10716,ENSFALG00000010931,KIF6,KIF6
10717,ENSFALG00000010932,ISM1,ISM1
10718,ENSFALG00000010933,IL6ST,IL6ST
10719,ENSFALG00000010934,Frmd5,FRMD5
10720,ENSFALG00000010935,DYSF,DYSF
10721,ENSFALG00000010936,XKR6,XKR6
10722,ENSFALG00000010937,TMX4,TMX4
10723,ENSFALG00000010938,FAM210B,FAM210B
10724,ENSFALG00000010939,RFX5,ENSFALG00000010939
10725,ENSFALG00000010940,Cox7b,ENSFALG00000010940
10726,ENSFALG00000010941,DRD4,DRD4
10727,ENSFALG00000010942,SPTLC3,SPTLC3
10728,ENSFALG00000010944,KCNK16,KCNK16
10729,ENSFALG00000010945,CSK,CSK
10730,ENSFALG00000010946,ATP7A,ATP7A
10731,ENSFALG00000010947,BTBD3,BTBD3
10732,ENSFALG00000010948,CBLN4,CBLN4
10733,ENSFALG00000010949,PI4KB,PI4KB
10734,ENSFALG00000010950,KCNK17,KCNK17
10735,ENSFALG00000010951,Wisp3,CCN6
10736,ENSFALG00000010954,SCT,ENSFALG00000010954
10737,ENSFALG00000010955,PLCB1,PLCB1
10738,ENSFALG00000010956,KCNK5,KCNK5
10739,ENSFALG00000010957,DOK5,DOK5
10740,ENSFALG00000010957,DOK5,DOK5
10741,ENSFALG00000010958,Tmpo,TMPO
10742,ENSFALG00000010959,Tube1,TUBE1
10743,ENSFALG00000010960,Saysd1,SAYSD1
10744,ENSFALG00000010961,CDHR5,ENSFALG00000010961
10745,ENSFALG00000010962,WDR76,WDR76
10746,ENSFALG00000010963,Znf687,ZNF687
10747,ENSFALG00000010964,BMP2,BMP2
10748,ENSFALG00000010965,LAMA4,LAMA4
10749,ENSFALG00000010966,RERG,RERG
10750,ENSFALG00000010967,ANKRD55,ANKRD55
10751,ENSFALG00000010968,Mpeg1,MPEG1
10752,ENSFALG00000010970,Fermt1,FERMT1
10753,ENSFALG00000010971,Cyp1a5,ENSFALG00000010971
10754,ENSFALG00000010972,GLP1R,GLP1R
10755,ENSFALG00000010973,PGK1,ENSFALG00000010973
10756,ENSFALG00000010974,LRRN4,LRRN4
10757,ENSFALG00000010975,HDAC2,HDAC2
10758,ENSFALG00000010976,Dtx4,DTX4
10759,ENSFALG00000010977,HS3ST5,HS3ST5
10760,ENSFALG00000010978,CCT4,CCT4
10761,ENSFALG00000010979,MAP3K1,MAP3K1
10762,ENSFALG00000010980,Jag1,JAG1
10763,ENSFALG00000010981,Blm,BLM
10764,ENSFALG00000010982,SLC25A3,SLC25A3
10765,ENSFALG00000010983,FRK,FRK
10766,ENSFALG00000010984,Ptpro,PTPRO
10767,ENSFALG00000010985,FAM161A,FAM161A
10768,ENSFALG00000010986,SETD9,SETD9
10769,ENSFALG00000010987,MIER3,MIER3
10770,ENSFALG00000010988,Nt5dc1,NT5DC1
10771,ENSFALG00000010989,XPO1,XPO1
10772,ENSFALG00000010990,CNTF,CNTF
10773,ENSFALG00000010991,GPBP1,GPBP1
10774,ENSFALG00000010992,IKBIP,ENSFALG00000010992
10775,ENSFALG00000010993,PLK2,PLK2
10776,ENSFALG00000010994,APAF1,APAF1
10777,ENSFALG00000010995,COL10A1,ENSFALG00000010995
10778,ENSFALG00000010996,Zfp91,ENSFALG00000010996
10779,ENSFALG00000010997,USP34,USP34
10780,ENSFALG00000010998,RAB3C,RAB3C
10781,ENSFALG00000010999,Calhm6,ENSFALG00000010999
10782,ENSFALG00000011000,Ctsh,CTSH
10783,ENSFALG00000011001,DSE,ENSFALG00000011001
10784,ENSFALG00000011002,ANKS1B,ANKS1B
10785,ENSFALG00000011003,AMOT,AMOT
10786,ENSFALG00000011004,Ube2l5,ENSFALG00000011004
10787,ENSFALG00000011005,Calhm6,ENSFALG00000011005
10788,ENSFALG00000011006,RASGRF1,RASGRF1
10789,ENSFALG00000011007,PDE4D,PDE4D
10790,ENSFALG00000011008,CAD,CAD
10791,ENSFALG00000011009,LPXN,LPXN
10792,ENSFALG00000011010,TRAPPC3L,TRAPPC3L
10793,ENSFALG00000011011,BLTP3B,UHRF1BP1L
10794,ENSFALG00000011012,NRXN1,NRXN1
10795,ENSFALG00000011012,NRXN1,NRXN1
10796,ENSFALG00000011013,ANKRD34C,ENSFALG00000011013
10797,ENSFALG00000011014,AHSA2,ENSFALG00000011014
10798,ENSFALG00000011015,Calhm5,CALHM5
10799,ENSFALG00000011017,CALHM4,ENSFALG00000011017
10800,ENSFALG00000011018,Tmed3,TMED3
10801,ENSFALG00000011019,ACTR6,ACTR6
10802,ENSFALG00000011020,Rwdd1,RWDD1
10803,ENSFALG00000011021,FSHR,FSHR
10804,ENSFALG00000011022,Gnrhr2,ENSFALG00000011022
10805,ENSFALG00000011024,DEPDC4,DEPDC4
10806,ENSFALG00000011025,TRPC5,TRPC5
10807,ENSFALG00000011026,ANPEP,ANPEP
10808,ENSFALG00000011027,DEPDC1B,DEPDC1B
10809,ENSFALG00000011027,DEPDC1B,DEPDC1B
10810,ENSFALG00000011028,Cad87a,ENSFALG00000011028
10811,ENSFALG00000011029,FAT4,ENSFALG00000011029
10812,ENSFALG00000011030,SCYL2,SCYL2
10813,ENSFALG00000011031,AP3S2,AP3S2
10814,ENSFALG00000011032,Zufsp,ZUP1
10815,ENSFALG00000011033,Fat2,ENSFALG00000011033
10816,ENSFALG00000011034,CTNND1,CTNND1
10817,ENSFALG00000011035,Stan,ENSFALG00000011035
10818,ENSFALG00000011036,ELOVL7,ELOVL7
10819,ENSFALG00000011036,ELOVL7,ELOVL7
10820,ENSFALG00000011037,ZNF710,ZNF710
10821,ENSFALG00000011038,SLX4IP,SLX4IP
10822,ENSFALG00000011039,KPNA5,KPNA5
10823,ENSFALG00000011040,MKKS,MKKS
10824,ENSFALG00000011041,LHCGR,ENSFALG00000011041
10825,ENSFALG00000011042,DNAH8,DNAH8
10826,ENSFALG00000011043,Idh2,IDH2
10827,ENSFALG00000011044,SANBR,KIAA1841
10828,ENSFALG00000011045,Ercc8,ERCC8
10829,ENSFALG00000011046,FAM162B,FAM162B
10830,ENSFALG00000011048,Ndufaf2,NDUFAF2
10831,ENSFALG00000011049,SNAP25,SNAP25
10832,ENSFALG00000011050,GPRC6A,GPRC6A
10833,ENSFALG00000011051,ALG13,ALG13
10834,ENSFALG00000011052,SEMA4B,SEMA4B
10835,ENSFALG00000011053,AUP1,ENSFALG00000011053
10836,ENSFALG00000011054,Slc17a8,SLC17A8
10837,ENSFALG00000011055,AUP1,AUP1
10838,ENSFALG00000011056,ZSWIM6,ZSWIM6
10839,ENSFALG00000011057,RFX6,RFX6
10840,ENSFALG00000011058,Pex13,PEX13
10841,ENSFALG00000011059,SERGEF,SERGEF
10842,ENSFALG00000011060,HTRA2,HTRA2
10843,ENSFALG00000011061,Ttll3,ENSFALG00000011061
10844,ENSFALG00000011062,GTF2A1L,GTF2A1L
10845,ENSFALG00000011063,PUS10,PUS10
10846,ENSFALG00000011064,CIB1,CIB1
10847,ENSFALG00000011064,CIB1,CIB1
10848,ENSFALG00000011065,STON1,ENSFALG00000011065
10849,ENSFALG00000011066,REL,REL
10850,ENSFALG00000011067,ANKEF1,ANKEF1
10851,ENSFALG00000011069,Eif3k,EIF3K
10852,ENSFALG00000011070,Loxl2,ENSFALG00000011070
10853,ENSFALG00000011071,Vgll2,VGLL2
10854,ENSFALG00000011072,DCX,DCX
10855,ENSFALG00000011073,KIF2A,KIF2A
10856,ENSFALG00000011074,PAK5,PAK5
10857,ENSFALG00000011075,Ilvbl,ENSFALG00000011075
10858,ENSFALG00000011076,CAPN6,CAPN6
10859,ENSFALG00000011077,TTLL13,ENSFALG00000011077
10860,ENSFALG00000011077,TTLL13,ENSFALG00000011077
10861,ENSFALG00000011078,TPH1,TPH1
10862,ENSFALG00000011079,PAPOLG,PAPOLG
10863,ENSFALG00000011081,Dimt1,DIMT1
10864,ENSFALG00000011082,NR1H4,NR1H4
10865,ENSFALG00000011083,PAK3,ENSFALG00000011083
10866,ENSFALG00000011085,ROS1,ROS1
10867,ENSFALG00000011086,IPO11,IPO11
10868,ENSFALG00000011087,GAS2L3,GAS2L3
10869,ENSFALG00000011088,PPP1R21,PPP1R21
10870,ENSFALG00000011088,PPP1R21,PPP1R21
10871,ENSFALG00000011091,LAMP5,LAMP5
10872,ENSFALG00000011092,Tmx2,ENSFALG00000011092
10873,ENSFALG00000011093,Sox3,SOX3
10874,ENSFALG00000011094,GABRQ,ENSFALG00000011094
10875,ENSFALG00000011095,Entpd4,ENTPD4
10876,ENSFALG00000011096,Ccdc81,ENSFALG00000011096
10877,ENSFALG00000011096,Ccdc81,ENSFALG00000011096
10878,ENSFALG00000011097,ANO4,ANO4
10879,ENSFALG00000011098,Vps33b,ENSFALG00000011098
10880,ENSFALG00000011099,PCDH10,PCDH10
10881,ENSFALG00000011100,GABRA3,GABRA3
10882,ENSFALG00000011101,MED19,MED19
10883,ENSFALG00000011102,MEX3B,MEX3B
10884,ENSFALG00000011103,EFL1,EFL1
10885,ENSFALG00000011104,GHR,GHR
10886,ENSFALG00000011105,PLCB4,PLCB4
10887,ENSFALG00000011106,SAXO2,SAXO2
10888,ENSFALG00000011107,CCDC152,CCDC152
10889,ENSFALG00000011109,DCBLD1,DCBLD1
10890,ENSFALG00000011110,Naf1,NAF1
10891,ENSFALG00000011111,SAAL1,ENSFALG00000011111
10892,ENSFALG00000011112,FOXN2,FOXN2
10893,ENSFALG00000011113,ADAMTSL3,ADAMTSL3
10894,ENSFALG00000011114,ZDHHC5,ZDHHC5
10895,ENSFALG00000011115,SLC25A37,SLC25A37
10896,ENSFALG00000011116,SELENOP,SELENOP
10897,ENSFALG00000011117,GOPC,ENSFALG00000011117
10898,ENSFALG00000011118,Fbxo11,FBXO11
10899,ENSFALG00000011119,Saa,ENSFALG00000011119
10900,ENSFALG00000011120,NPY1R,NPY1R
10901,ENSFALG00000011121,Nkx31,NKX3-1
10902,ENSFALG00000011122,Laml3,ENSFALG00000011122
10903,ENSFALG00000011123,BCL11A,BCL11A
10904,ENSFALG00000011123,BCL11A,BCL11A
10905,ENSFALG00000011124,SLC5A8,SLC5A8
10906,ENSFALG00000011125,HPS5,HPS5
10907,ENSFALG00000011126,Gabrg4,GABRE
10908,ENSFALG00000011127,MSH6,MSH6
10909,ENSFALG00000011128,ZNF131,ZNF131
10910,ENSFALG00000011129,NPY5R,NPY5R
10911,ENSFALG00000011130,STC1,STC1
10912,ENSFALG00000011131,Nepn,ENSFALG00000011131
10913,ENSFALG00000011132,SH3GL3,SH3GL3
10914,ENSFALG00000011133,DNAH9,ENSFALG00000011133
10915,ENSFALG00000011135,UTP20,UTP20
10916,ENSFALG00000011136,NIM1K,NIM1K
10917,ENSFALG00000011137,ADAM28,ADAM28
10918,ENSFALG00000011138,KCNK12,KCNK12
10919,ENSFALG00000011139,FANCL,FANCL
10920,ENSFALG00000011140,DNAH9,ENSFALG00000011140
10921,ENSFALG00000011141,Nus1,NUS1
10922,ENSFALG00000011142,TMA16,TMA16
10923,ENSFALG00000011143,ZP3,ENSFALG00000011143
10924,ENSFALG00000011144,HMGCS1,HMGCS1
10925,ENSFALG00000011145,CLP1,CLP1
10926,ENSFALG00000011146,SEMA4B,PRC1
10927,ENSFALG00000011147,BNC1,BNC1
10928,ENSFALG00000011148,GTF2H1,GTF2H1
10929,ENSFALG00000011149,MTNR1A,MTNR1A
10930,ENSFALG00000011150,NEFM,ENSFALG00000011150
10931,ENSFALG00000011151,MSH2,MSH2
10932,ENSFALG00000011153,C3,C3
10933,ENSFALG00000011154,TMEM267,TMEM267
10934,ENSFALG00000011155,Elac2,ELAC2
10935,ENSFALG00000011156,ARL1,ARL1
10936,ENSFALG00000011157,RCCD1,ENSFALG00000011157
10937,ENSFALG00000011158,SLC35F1,SLC35F1
10938,ENSFALG00000011159,YPEL4,YPEL4
10939,ENSFALG00000011160,Nefl,NEFL
10940,ENSFALG00000011161,HDGFRP3,HDGFL3
10941,ENSFALG00000011162,LDHA,LDHA
10942,ENSFALG00000011163,UNC45A,UNC45A
10943,ENSFALG00000011164,C5orf34,C5orf34
10944,ENSFALG00000011165,EIF2B4,EIF2B4
10945,ENSFALG00000011166,EPCAM,EPCAM
10946,ENSFALG00000011167,MARCHF1,MARCH1
10947,ENSFALG00000011168,CEP85L,CEP85L
10948,ENSFALG00000011169,Myocd,MYOCD
10949,ENSFALG00000011170,NUP205,NUP205
10950,ENSFALG00000011171,VRK2,VRK2
10951,ENSFALG00000011172,SERPING1,SERPING1
10952,ENSFALG00000011173,FAT1,FAT1
10953,ENSFALG00000011174,MAN2A2,MAN2A2
10954,ENSFALG00000011175,GLO1,GLO1
10955,ENSFALG00000011176,DOCK5,DOCK5
10956,ENSFALG00000011177,CNGA2,CNGA2
10957,ENSFALG00000011179,UEVLD,TSG101
10958,ENSFALG00000011180,MCM9,MCM9
10959,ENSFALG00000011181,PAIP1,PAIP1
10960,ENSFALG00000011182,TM6SF1,TM6SF1
10961,ENSFALG00000011183,ARHGEF9,ARHGEF9
10962,ENSFALG00000011184,BTBD9,BTBD9
10963,ENSFALG00000011185,TMEM192,TMEM192
10964,ENSFALG00000011186,SPDYA,SPDYA
10965,ENSFALG00000011187,FES,FES
10966,ENSFALG00000011188,TIMM10,TIMM10
10967,ENSFALG00000011189,FATE1,ENSFALG00000011189
10968,ENSFALG00000011190,GNRH1,GNRH1
10969,ENSFALG00000011191,BTBD1,BTBD1
10970,ENSFALG00000011192,NNT,NNT
10971,ENSFALG00000011193,Amer1,AMER1
10972,ENSFALG00000011194,CNOT4,CNOT4
10973,ENSFALG00000011195,ZFAND3,ZFAND3
10974,ENSFALG00000011196,TRMT61B,TRMT61B
10975,ENSFALG00000011197,CCDC85A,CCDC85A
10976,ENSFALG00000011198,Rtn4rl2,ENSFALG00000011198
10977,ENSFALG00000011199,KLHL2,KLHL2
10978,ENSFALG00000011200,Map2k4,MAP2K4
10979,ENSFALG00000011201,ASF1A,ASF1A
10980,ENSFALG00000011202,PRRG3,PRRG3
10981,ENSFALG00000011203,FGF10,FGF10
10982,ENSFALG00000011204,Co040,ENSFALG00000011204
10983,ENSFALG00000011205,ASB12,ASB12
10984,ENSFALG00000011206,KCTD9,KCTD9
10985,ENSFALG00000011207,EFEMP1,EFEMP1
10986,ENSFALG00000011208,SNX17,SNX17
10987,ENSFALG00000011209,FURIN,FURIN
10988,ENSFALG00000011210,MSMO1,MSMO1
10989,ENSFALG00000011211,RAMAC,ENSFALG00000011211
10990,ENSFALG00000011212,MDGA1,MDGA1
10991,ENSFALG00000011213,WDR43,WDR43
10992,ENSFALG00000011214,PNPT1,PNPT1
10993,ENSFALG00000011215,HOMER2,HOMER2
10994,ENSFALG00000011216,ZNF513,ZNF513
10995,ENSFALG00000011217,Cldn2,CLDN2
10996,ENSFALG00000011218,UEVLD,ENSFALG00000011218
10997,ENSFALG00000011219,MRPS30,MRPS30
10998,ENSFALG00000011221,RBM41,RBM41
10999,ENSFALG00000011222,SLC43A3,SLC43A3
11000,ENSFALG00000011223,PPP4R3B,ENSFALG00000011223
11001,ENSFALG00000011224,Whamm,WHAMM
11002,ENSFALG00000011225,FAM184A,FAM184A
11003,ENSFALG00000011226,MTMR8,MTMR8
11004,ENSFALG00000011228,Tmem220,TMEM220
11005,ENSFALG00000011229,PPM1G,PPM1G
11006,ENSFALG00000011230,CFAP36,CFAP36
11007,ENSFALG00000011231,FRG1,ENSFALG00000011231
11008,ENSFALG00000011232,Hcn1,HCN1
11009,ENSFALG00000011233,CPE,CPE
11010,ENSFALG00000011234,EBF2,EBF2
11011,ENSFALG00000011235,NUP62CL,NUP62
11012,ENSFALG00000011236,Adprm,ADPRM
11013,ENSFALG00000011237,NRBP1,NRBP1
11014,ENSFALG00000011239,Ccdc167,CCDC167
11015,ENSFALG00000011240,CCDC88A,CCDC88A
11016,ENSFALG00000011241,PPP2R2A,PPP2R2A
11017,ENSFALG00000011242,MFAP1,MFAP1
11018,ENSFALG00000011243,TNKS1BP1,ENSFALG00000011243
11019,ENSFALG00000011244,CMTR1,CMTR1
11020,ENSFALG00000011245,CLIP4,CLIP4
11021,ENSFALG00000011246,Hypk,HYPK
11022,ENSFALG00000011247,TNKS1BP1,ENSFALG00000011247
11023,ENSFALG00000011248,Prorsd1,ENSFALG00000011248
11024,ENSFALG00000011249,IFT172,IFT172
11025,ENSFALG00000011250,Sco1,SCO1
11026,ENSFALG00000011251,RNF8,RNF8
11027,ENSFALG00000011252,FSD2,FSD2
11028,ENSFALG00000011253,EMB,EMB
11029,ENSFALG00000011254,BNIP3L,BNIP3L
11030,ENSFALG00000011255,C4H8orf48,ENSFALG00000011255
11031,ENSFALG00000011256,MTIF2,MTIF2
11032,ENSFALG00000011257,MAN1A1,MAN1A1
11033,ENSFALG00000011258,AARS2,AARS2
11034,ENSFALG00000011259,SERINC4,SERINC4
11035,ENSFALG00000011261,SSRP1,SSRP1
11036,ENSFALG00000011262,Spty2d1,SPTY2D1
11037,ENSFALG00000011263,RRAGB,ENSFALG00000011263
11038,ENSFALG00000011264,TCTE1,TCTE1
11039,ENSFALG00000011265,RPS27A,ENSFALG00000011265
11040,ENSFALG00000011266,Asah1,ASAH1
11041,ENSFALG00000011267,KLF8,KLF8
11042,ENSFALG00000011268,DNAAF6,PIH1D3
11043,ENSFALG00000011269,Krtcap3,KRTCAP3
11044,ENSFALG00000011270,TBC1D32,TBC1D32
11045,ENSFALG00000011272,Klf5,ENSFALG00000011272
11046,ENSFALG00000011273,Ldlrap1,ENSFALG00000011273
11047,ENSFALG00000011274,PARP8,PARP8
11048,ENSFALG00000011275,ALK,ALK
11049,ENSFALG00000011276,TMEM86A,TMEM86A
11050,ENSFALG00000011277,FRMPD3,FRMPD3
11051,ENSFALG00000011277,FRMPD3,FRMPD3
11052,ENSFALG00000011278,TMEM151B,ENSFALG00000011278
11053,ENSFALG00000011279,STRA8,STRA8
11054,ENSFALG00000011280,PDE8A,PDE8A
11055,ENSFALG00000011281,TLL1,TLL1
11056,ENSFALG00000011282,Fkbp8,ENSFALG00000011282
11057,ENSFALG00000011283,RTN4,RTN4
11058,ENSFALG00000011284,NFKBIE,NFKBIE
11059,ENSFALG00000011285,PRPS1,ENSFALG00000011285
11060,ENSFALG00000011286,PTPN5,PTPN5
11061,ENSFALG00000011287,TMSB15B,ENSFALG00000011287
11062,ENSFALG00000011288,Fndc4,FNDC4
11063,ENSFALG00000011290,PLP1,PLP1
11064,ENSFALG00000011291,SLC35B2,SLC35B2
11065,ENSFALG00000011292,WDR91,WDR91
11066,ENSFALG00000011294,HSF2,HSF2
11067,ENSFALG00000011294,HSF2,HSF2
11068,ENSFALG00000011295,PDIA3,PDIA3
11069,ENSFALG00000011296,DPYSL2,DPYSL2
11070,ENSFALG00000011296,DPYSL2,DPYSL2
11071,ENSFALG00000011297,PTPRJ,ENSFALG00000011297
11072,ENSFALG00000011298,P2RX3,P2RX3
11073,ENSFALG00000011299,GLRA4,GLRA4
11074,ENSFALG00000011300,HSP90AB1,HSP90AB1
11075,ENSFALG00000011301,PCM1,PCM1
11076,ENSFALG00000011302,ZNF512,ZNF512
11077,ENSFALG00000011303,RPL36AL,RPL36AL
11078,ENSFALG00000011304,SLC29A1,SLC29A1
11079,ENSFALG00000011305,ISL1,ISL1
11080,ENSFALG00000011306,GLA,GLA
11081,ENSFALG00000011307,FGL1,FGL1
11082,ENSFALG00000011309,MTUS1,ENSFALG00000011309
11083,ENSFALG00000011310,CAPN11,CAPN11
11084,ENSFALG00000011312,PDE6H,PDE6H
11085,ENSFALG00000011313,TMEM63B,TMEM63B
11086,ENSFALG00000011314,EML6,EML6
11087,ENSFALG00000011315,MTUS1,ENSFALG00000011315
11088,ENSFALG00000011316,Cotd,ENSFALG00000011316
11089,ENSFALG00000011317,ARHGDIB,ARHGDIB
11090,ENSFALG00000011318,Glod5,GLOD5
11091,ENSFALG00000011319,Gatm,GATM
11092,ENSFALG00000011320,YPEL5,YPEL5
11093,ENSFALG00000011321,SPOCK3,SPOCK3
11094,ENSFALG00000011322,LBH,LBH
11095,ENSFALG00000011323,IRG1,ENSFALG00000011323
11096,ENSFALG00000011324,MRPL14,MRPL14
11097,ENSFALG00000011324,MRPL14,MRPL14
11098,ENSFALG00000011325,PDGFRL,PDGFRL
11099,ENSFALG00000011326,MYH3,ENSFALG00000011326
11100,ENSFALG00000011328,MGP,MGP
11101,ENSFALG00000011329,SERINC1,SERINC1
11102,ENSFALG00000011330,LCLAT1,LCLAT1
11103,ENSFALG00000011331,Gpn1,GPN1
11104,ENSFALG00000011332,DENND6B,DENND6B
11105,ENSFALG00000011333,Yrdc,ENSFALG00000011333
11106,ENSFALG00000011334,ADRA1A,ADRA1A
11107,ENSFALG00000011335,Ckmt1,ENSFALG00000011335
11108,ENSFALG00000011336,BTK,BTK
11109,ENSFALG00000011337,SLC7A2,SLC7A2
11110,ENSFALG00000011338,OSBPL5,OSBPL5
11111,ENSFALG00000011339,HDC,HDC
11112,ENSFALG00000011340,Anxa10,ANXA10
11113,ENSFALG00000011341,VEGFA,VEGFA
11114,ENSFALG00000011343,SUA5,ENSFALG00000011343
11115,ENSFALG00000011345,BGLAP,ENSFALG00000011345
11116,ENSFALG00000011346,CAPN13,CAPN13
11117,ENSFALG00000011348,SPTBN1,SPTBN1
11118,ENSFALG00000011349,LRRTM4,LRRTM4
11119,ENSFALG00000011350,ART4,ART4
11120,ENSFALG00000011351,Gatd3b,ENSFALG00000011351
11121,ENSFALG00000011352,PKIB,PKIB
11122,ENSFALG00000011355,WBP11,ENSFALG00000011355
11123,ENSFALG00000011356,MRPS18A,MRPS18A
11124,ENSFALG00000011358,MTMR7,MTMR7
11125,ENSFALG00000011359,Dvir\GJ25876,ENSFALG00000011359
11126,ENSFALG00000011360,Acyp2,ACYP2
11127,ENSFALG00000011360,ACYP2,ACYP2
11128,ENSFALG00000011361,PALLD,PALLD
11129,ENSFALG00000011362,Cetn2,CETN1
11130,ENSFALG00000011363,PPP6R2,PPP6R2
11131,ENSFALG00000011364,Fabp7,FABP7
11132,ENSFALG00000011365,Rsph9,RSPH9
11133,ENSFALG00000011366,Igf2bp1,IGF2BP1
11134,ENSFALG00000011367,VPS37A,VPS37A
11135,ENSFALG00000011368,H1,ENSFALG00000011368
11136,ENSFALG00000011369,PPIP5K1,PPIP5K1
11137,ENSFALG00000011370,GABPB1,GABPB1
11138,ENSFALG00000011371,PSME4,PSME4
11139,ENSFALG00000011372,H2BC21,ENSFALG00000011372
11140,ENSFALG00000011373,GALNT14,GALNT14
11141,ENSFALG00000011374,CNOT7,CNOT7
11142,ENSFALG00000011375,CBR4,CBR4
11143,ENSFALG00000011378,H101,ENSFALG00000011378
11144,ENSFALG00000011379,PLD5,PLD5
11145,ENSFALG00000011380,SH3RF1,SH3RF1
11146,ENSFALG00000011381,Zdhhc2,ZDHHC2
11147,ENSFALG00000011382,MAP1A,MAP1A
11148,ENSFALG00000011383,ERLEC1,ERLEC1
11149,ENSFALG00000011384,H2BC18,ENSFALG00000011384
11150,ENSFALG00000011385,Ube2z,UBE2Z
11151,ENSFALG00000011386,NSDHL,NSDHL
11152,ENSFALG00000011387,Naa40,NAA40
11153,ENSFALG00000011389,MICU3,MICU3
11154,ENSFALG00000011390,NEK1,NEK1
11155,ENSFALG00000011391,DDX47,DDX47
11156,ENSFALG00000011392,USP8,USP8
11157,ENSFALG00000011393,SMPDL3A,SMPDL3A
11158,ENSFALG00000011394,Cd27,ENSFALG00000011394
11159,ENSFALG00000011396,Snf8,SNF8
11160,ENSFALG00000011397,CHAC2,CHAC2
11161,ENSFALG00000011398,CEP170,CEP170
11162,ENSFALG00000011399,ONECUT3,ONECUT3
11163,ENSFALG00000011400,TIMM8A,TIMM8A
11164,ENSFALG00000011401,CAPN14,CAPN14
11165,ENSFALG00000011402,FGF20,FGF20
11166,ENSFALG00000011403,Gprc5a,ENSFALG00000011403
11167,ENSFALG00000011404,USP50,USP50
11168,ENSFALG00000011405,CLCN3,CLCN3
11169,ENSFALG00000011406,TP53BP1,TP53BP1
11170,ENSFALG00000011408,ASB3,ASB3
11171,ENSFALG00000011409,TCF3,TCF3
11172,ENSFALG00000011410,Cdk5rap3,CDK5RAP3
11173,ENSFALG00000011411,ZNF185,ENSFALG00000011411
11174,ENSFALG00000011412,CLVS2,CLVS2
11175,ENSFALG00000011413,HPF1,HPF1
11176,ENSFALG00000011414,Taf7,TAF7
11177,ENSFALG00000011415,HEBP1,HEBP1
11178,ENSFALG00000011416,TRPM7,TRPM7
11179,ENSFALG00000011417,TUBGCP4,TUBGCP4
11180,ENSFALG00000011418,CARS1,CARS
11181,ENSFALG00000011419,UQCR11,ENSFALG00000011419
11182,ENSFALG00000011420,Sdccag8,ENSFALG00000011420
11183,ENSFALG00000011421,MFAP3L,MFAP3L
11184,ENSFALG00000011422,INCENP,ENSFALG00000011422
11185,ENSFALG00000011422,INCENP,ENSFALG00000011422
11186,ENSFALG00000011423,Trdn,ENSFALG00000011423
11187,ENSFALG00000011424,MBD3,ENSFALG00000011424
11188,ENSFALG00000011425,AADAT,AADAT
11189,ENSFALG00000011426,TUSC3,TUSC3
11190,ENSFALG00000011426,TUSC3,TUSC3
11191,ENSFALG00000011428,Mall,MALL
11192,ENSFALG00000011429,NFE2L1,NFE2L1
11193,ENSFALG00000011430,NKAIN2,NKAIN2
11194,ENSFALG00000011431,NAP1L4,NAP1L4
11195,ENSFALG00000011432,IQGAP1,IQGAP1
11196,ENSFALG00000011433,SLAIL,ENSFALG00000011433
11197,ENSFALG00000011434,SPPL2A,SPPL2A
11198,ENSFALG00000011435,GALNTL6,ENSFALG00000011435
11199,ENSFALG00000011436,RNF217,RNF217
11200,ENSFALG00000011437,Aipl1,ENSFALG00000011437
11201,ENSFALG00000011438,NPHP1,NPHP1
11202,ENSFALG00000011439,Akt3,AKT3
11203,ENSFALG00000011440,Slc22a18,SLC22A18
11204,ENSFALG00000011441,GALNTL6,GALNTL6
11205,ENSFALG00000011442,Vps51,VPS51
11206,ENSFALG00000011443,Tpd52l1,TPD52L1
11207,ENSFALG00000011445,VAMP7,VAMP7
11208,ENSFALG00000011446,SBF1,SBF1
11209,ENSFALG00000011447,FAM234B,FAM234B
11210,ENSFALG00000011447,FAM234B,FAM234B
11211,ENSFALG00000011448,Ehd3,EHD3
11212,ENSFALG00000011449,Snx11,ENSFALG00000011449
11213,ENSFALG00000011450,Hddc2,HDDC2
11214,ENSFALG00000011451,KCNQ1,KCNQ1
11215,ENSFALG00000011452,BUB1,ENSFALG00000011452
11216,ENSFALG00000011453,BET1L,BET1L
11217,ENSFALG00000011454,Cdc42se2b,ENSFALG00000011454
11218,ENSFALG00000011455,RIC8A,RIC8A
11219,ENSFALG00000011456,DRP2,DRP2
11220,ENSFALG00000011457,SQOR,ENSFALG00000011457
11221,ENSFALG00000011458,GALNT7,GALNT7
11222,ENSFALG00000011459,SIRT3,SIRT3
11223,ENSFALG00000011460,UNC13A,ENSFALG00000011460
11224,ENSFALG00000011461,HEY2,HEY2
11225,ENSFALG00000011463,POLR1D,POLR1D
11226,ENSFALG00000011464,GSG1,GSG1
11227,ENSFALG00000011465,PSMD13,PSMD13
11228,ENSFALG00000011466,EMP1,EMP1
11229,ENSFALG00000011467,CENPI,CENPI
11230,ENSFALG00000011468,GRIN2B,GRIN2B
11231,ENSFALG00000011469,NCOA7,NCOA7
11232,ENSFALG00000011470,Ednrb,ENSFALG00000011470
11233,ENSFALG00000011472,TMEM35A,TMEM35A
11234,ENSFALG00000011473,ZBTB18,ZBTB18
11235,ENSFALG00000011474,HMGB2,HMGB2
11236,ENSFALG00000011475,Trmt2b,TRMT2B
11237,ENSFALG00000011476,TRPM5,TRPM5
11238,ENSFALG00000011477,HINT3,HINT3
11239,ENSFALG00000011478,XDH,XDH
11240,ENSFALG00000011479,F8a1,ENSFALG00000011479
11241,ENSFALG00000011480,SLC30A4,SLC30A4
11242,ENSFALG00000011481,SAP30,SAP30
11243,ENSFALG00000011482,Bub1,BUB1
11244,ENSFALG00000011483,ATF7IP,ATF7IP
11245,ENSFALG00000011484,ADSS2,ADSS
11246,ENSFALG00000011485,C15orf48,C15orf48
11247,ENSFALG00000011486,TRMT11,TRMT11
11248,ENSFALG00000011487,AFG2B,SPATA5L1
11249,ENSFALG00000011488,SCRG1,SCRG1
11250,ENSFALG00000011489,DTWD1,DTWD1
11251,ENSFALG00000011490,Hand2,HAND2
11252,ENSFALG00000011491,TMLHE,TMLHE
11253,ENSFALG00000011492,FGF7,FGF7
11254,ENSFALG00000011493,FBXO8,FBXO8
11255,ENSFALG00000011494,GALK2,GALK2
11256,ENSFALG00000011495,PLBD1,PLBD1
11257,ENSFALG00000011496,Dkc1,DKC1
11258,ENSFALG00000011497,COPS2,COPS2
11259,ENSFALG00000011498,Hepacam,ENSFALG00000011498
11260,ENSFALG00000011499,CEP44,CEP44
11261,ENSFALG00000011500,ANAPC1,ANAPC1
11262,ENSFALG00000011502,Tnfsf10,ENSFALG00000011502
11263,ENSFALG00000011503,SECISBP2L,SECISBP2L
11264,ENSFALG00000011504,CENPW,CENPW
11265,ENSFALG00000011505,RSPO3,RSPO3
11266,ENSFALG00000011506,HPGD,HPGD
11267,ENSFALG00000011507,DESI2,DESI2
11268,ENSFALG00000011508,PGGHG,PGGHG
11269,ENSFALG00000011509,SHC4,SHC4
11270,ENSFALG00000011510,Clcn5,CLCN5
11271,ENSFALG00000011511,Echdc1,ECHDC1
11272,ENSFALG00000011512,CEP152,CEP152
11273,ENSFALG00000011513,Rgcc,ENSFALG00000011513
11274,ENSFALG00000011513,Rgcc,ENSFALG00000011513
11275,ENSFALG00000011514,CD81,CD81
11276,ENSFALG00000011515,Soga3,ENSFALG00000011515
11277,ENSFALG00000011516,GLRA3,GLRA3
11278,ENSFALG00000011517,IFITM5,IFITM5
11279,ENSFALG00000011518,DESI2,COX20
11280,ENSFALG00000011519,ARHGAP36,ENSFALG00000011519
11281,ENSFALG00000011520,FBN1,FBN1
11282,ENSFALG00000011521,C6orf58,C6orf58
11283,ENSFALG00000011522,CDC42BPA,CDC42BPA
11284,ENSFALG00000011523,TSPAN32,TSPAN32
11285,ENSFALG00000011524,Ifitm1,ENSFALG00000011524
11286,ENSFALG00000011525,GPM6A,GPM6A
11287,ENSFALG00000011526,THEMIS,THEMIS
11288,ENSFALG00000011527,B4GALNT4,B4GALNT4
11289,ENSFALG00000011528,HNRNPU,HNRNPU
11290,ENSFALG00000011529,ENOX2,ENOX2
11291,ENSFALG00000011530,COQ8A,COQ8A
11292,ENSFALG00000011531,PTPRK,PTPRK
11293,ENSFALG00000011532,MERTK,MERTK
11294,ENSFALG00000011532,MERTK,MERTK
11295,ENSFALG00000011533,NFIC,NFIC
11296,ENSFALG00000011533,NFIC,NFIC
11297,ENSFALG00000011534,PSEN2,PSEN2
11298,ENSFALG00000011535,Eef1g,EEF1G
11299,ENSFALG00000011536,PKP3,PKP3
11300,ENSFALG00000011537,Dctn2,ENSFALG00000011537
11301,ENSFALG00000011538,DUT,DUT
11302,ENSFALG00000011538,DUT,DUT
11303,ENSFALG00000011540,GPR119,GPR119
11304,ENSFALG00000011541,MPP1,MPP1
11305,ENSFALG00000011541,MPP1,MPP1
11306,ENSFALG00000011542,GUCY2C,GUCY2C
11307,ENSFALG00000011542,GUCY2C,GUCY2C
11308,ENSFALG00000011543,WDR17,WDR17
11309,ENSFALG00000011544,TH,TH
11310,ENSFALG00000011545,ITPKB,ITPKB
11311,ENSFALG00000011546,EFCAB2,EFCAB2
11312,ENSFALG00000011547,LAMA2,ENSFALG00000011547
11313,ENSFALG00000011548,Hace1,HACE1
11314,ENSFALG00000011549,SLC12A1,SLC12A1
11315,ENSFALG00000011550,Calr,CALR
11316,ENSFALG00000011551,SLC25A14,SLC25A14
11317,ENSFALG00000011554,SIGIRR,SIGIRR
11318,ENSFALG00000011555,KIF26B,KIF26B
11319,ENSFALG00000011556,Fmod,FMOD
11320,ENSFALG00000011557,TCF4,ENSFALG00000011557
11321,ENSFALG00000011558,Stum,STUM
11322,ENSFALG00000011558,STUM,STUM
11323,ENSFALG00000011560,ANO9,ANO9
11324,ENSFALG00000011562,LAMA2,ENSFALG00000011562
11325,ENSFALG00000011563,Smyd3,SMYD3
11326,ENSFALG00000011564,DOHH,DOHH
11327,ENSFALG00000011565,Myef2,MYEF2
11328,ENSFALG00000011566,Btg2,BTG2
11329,ENSFALG00000011568,PTDSS2,PTDSS2
11330,ENSFALG00000011569,Gzf1,ENSFALG00000011569
11331,ENSFALG00000011570,ASB5,ASB5
11332,ENSFALG00000011572,SLC25A14,ENSFALG00000011572
11333,ENSFALG00000011573,TFB2M,TFB2M
11334,ENSFALG00000011574,LIN28B,LIN28B
11335,ENSFALG00000011576,SYT12,SYT12
11336,ENSFALG00000011577,FZR1,FZR1
11337,ENSFALG00000011578,PARP1,PARP1
11338,ENSFALG00000011579,INS,ENSFALG00000011579
11339,ENSFALG00000011580,TXNL1,TXNL1
11340,ENSFALG00000011581,Rab33a,RAB33A
11341,ENSFALG00000011582,Spc22,SPCS3
11342,ENSFALG00000011583,BVES,BVES
11343,ENSFALG00000011584,SLC24A5,SLC24A5
11344,ENSFALG00000011585,GRAMD2,ENSFALG00000011585
11345,ENSFALG00000011586,LAMA2,ENSFALG00000011586
11346,ENSFALG00000011587,CNST,CNST
11347,ENSFALG00000011588,IFT56,TTC26
11348,ENSFALG00000011589,ZC3H6,ZC3H6
11349,ENSFALG00000011590,VEGFC,VEGFC
11350,ENSFALG00000011591,IGF2,IGF2
11351,ENSFALG00000011592,MARS2,MARS2
11352,ENSFALG00000011594,ANKRD16,ANKRD16
11353,ENSFALG00000011595,F8,F8
11354,ENSFALG00000011596,Ubn2,UBN2
11355,ENSFALG00000011597,MFSD12,MFSD12
11356,ENSFALG00000011598,Mrpl23,ENSFALG00000011598
11357,ENSFALG00000011599,SCCPDH,SCCPDH
11358,ENSFALG00000011600,Fmc1,FMC1
11359,ENSFALG00000011601,LAMA2,ENSFALG00000011601
11360,ENSFALG00000011602,Usp106,ENSFALG00000011602
11361,ENSFALG00000011603,POPDC3,POPDC3
11362,ENSFALG00000011604,Ighmbp2,IGHMBP2
11363,ENSFALG00000011605,NEIL3,NEIL3
11364,ENSFALG00000011606,ARHGAP18,ARHGAP18
11365,ENSFALG00000011607,AIFM1,AIFM1
11366,ENSFALG00000011608,PREP,PREP
11367,ENSFALG00000011609,HMG20B,HMG20B
11368,ENSFALG00000011610,Cygb1,ENSFALG00000011610
11369,ENSFALG00000011611,Chia,ENSFALG00000011611
11370,ENSFALG00000011613,Napb,NAPB
11371,ENSFALG00000011614,AGA,AGA
11372,ENSFALG00000011615,Tmem244,TMEM244
11373,ENSFALG00000011616,TNNT3,TNNT3
11374,ENSFALG00000011617,SEMA6D,SEMA6D
11375,ENSFALG00000011618,LIN9,LIN9
11376,ENSFALG00000011619,Gipc3,GIPC3
11377,ENSFALG00000011620,GDI2,GDI2
11378,ENSFALG00000011621,Poldip3,POLDIP3
11379,ENSFALG00000011622,L3MBTL3,L3MBTL3
11380,ENSFALG00000011623,WDR7,WDR7
11381,ENSFALG00000011624,PRDM1,PRDM1
11382,ENSFALG00000011625,AHCTF1,AHCTF1
11383,ENSFALG00000011626,ACBD3,ACBD3
11384,ENSFALG00000011627,TBXA2R,TBXA2R
11385,ENSFALG00000011628,SAMD3,SAMD3
11386,ENSFALG00000011629,CACTIN,CACTIN
11387,ENSFALG00000011629,Cactin,CACTIN
11388,ENSFALG00000011630,TENM3,TENM3
11389,ENSFALG00000011631,ATG5,ATG5
11390,ENSFALG00000011632,Crybg1,ENSFALG00000011632
11391,ENSFALG00000011633,PIP5K1C,PIP5K1C
11392,ENSFALG00000011634,DCTD,DCTD
11393,ENSFALG00000011635,RRP7A,RRP7A
11394,ENSFALG00000011636,GZF1,ENSFALG00000011636
11395,ENSFALG00000011637,His3.3A,ENSFALG00000011637
11396,ENSFALG00000011638,WWC2,WWC2
11397,ENSFALG00000011639,SERHL2,SERHL2
11398,ENSFALG00000011640,TJP3,TJP3
11399,ENSFALG00000011641,CRYBG1,ENSFALG00000011641
11400,ENSFALG00000011642,Bcorl1,BCORL1
11401,ENSFALG00000011643,CDKN2AIP,CDKN2AIP
11402,ENSFALG00000011644,Sde2,SDE2
11403,ENSFALG00000011645,Cd93,CD93
11404,ENSFALG00000011646,RWDD4,RWDD4
11405,ENSFALG00000011647,PRR33,ENSFALG00000011647
11406,ENSFALG00000011648,NFAM1,NFAM1
11407,ENSFALG00000011649,Srd5a2,SRD5A2
11408,ENSFALG00000011650,Epb41l2,EPB41L2
11409,ENSFALG00000011651,TCF20,TCF20
11410,ENSFALG00000011652,Thbd,ENSFALG00000011652
11411,ENSFALG00000011653,MEMO1,MEMO1
11412,ENSFALG00000011654,Apba3,APBA3
11413,ENSFALG00000011654,Apba1,APBA3
11414,ENSFALG00000011655,LSP1,LSP1
11415,ENSFALG00000011656,Sstr4,SSTR4
11416,ENSFALG00000011658,Dpy30,DPY30
11417,ENSFALG00000011659,LEFTY1,ENSFALG00000011659
11418,ENSFALG00000011660,Mrpl54,MRPL54
11419,ENSFALG00000011661,FUNDC2,FUNDC2
11420,ENSFALG00000011662,CSNK1D,CSNK1D
11421,ENSFALG00000011663,Foxa2,FOXA2
11422,ENSFALG00000011664,Rtn4ip1,RTN4IP1
11423,ENSFALG00000011665,Utp14a,ENSFALG00000011665
11424,ENSFALG00000011666,TASOR2,ENSFALG00000011666
11425,ENSFALG00000011666,TASOR2,ENSFALG00000011666
11426,ENSFALG00000011667,TRAPPC11,TRAPPC11
11427,ENSFALG00000011668,ST8SIA3,ST8SIA3
11428,ENSFALG00000011669,DMXL2,DMXL2
11429,ENSFALG00000011670,CMC4,CMC4
11430,ENSFALG00000011671,SLC16A3,SLC16A3
11431,ENSFALG00000011672,TMEM63A,TMEM63A
11432,ENSFALG00000011673,SPAST,SPAST
11433,ENSFALG00000011674,Fam208b,ENSFALG00000011674
11434,ENSFALG00000011675,CYP2D6,ENSFALG00000011675
11435,ENSFALG00000011676,Tnni2,TNNI2
11436,ENSFALG00000011677,MRPL21,MRPL21
11437,ENSFALG00000011678,ONECUT2,ONECUT2
11438,ENSFALG00000011679,GLDN,GLDN
11439,ENSFALG00000011680,Mtcp1,ENSFALG00000011680
11440,ENSFALG00000011681,MALT1,ENSFALG00000011681
11441,ENSFALG00000011681,MALT1,ENSFALG00000011681
11442,ENSFALG00000011682,QRSL1,QRSL1
11443,ENSFALG00000011683,EPHX1,EPHX1
11444,ENSFALG00000011684,ASB13,ASB13
11445,ENSFALG00000011686,BRCC3,BRCC3
11446,ENSFALG00000011687,CCDC57,ENSFALG00000011687
11447,ENSFALG00000011688,MTRES1,MTRES1
11448,ENSFALG00000011689,Srp9,SRP9
11449,ENSFALG00000011690,FECH,FECH
11450,ENSFALG00000011691,NET1,NET1
11451,ENSFALG00000011692,GCNA,ENSFALG00000011692
11452,ENSFALG00000011694,FASN,FASN
11453,ENSFALG00000011695,BEND3,BEND3
11454,ENSFALG00000011696,CYP19A1,CYP19A1
11455,ENSFALG00000011697,AKAP7,AKAP7
11456,ENSFALG00000011698,NARS1,NARS
11457,ENSFALG00000011699,OGT,OGT
11458,ENSFALG00000011700,TUBAL3,ENSFALG00000011700
11459,ENSFALG00000011701,ENAH,ENAH
11460,ENSFALG00000011702,PDSS2,PDSS2
11461,ENSFALG00000011703,SYT8,SYT8
11462,ENSFALG00000011704,RAX2,ENSFALG00000011704
11463,ENSFALG00000011705,Sp15,ENSFALG00000011705
11464,ENSFALG00000011706,ZDHHC9,ZDHHC9
11465,ENSFALG00000011707,DUS1L,DUS1L
11466,ENSFALG00000011708,STOX2,STOX2
11467,ENSFALG00000011710,ATP8B1,ATP8B1
11468,ENSFALG00000011711,AKAP7,ENSFALG00000011711
11469,ENSFALG00000011712,SOBP,SOBP
11470,ENSFALG00000011713,Nt5c1a,ENSFALG00000011713
11471,ENSFALG00000011715,ENPP6,ENPP6
11472,ENSFALG00000011716,GPS1,GPS1
11473,ENSFALG00000011717,MED23,MED23
11474,ENSFALG00000011718,Slc30a6,SLC30A6
11475,ENSFALG00000011718,Slc30a6,SLC30A6
11476,ENSFALG00000011719,DNAJC17,DNAJC17
11477,ENSFALG00000011720,MATK,MATK
11478,ENSFALG00000011721,NEDD4L,NEDD4L
11479,ENSFALG00000011722,CTSD,ENSFALG00000011722
11480,ENSFALG00000011723,TAF1,ENSFALG00000011723
11481,ENSFALG00000011725,ELAVL1,ELAVL1
11482,ENSFALG00000011726,Ndufa6,NDUFA6
11483,ENSFALG00000011727,IRF2,IRF2
11484,ENSFALG00000011728,TNFAIP8L3,TNFAIP8L3
11485,ENSFALG00000011729,SCML4,SCML4
11486,ENSFALG00000011730,IFITM10,IFITM10
11487,ENSFALG00000011731,SASH3,SASH3
11488,ENSFALG00000011732,ENPP3,ENPP3
11489,ENSFALG00000011733,SMDT1,SMDT1
11490,ENSFALG00000011734,Rfng,RFNG
11491,ENSFALG00000011735,Col7a1,ENSFALG00000011735
11492,ENSFALG00000011736,AP4E1,AP4E1
11493,ENSFALG00000011737,Gchfr,GCHFR
11494,ENSFALG00000011738,LBR,LBR
11495,ENSFALG00000011738,LBR,LBR
11496,ENSFALG00000011739,SEC63,SEC63
11497,ENSFALG00000011741,QPCT,QPCT
11498,ENSFALG00000011742,Dusp8,DUSP8
11499,ENSFALG00000011743,Scg3,SCG3
11500,ENSFALG00000011744,PRKD3,PRKD3
11501,ENSFALG00000011745,CASP3,CASP3
11502,ENSFALG00000011746,Ostm1,OSTM1
11503,ENSFALG00000011747,NAGA,NAGA
11504,ENSFALG00000011748,LYSMD2,LYSMD2
11505,ENSFALG00000011749,NDUFAF7,NDUFAF7
11506,ENSFALG00000011750,RMDN3,RMDN3
11507,ENSFALG00000011751,MOB2,MOB2
11508,ENSFALG00000011752,XPNPEP2,XPNPEP2
11509,ENSFALG00000011753,ENPP1,ENPP1
11510,ENSFALG00000011754,Pram1,ENSFALG00000011754
11511,ENSFALG00000011755,NR2E1,NR2E1
11512,ENSFALG00000011756,CNIH3,CNIH3
11513,ENSFALG00000011757,Rac3,RAC3
11514,ENSFALG00000011758,CEBPZ,CEBPZ
11515,ENSFALG00000011759,CCN2,CCN2
11516,ENSFALG00000011760,PRAM1,ENSFALG00000011760
11517,ENSFALG00000011761,ITGB1BP2,ITGB1BP2
11518,ENSFALG00000011762,Pole4,POLE4
11519,ENSFALG00000011763,Tmod2,TMOD2
11520,ENSFALG00000011764,PRIMPOL,PRIMPOL
11521,ENSFALG00000011765,NONO,NONO
11522,ENSFALG00000011766,SREBF2,ENSFALG00000011766
11523,ENSFALG00000011767,Der,DCXR
11524,ENSFALG00000011768,GIF,ENSFALG00000011768
11525,ENSFALG00000011769,Wdr26,WDR26
11526,ENSFALG00000011770,ZMYM3,ZMYM3
11527,ENSFALG00000011771,Bmp2b,ENSFALG00000011771
11528,ENSFALG00000011773,SEPTIN3,SEPTIN3
11529,ENSFALG00000011774,CENPU,CENPU
11530,ENSFALG00000011775,Snx3,SNX3
11531,ENSFALG00000011776,BRSK2,BRSK2
11532,ENSFALG00000011777,Cebpzos,ENSFALG00000011777
11533,ENSFALG00000011778,LRRC45,LRRC45
11534,ENSFALG00000011779,MOXD1,MOXD1
11535,ENSFALG00000011779,MOXD1,MOXD1
11536,ENSFALG00000011780,AFG1L,AFG1L
11537,ENSFALG00000011781,Slc35b4,SLC35B4
11538,ENSFALG00000011782,CENPM,CENPM
11539,ENSFALG00000011785,Crim1,CRIM1
11540,ENSFALG00000011786,OCRL,OCRL
11541,ENSFALG00000011788,FEN1,FEN1
11542,ENSFALG00000011789,FOXO3,ENSFALG00000011789
11543,ENSFALG00000011790,Cnih4,CNIH4
11544,ENSFALG00000011791,Tmem258,TMEM258
11545,ENSFALG00000011792,NLGN3,NLGN3
11546,ENSFALG00000011793,Tnfrsf13c,ENSFALG00000011793
11547,ENSFALG00000011794,NDUFA7,ENSFALG00000011794
11548,ENSFALG00000011795,Fez2,FEZ2
11549,ENSFALG00000011796,ACSL1,ACSL1
11550,ENSFALG00000011797,ERCC6L,ERCC6L
11551,ENSFALG00000011798,NVL,NVL
11552,ENSFALG00000011799,MED12,ENSFALG00000011799
11553,ENSFALG00000011800,ARMC2,ARMC2
11554,ENSFALG00000011801,STX7,STX7
11555,ENSFALG00000011802,Shisa8,ENSFALG00000011802
11556,ENSFALG00000011803,VIT,ENSFALG00000011803
11557,ENSFALG00000011804,LRGUK,LRGUK
11558,ENSFALG00000011805,ANGPTL4,ANGPTL4
11559,ENSFALG00000011806,MYRF,MYRF
11560,ENSFALG00000011807,TMOD3,TMOD3
11561,ENSFALG00000011808,DEGS1,DEGS1
11562,ENSFALG00000011809,MED12,ENSFALG00000011809
11563,ENSFALG00000011810,TAAR2,TAAR1
11564,ENSFALG00000011811,SREBF2,SREBF2
11565,ENSFALG00000011812,CENPX,ENSFALG00000011812
11566,ENSFALG00000011812,CENPX,ENSFALG00000011812
11567,ENSFALG00000011813,SESN1,SESN1
11568,ENSFALG00000011814,Pin4,PIN4
11569,ENSFALG00000011814,PIN4,PIN4
11570,ENSFALG00000011815,Fbxo28,FBXO28
11571,ENSFALG00000011816,KANK3,KANK3
11572,ENSFALG00000011817,Vnn2,ENSFALG00000011817
11573,ENSFALG00000011818,Cep57l1,CEP57L1
11574,ENSFALG00000011819,Ccdc134,ENSFALG00000011819
11575,ENSFALG00000011820,ASPSCR1,ASPSCR1
11576,ENSFALG00000011821,GRINA,GRINA
11577,ENSFALG00000011822,IL2RG,ENSFALG00000011822
11578,ENSFALG00000011824,TOLLIP,TOLLIP
11579,ENSFALG00000011824,TOLLIP,TOLLIP
11580,ENSFALG00000011825,HELT,HELT
11581,ENSFALG00000011828,RAB11B,ENSFALG00000011828
11582,ENSFALG00000011830,SLC18B1,SLC18B1
11583,ENSFALG00000011831,Ccdc134,ENSFALG00000011831
11584,ENSFALG00000011832,RHOBTB3,RHOBTB3
11585,ENSFALG00000011833,NOTUM,NOTUM
11586,ENSFALG00000011834,Ccdc124a,ENSFALG00000011834
11587,ENSFALG00000011834,Ccdc124a,ENSFALG00000011834
11588,ENSFALG00000011835,VIT,VIT
11589,ENSFALG00000011835,VIT,VIT
11590,ENSFALG00000011836,SLC25A4,SLC25A4
11591,ENSFALG00000011837,CD164,CD164
11592,ENSFALG00000011838,Tp53bp2,TP53BP2
11593,ENSFALG00000011839,MID2,MID2
11594,ENSFALG00000011840,SESN3,ENSFALG00000011840
11595,ENSFALG00000011842,RPS12,ENSFALG00000011842
11596,ENSFALG00000011843,MARCHF2,MARCH2
11597,ENSFALG00000011844,LEO1,LEO1
11598,ENSFALG00000011845,DAGLA,DAGLA
11599,ENSFALG00000011846,Exoc4,ENSFALG00000011846
11600,ENSFALG00000011847,PYCR1,PYCR1
11601,ENSFALG00000011848,Stx1b,ENSFALG00000011848
11602,ENSFALG00000011849,MEI1,MEI1
11603,ENSFALG00000011850,CFAP97,CFAP97
11604,ENSFALG00000011851,ZBTB24,ZBTB24
11605,ENSFALG00000011852,FOXO4,FOXO4
11606,ENSFALG00000011853,Muc5ac,ENSFALG00000011853
11607,ENSFALG00000011854,EYA4,EYA4
11608,ENSFALG00000011855,MAPK6,MAPK6
11609,ENSFALG00000011856,CHCHD3,CHCHD3
11610,ENSFALG00000011857,SNX25,SNX25
11611,ENSFALG00000011858,STRN,STRN
11612,ENSFALG00000011859,Snx12,SNX12
11613,ENSFALG00000011860,PLXNA4,PLXNA4
11614,ENSFALG00000011861,Tcf21,TCF21
11615,ENSFALG00000011862,AK9,ENSFALG00000011862
11616,ENSFALG00000011863,HEATR5B,HEATR5B
11617,ENSFALG00000011864,Tbpl1,TBPL1
11618,ENSFALG00000011865,MUC5AC,ENSFALG00000011865
11619,ENSFALG00000011866,GNB5,GNB5
11620,ENSFALG00000011867,Lrp2bp,LRP2BP
11621,ENSFALG00000011868,TSC22D3,TSC22D3
11622,ENSFALG00000011869,PLXNA4,ENSFALG00000011869
11623,ENSFALG00000011870,CERS4,CERS4
11624,ENSFALG00000011872,Fig4,FIG4
11625,ENSFALG00000011873,CAPN2,CAPN2
11626,ENSFALG00000011874,SLC2A12,SLC2A12
11627,ENSFALG00000011875,IL10RB,ENSFALG00000011875
11628,ENSFALG00000011877,GPATCH11,GPATCH11
11629,ENSFALG00000011878,SYT7,SYT7
11630,ENSFALG00000011879,SNU13,SNU13
11631,ENSFALG00000011880,SNX12,ENSFALG00000011880
11632,ENSFALG00000011881,CPSF1,ENSFALG00000011881
11633,ENSFALG00000011881,CPSF1,ENSFALG00000011881
11634,ENSFALG00000011882,MYO5C,MYO5C
11635,ENSFALG00000011883,ANKRD37,ANKRD37
11636,ENSFALG00000011884,PODXL,ENSFALG00000011884
11637,ENSFALG00000011885,MAFG,MAFG
11638,ENSFALG00000011886,Faah2,FAAH2
11639,ENSFALG00000011887,Sgk1,SGK1
11640,ENSFALG00000011889,EIF2AK2,EIF2AK2
11641,ENSFALG00000011890,UFSP2,UFSP2
11642,ENSFALG00000011891,MUC5AC,ENSFALG00000011891
11643,ENSFALG00000011891,Muc5ac,ENSFALG00000011891
11644,ENSFALG00000011892,ALDH8A1,ALDH8A1
11645,ENSFALG00000011893,CLIC2,CLIC2
11646,ENSFALG00000011894,MYO5A,MYO5A
11647,ENSFALG00000011895,PCYT2,SIRT7
11648,ENSFALG00000011896,PDLIM3,PDLIM3
11649,ENSFALG00000011897,Ifnar1,ENSFALG00000011897
11650,ENSFALG00000011898,HBS1L,HBS1L
11651,ENSFALG00000011901,Muc5b,ENSFALG00000011901
11652,ENSFALG00000011902,ARPP19,ARPP19
11653,ENSFALG00000011903,LRRC10B,LRRC10B
11654,ENSFALG00000011904,Klhl23,ENSFALG00000011904
11655,ENSFALG00000011905,Cyp1b1,CYP1B1
11656,ENSFALG00000011906,Pcyt2,PCYT2
11657,ENSFALG00000011907,CCNB3,ENSFALG00000011907
11658,ENSFALG00000011908,XRCC6,XRCC6
11659,ENSFALG00000011909,SLC7A3,SLC7A3
11660,ENSFALG00000011910,UVRAG,UVRAG
11661,ENSFALG00000011912,Lsm7,LSM7
11662,ENSFALG00000011913,SORBS2,SORBS2
11663,ENSFALG00000011914,Myb,MYB
11664,ENSFALG00000011915,MKLN1,MKLN1
11665,ENSFALG00000011915,MKLN1,MKLN1
11666,ENSFALG00000011916,DGKK,ENSFALG00000011916
11667,ENSFALG00000011917,Anapc11,ENSFALG00000011917
11668,ENSFALG00000011918,SDHAF2,ENSFALG00000011918
11669,ENSFALG00000011919,DGAT2,DGAT2
11670,ENSFALG00000011920,CAPN8,CAPN8
11671,ENSFALG00000011921,RMDN2,ENSFALG00000011921
11672,ENSFALG00000011922,ATOSA,FAM214A
11673,ENSFALG00000011922,ATOSA,FAM214A
11674,ENSFALG00000011923,Alyref,ENSFALG00000011923
11675,ENSFALG00000011924,Muc2l,ENSFALG00000011924
11676,ENSFALG00000011925,MOGAT2,MOGAT2
11677,ENSFALG00000011925,MOGAT2,MOGAT2
11678,ENSFALG00000011926,SHROOM4,SHROOM4
11679,ENSFALG00000011927,CPSF7,CPSF7
11680,ENSFALG00000011928,NCBP2,ENSFALG00000011928
11681,ENSFALG00000011929,Map6,ENSFALG00000011929
11682,ENSFALG00000011930,ARHGDIA,ARHGDIA
11683,ENSFALG00000011931,Yipf4,YIPF4
11684,ENSFALG00000011932,SPPL2B,SPPL2B
11685,ENSFALG00000011932,SPPL2B,SPPL2B
11686,ENSFALG00000011933,BMP15,BMP15
11687,ENSFALG00000011934,GH1A,ENSFALG00000011934
11688,ENSFALG00000011935,TMEM216,TMEM216
11689,ENSFALG00000011936,TLR3,TLR3
11690,ENSFALG00000011937,TEX11,TEX11
11691,ENSFALG00000011938,Desi1,DESI1
11692,ENSFALG00000011939,CYYR1,CYYR1
11693,ENSFALG00000011940,ONECUT1,ONECUT1
11694,ENSFALG00000011941,Tmem138,TMEM138
11695,ENSFALG00000011942,FAM149A,FAM149A
11696,ENSFALG00000011943,Endod1,ENSFALG00000011943
11697,ENSFALG00000011944,WDR72,WDR72
11698,ENSFALG00000011945,DNAH17,DNAH17
11699,ENSFALG00000011946,Pmm1,PMM1
11700,ENSFALG00000011947,MUC2,ENSFALG00000011947
11701,ENSFALG00000011949,AHI1,AHI1
11702,ENSFALG00000011950,CSDC2,CSDC2
11703,ENSFALG00000011951,TMPRSS9,ENSFALG00000011951
11704,ENSFALG00000011952,POLR3H,POLR3H
11705,ENSFALG00000011953,CYP4V2,CYP4V2
11706,ENSFALG00000011954,BIRC6,BIRC6
11707,ENSFALG00000011955,Phka1,PHKA1
11708,ENSFALG00000011956,TIMM13,TIMM13
11709,ENSFALG00000011957,ACO2,ACO2
11710,ENSFALG00000011958,APP,APP
11711,ENSFALG00000011959,Plg,ENSFALG00000011959
11712,ENSFALG00000011960,LMNB2,LMNB2
11713,ENSFALG00000011961,F11,F11
11714,ENSFALG00000011962,CYB561A3,CYB561A3
11715,ENSFALG00000011963,phf5a.S,PHF5A
11716,ENSFALG00000011964,Rpl36,RPL36
11717,ENSFALG00000011965,TOB2,TOB2
11718,ENSFALG00000011966,Slc22a3,SLC22A3
11719,ENSFALG00000011967,TEF,TEF
11720,ENSFALG00000011968,ZC3H7B,ZC3H7B
11721,ENSFALG00000011969,P4HB,P4HB
11722,ENSFALG00000011970,Dlg3,DLG3
11723,ENSFALG00000011971,SHANK3,ENSFALG00000011971
11724,ENSFALG00000011972,UNC13C,UNC13C
11725,ENSFALG00000011973,TKFC,TKFC
11726,ENSFALG00000011974,GLIS1,GLIS1
11727,ENSFALG00000011975,LONP1,LONP1
11728,ENSFALG00000011976,Dio1,DIO1
11729,ENSFALG00000011977,SLC22A2,SLC22A2
11730,ENSFALG00000011978,NDC1,NDC1
11731,ENSFALG00000011979,Muc6,ENSFALG00000011979
11732,ENSFALG00000011980,RANGAP1,RANGAP1
11733,ENSFALG00000011981,Ddb1,DDB1
11734,ENSFALG00000011981,Ddb1,DDB1
11735,ENSFALG00000011982,YIPF1,YIPF1
11736,ENSFALG00000011983,GABPA,GABPA
11737,ENSFALG00000011984,SUSD4,SUSD4
11738,ENSFALG00000011985,MCRIP1,MCRIP1
11739,ENSFALG00000011986,TTC27,TTC27
11740,ENSFALG00000011987,HDAC8,ENSFALG00000011987
11741,ENSFALG00000011988,Hspb11,HSPB11
11742,ENSFALG00000011989,LONP1,SLC1A6
11743,ENSFALG00000011990,DISP1,DISP1
11744,ENSFALG00000011991,LRRC42,LRRC42
11745,ENSFALG00000011992,RANBP3,RANBP3
11746,ENSFALG00000011993,BROX,BROX
11747,ENSFALG00000011994,ATP5PF,ATP5PF
11748,ENSFALG00000011995,Skap1,ENSFALG00000011995
11749,ENSFALG00000011996,VWCE,VWCE
11750,ENSFALG00000011997,CHADL,CHADL
11751,ENSFALG00000011998,Ldlrad1,LDLRAD1
11752,ENSFALG00000011999,IGF2R,IGF2R
11753,ENSFALG00000012000,AP2A2,AP2A2
11754,ENSFALG00000012001,RSL24D1,RSL24D1
11755,ENSFALG00000012002,KLHL33,ENSFALG00000012002
11756,ENSFALG00000012003,RAB27A,RAB27A
11757,ENSFALG00000012004,RACK1,RACK1
11758,ENSFALG00000012005,JAM2,JAM2
11759,ENSFALG00000012006,Ltbp1,ENSFALG00000012006
11760,ENSFALG00000012007,AIDA,AIDA
11761,ENSFALG00000012008,RPS4X,RPS4X
11762,ENSFALG00000012009,TMEM59,TMEM59
11763,ENSFALG00000012010,NDUFA11,ENSFALG00000012010
11764,ENSFALG00000012011,Pigb,PIGB
11765,ENSFALG00000012012,LTBP1,LTBP1
11766,ENSFALG00000012013,GCGR,GCGR
11767,ENSFALG00000012014,L3MBTL2,L3MBTL2
11768,ENSFALG00000012015,Pga,ENSFALG00000012015
11769,ENSFALG00000012016,CHID1,CHID1
11770,ENSFALG00000012017,S100a4,S100A4
11771,ENSFALG00000012018,MRPL39,MRPL39
11772,ENSFALG00000012019,MIA3,ENSFALG00000012019
11773,ENSFALG00000012020,S100A16,S100A16
11774,ENSFALG00000012021,GP1BA,ENSFALG00000012021
11775,ENSFALG00000012022,RASGRP3,RASGRP3
11776,ENSFALG00000012023,NCAM2,NCAM2
11777,ENSFALG00000012024,S100A14,S100A14
11778,ENSFALG00000012026,Mia3,ENSFALG00000012026
11779,ENSFALG00000012027,TCEANC2,TCEANC2
11780,ENSFALG00000012028,S100A1,S100A1
11781,ENSFALG00000012029,Rnf31,ENSFALG00000012029
11782,ENSFALG00000012030,TAF1A,TAF1A
11783,ENSFALG00000012031,CDCP2,CDCP2
11784,ENSFALG00000012032,RPGRIP1L,ENSFALG00000012032
11785,ENSFALG00000012033,GDPD2,GDPD2
11786,ENSFALG00000012034,FAM98A,FAM98A
11787,ENSFALG00000012035,Chtop,CHTOP
11788,ENSFALG00000012036,CCPG1,CCPG1
11789,ENSFALG00000012036,CCPG1,CCPG1
11790,ENSFALG00000012037,RNF31,ENSFALG00000012037
11791,ENSFALG00000012038,TMPRSS15,TMPRSS15
11792,ENSFALG00000012039,Tspan4,TSPAN4
11793,ENSFALG00000012041,DUSP10,DUSP10
11794,ENSFALG00000012042,EP300,EP300
11795,ENSFALG00000012043,VPS37C,VPS37C
11796,ENSFALG00000012044,CYB5RL,ENSFALG00000012044
11797,ENSFALG00000012045,HLX,HLX
11798,ENSFALG00000012046,ILF2,ILF2
11799,ENSFALG00000012047,MRPL37,MRPL37
11800,ENSFALG00000012048,DNAAF4,DNAAF4
11801,ENSFALG00000012049,CD5,ENSFALG00000012049
11802,ENSFALG00000012050,ZNF318,ZNF318
11803,ENSFALG00000012051,RBX1,RBX1
11804,ENSFALG00000012052,Pygo1,PYGO1
11805,ENSFALG00000012053,HTR2C,HTR2C
11806,ENSFALG00000012054,Snapin,SNAPIN
11807,ENSFALG00000012055,XPNPEP3,XPNPEP3
11808,ENSFALG00000012056,Abcc10,ENSFALG00000012056
11809,ENSFALG00000012057,MTARC2,MARC2
11810,ENSFALG00000012058,POLR2L,POLR2L
11811,ENSFALG00000012058,POLR2L,POLR2L
11812,ENSFALG00000012059,CD6,CD6
11813,ENSFALG00000012060,PRTG,PRTG
11814,ENSFALG00000012061,CHODL,CHODL
11815,ENSFALG00000012062,IL13RA2,ENSFALG00000012062
11816,ENSFALG00000012063,DLK2,DLK2
11817,ENSFALG00000012064,SSBP3,SSBP3
11818,ENSFALG00000012065,C21orf91,C21orf91
11819,ENSFALG00000012067,TMEM132A,TMEM132A
11820,ENSFALG00000012068,C3H1orf115,C1orf115
11821,ENSFALG00000012069,IRF7,IRF7
11822,ENSFALG00000012070,TJAP1,ENSFALG00000012070
11823,ENSFALG00000012071,St13,ST13
11824,ENSFALG00000012072,Cxadr,ENSFALG00000012072
11825,ENSFALG00000012073,LRCH2,ENSFALG00000012073
11826,ENSFALG00000012074,MARK1,MARK1
11827,ENSFALG00000012075,Slc25a10,ENSFALG00000012075
11828,ENSFALG00000012077,TMEM109,TMEM109
11829,ENSFALG00000012078,FYTTD1L,ENSFALG00000012078
11830,ENSFALG00000012079,NEDD4,NEDD4
11831,ENSFALG00000012080,Tmprss9,ENSFALG00000012080
11832,ENSFALG00000012081,PNLDC1,PNLDC1
11833,ENSFALG00000012083,Lrrc73,LRRC73
11834,ENSFALG00000012084,PRPF19,PRPF19
11835,ENSFALG00000012085,FMR1,FMR1
11836,ENSFALG00000012086,MRPL18,MRPL18
11837,ENSFALG00000012087,RFX7,RFX7
11838,ENSFALG00000012089,AFF2,AFF2
11839,ENSFALG00000012091,ZP1,ZP1
11840,ENSFALG00000012092,Yipf3,YIPF3
11841,ENSFALG00000012093,TEX9,TEX9
11842,ENSFALG00000012094,Mfhas1,ENSFALG00000012094
11843,ENSFALG00000012094,MFHAS1,ENSFALG00000012094
11844,ENSFALG00000012095,ACOT11,ACOT11
11845,ENSFALG00000012096,TCP1,TCP1
11846,ENSFALG00000012097,Usp25,USP25
11847,ENSFALG00000012098,IDS,ENSFALG00000012098
11848,ENSFALG00000012100,Slc25a17,SLC25A17
11849,ENSFALG00000012101,MNS1,MNS1
11850,ENSFALG00000012102,HGS,HGS
11851,ENSFALG00000012103,ACAT2,ACAT2
11852,ENSFALG00000012104,PHRF1,PHRF1
11853,ENSFALG00000012105,Tmem205,ENSFALG00000012105
11854,ENSFALG00000012106,TMEM185A,TMEM185A
11855,ENSFALG00000012107,BAAT,BAAT
11856,ENSFALG00000012108,WTAP,WTAP
11857,ENSFALG00000012110,CCDC86,CCDC86
11858,ENSFALG00000012111,POLR1C,POLR1C
11859,ENSFALG00000012112,RAB3GAP2,RAB3GAP2
11860,ENSFALG00000012113,ZNF280D,ENSFALG00000012113
11861,ENSFALG00000012114,SAMSN1,SAMSN1
11862,ENSFALG00000012115,Arl16,ARL16
11863,ENSFALG00000012116,MAMLD1,MAMLD1
11864,ENSFALG00000012117,MRTFA,ENSFALG00000012117
11865,ENSFALG00000012118,Sod2,ENSFALG00000012118
11866,ENSFALG00000012119,RASSF7,RASSF7
11867,ENSFALG00000012120,Ms4a12,ENSFALG00000012120
11868,ENSFALG00000012121,TTC4,TTC4
11869,ENSFALG00000012122,MTM1,MTM1
11870,ENSFALG00000012123,MRPL16,MRPL16
11871,ENSFALG00000012124,IARS2,IARS2
11872,ENSFALG00000012125,Fndc1,ENSFALG00000012125
11873,ENSFALG00000012126,MTMR1,MTMR1
11874,ENSFALG00000012127,HSPA13,HSPA13
11875,ENSFALG00000012128,BPNT1,BPNT1
11876,ENSFALG00000012129,MRTFA,MRTFA
11877,ENSFALG00000012130,XPO5,XPO5
11878,ENSFALG00000012131,STX3,STX3
11879,ENSFALG00000012132,CD99L2,CD99L2
11880,ENSFALG00000012133,LIPI,ENSFALG00000012133
11881,ENSFALG00000012134,TMC6,TMC6
11882,ENSFALG00000012135,GINM1,GINM1
11883,ENSFALG00000012136,PARS2,PARS2
11884,ENSFALG00000012137,LRRC56,LRRC56
11885,ENSFALG00000012137,LRRC56,LRRC56
11886,ENSFALG00000012138,Hmgb3,HMGB3
11887,ENSFALG00000012139,LIPI,ENSFALG00000012139
11888,ENSFALG00000012140,DHCR24,DHCR24
11889,ENSFALG00000012141,ROBO2,ENSFALG00000012141
11890,ENSFALG00000012142,Bsnd,ENSFALG00000012142
11891,ENSFALG00000012143,ROBO2,ROBO2
11892,ENSFALG00000012144,POLH,POLH
11893,ENSFALG00000012145,HRAS,HRAS
11894,ENSFALG00000012146,TCF12,TCF12
11895,ENSFALG00000012146,TCF12,TCF12
11896,ENSFALG00000012147,Mtr1c,ENSFALG00000012147
11897,ENSFALG00000012148,SGSM3,SGSM3
11898,ENSFALG00000012149,KATNA1,KATNA1
11899,ENSFALG00000012149,KATNA1,KATNA1
11900,ENSFALG00000012150,Patl1,PATL1
11901,ENSFALG00000012151,VMA21,VMA21
11902,ENSFALG00000012152,Pcsk9,PCSK9
11903,ENSFALG00000012153,GTPBP2,GTPBP2
11904,ENSFALG00000012154,Usp6nl,ENSFALG00000012154
11905,ENSFALG00000012155,SYNGR2,SYNGR2
11906,ENSFALG00000012156,MAD2L1BP,MAD2L1BP
11907,ENSFALG00000012157,CCDC88C,CCDC88C
11908,ENSFALG00000012159,ROBO1,ROBO1
11909,ENSFALG00000012160,EPRS1,EPRS
11910,ENSFALG00000012160,EPRS1,EPRS
11911,ENSFALG00000012161,LATS1,LATS1
11912,ENSFALG00000012162,PLG,ENSFALG00000012162
11913,ENSFALG00000012163,TK1,TK1
11914,ENSFALG00000012164,ADSL,ADSL
11915,ENSFALG00000012165,OSBP,OSBP
11916,ENSFALG00000012166,NUP43,NUP43
11917,ENSFALG00000012167,DGLUCY,DGLUCY
11918,ENSFALG00000012168,MAP3K4,MAP3K4
11919,ENSFALG00000012169,Cabp4,CABP4
11920,ENSFALG00000012170,AGPAT4,AGPAT4
11921,ENSFALG00000012171,CGNL1,CGNL1
11922,ENSFALG00000012172,PCMT1,PCMT1
11923,ENSFALG00000012173,PRKN,PRKN
11924,ENSFALG00000012174,Lrp11,LRP11
11925,ENSFALG00000012175,AFMID,AFMID
11926,ENSFALG00000012176,CORO1B,CORO1B
11927,ENSFALG00000012177,PACRG,PACRG
11928,ENSFALG00000012177,PACRG,PACRG
11929,ENSFALG00000012178,MYZAP,ENSFALG00000012178
11930,ENSFALG00000012179,Ppp1r14c,PPP1R14C
11931,ENSFALG00000012180,Sox1,SOX1
11932,ENSFALG00000012181,RPS6KA5,RPS6KA5
11933,ENSFALG00000012182,IYD,IYD
11934,ENSFALG00000012183,QKI,QKI
11935,ENSFALG00000012184,C1QL4,ENSFALG00000012184
11936,ENSFALG00000012185,PLEKHG1,PLEKHG1
11937,ENSFALG00000012186,USP24,USP24
11938,ENSFALG00000012189,RPS6KB2,RPS6KB2
11939,ENSFALG00000012190,PRRC1,PRRC1
11940,ENSFALG00000012191,Lmf2,ENSFALG00000012191
11941,ENSFALG00000012192,AMPH,AMPH
11942,ENSFALG00000012193,Hoxc10,ENSFALG00000012193
11943,ENSFALG00000012194,PGS1,PGS1
11944,ENSFALG00000012195,TNRC6B,TNRC6B
11945,ENSFALG00000012196,PDE10A,PDE10A
11946,ENSFALG00000012197,SLC12A2,SLC12A2
11947,ENSFALG00000012198,Slc30a10,SLC30A10
11948,ENSFALG00000012199,ALDH1A2,ALDH1A2
11949,ENSFALG00000012200,MTHFD1L,MTHFD1L
11950,ENSFALG00000012201,CYP11A1,CYP11A1
11951,ENSFALG00000012202,CARNS1,ENSFALG00000012202
11952,ENSFALG00000012204,Nkx2.2a,ENSFALG00000012204
11953,ENSFALG00000012205,TARP,ENSFALG00000012205
11954,ENSFALG00000012205,Trgc1,ENSFALG00000012205
11955,ENSFALG00000012206,LYPLAL1,LYPLAL1
11956,ENSFALG00000012207,CYTH1,CYTH1
11957,ENSFALG00000012208,COL25A1,COL25A1
11958,ENSFALG00000012209,TGFB2,TGFB2
11959,ENSFALG00000012211,FAM83F,FAM83F
11960,ENSFALG00000012212,KIF15,ENSFALG00000012212
11961,ENSFALG00000012213,RRP15,RRP15
11962,ENSFALG00000012214,TTC7B,TTC7B
11963,ENSFALG00000012215,Ccdc33,ENSFALG00000012215
11964,ENSFALG00000012216,PPP1CA,PPP1CA
11965,ENSFALG00000012216,PPP1CA,PPP1CA
11966,ENSFALG00000012217,KIAA1143,KIAA1143
11967,ENSFALG00000012218,TBXT,TBXT
11968,ENSFALG00000012219,LRRFIP2,LRRFIP2
11969,ENSFALG00000012220,GRAP2,GRAP2
11970,ENSFALG00000012221,SPATA17,SPATA17
11971,ENSFALG00000012222,CD97,ENSFALG00000012222
11972,ENSFALG00000012223,GPATCH2,GPATCH2
11973,ENSFALG00000012224,USP36,USP36
11974,ENSFALG00000012225,Mpped2,MPPED2
11975,ENSFALG00000012226,ETNPPL,ETNPPL
11976,ENSFALG00000012227,RAD9A,RAD9A
11977,ENSFALG00000012228,STRA6,STRA6
11978,ENSFALG00000012229,ARL14EP,ARL14EP
11979,ENSFALG00000012230,OSTC,OSTC
11980,ENSFALG00000012231,CLCF1,CLCF1
11981,ENSFALG00000012232,Timp2,TIMP2
11982,ENSFALG00000012233,FSHB,FSHB
11983,ENSFALG00000012234,AQP9,AQP9
11984,ENSFALG00000012235,RPL34,RPL34
11985,ENSFALG00000012236,ESRRG,ESRRG
11986,ENSFALG00000012237,CTNNB1,CTNNB1
11987,ENSFALG00000012238,SFT2D1,SFT2D1
11988,ENSFALG00000012240,CANT1,CANT1
11989,ENSFALG00000012241,Astl,ENSFALG00000012241
11990,ENSFALG00000012242,KCNA4,KCNA4
11991,ENSFALG00000012243,FBN2,FBN2
11992,ENSFALG00000012244,AKAP12,AKAP12
11993,ENSFALG00000012245,LIPC,LIPC
11994,ENSFALG00000012246,PLPP3,ENSFALG00000012246
11995,ENSFALG00000012247,BRP44L,MPC1
11996,ENSFALG00000012248,Loxl1,LOXL1
11997,ENSFALG00000012249,PDXK,PDXK
11998,ENSFALG00000012250,LEF1,LEF1
11999,ENSFALG00000012251,CALM1,ENSFALG00000012251
12000,ENSFALG00000012252,Mettl15,ENSFALG00000012252
12001,ENSFALG00000012253,ZBTB2,ZBTB2
12002,ENSFALG00000012254,ADAM10,ADAM10
12003,ENSFALG00000012255,CACNA1I,CACNA1I
12004,ENSFALG00000012256,POLD4,ENSFALG00000012256
12005,ENSFALG00000012257,ZP3,ENSFALG00000012257
12006,ENSFALG00000012258,KIF18A,KIF18A
12007,ENSFALG00000012259,Prkaa2,PRKAA2
12008,ENSFALG00000012260,NRDE2,NRDE2
12009,ENSFALG00000012261,ULK4,ULK4
12010,ENSFALG00000012262,C1QTNF1,ENGASE
12011,ENSFALG00000012262,ENGASE,ENGASE
12012,ENSFALG00000012263,RMND1,RMND1
12013,ENSFALG00000012264,USH2A,USH2A
12014,ENSFALG00000012264,Ush2a,USH2A
12015,ENSFALG00000012265,POLD4,ENSFALG00000012265
12016,ENSFALG00000012266,SYT13,SYT13
12017,ENSFALG00000012267,RPS6KA2,RPS6KA2
12018,ENSFALG00000012268,BDNF,BDNF
12019,ENSFALG00000012269,MINDY2,MINDY2
12020,ENSFALG00000012269,MINDY2,MINDY2
12021,ENSFALG00000012270,Armt1,ARMT1
12022,ENSFALG00000012271,PRDM11,PRDM11
12023,ENSFALG00000012272,HADH,HADH
12024,ENSFALG00000012273,LIN7C,LIN7C
12025,ENSFALG00000012274,TRAK1,TRAK1
12026,ENSFALG00000012275,AGPAT3,AGPAT3
12027,ENSFALG00000012276,SSH3,SSH3
12028,ENSFALG00000012276,SSH3,SSH3
12029,ENSFALG00000012277,CCDC170,CCDC170
12030,ENSFALG00000012278,TP53I11,TP53I11
12031,ENSFALG00000012279,Psmc1,PSMC1
12032,ENSFALG00000012280,KCTD3,KCTD3
12033,ENSFALG00000012281,TSPAN18,TSPAN18
12034,ENSFALG00000012282,MCCC2,MCCC2
12035,ENSFALG00000012283,CCK,CCK
12036,ENSFALG00000012284,FYB2,ENSFALG00000012284
12037,ENSFALG00000012285,SLTM,SLTM
12038,ENSFALG00000012286,KCNK2,KCNK2
12039,ENSFALG00000012287,CD82,CD82
12040,ENSFALG00000012288,Rbfox3,RBFOX3
12041,ENSFALG00000012289,TRAPPC10,ENSFALG00000012289
12042,ENSFALG00000012290,EIF1B,EIF1B
12043,ENSFALG00000012291,BDP1,ENSFALG00000012291
12044,ENSFALG00000012292,C8A,C8A
12045,ENSFALG00000012293,Lgr4,LGR4
12046,ENSFALG00000012294,Alx4,ALX4
12047,ENSFALG00000012295,CENPF,CENPF
12048,ENSFALG00000012296,Cyp2u1,CYP2U1
12049,ENSFALG00000012297,PRLH,ENSFALG00000012297
12050,ENSFALG00000012298,ANKRD13D,ANKRD13D
12051,ENSFALG00000012299,RNASET2,ENSFALG00000012299
12052,ENSFALG00000012300,PWP2,ENSFALG00000012300
12053,ENSFALG00000012301,MEF2B,ENSFALG00000012301
12054,ENSFALG00000012302,C8B,C8B
12055,ENSFALG00000012303,KCNK13,KCNK13
12056,ENSFALG00000012304,SERF1,ENSFALG00000012304
12057,ENSFALG00000012305,Esr1,ESR1
12058,ENSFALG00000012305,Esr1,ESR1
12059,ENSFALG00000012306,Rps19bp1,RPS19BP1
12060,ENSFALG00000012307,EXT2,EXT2
12061,ENSFALG00000012308,Myrip,ENSFALG00000012308
12062,ENSFALG00000012309,Enpp7,ENPP7
12063,ENSFALG00000012310,Tmem221,ENSFALG00000012310
12064,ENSFALG00000012311,GATD3,ENSFALG00000012311
12065,ENSFALG00000012312,PAX7,ENSFALG00000012312
12066,ENSFALG00000012313,ATF4,ATF4
12067,ENSFALG00000012314,DAB1,DAB1
12068,ENSFALG00000012315,RNF111,RNF111
12069,ENSFALG00000012316,PTPN14,PTPN14
12070,ENSFALG00000012317,CEP43,FGFR1OP
12071,ENSFALG00000012318,BORCS8,ENSFALG00000012318
12072,ENSFALG00000012319,TDP1,TDP1
12073,ENSFALG00000012320,Smn1,ENSFALG00000012320
12074,ENSFALG00000012321,ICOSLG,ENSFALG00000012321
12075,ENSFALG00000012322,SGMS2,SGMS2
12076,ENSFALG00000012324,CBX2,CBX2
12077,ENSFALG00000012325,ACCS,ENSFALG00000012325
12078,ENSFALG00000012326,Ccdc34,ENSFALG00000012326
12079,ENSFALG00000012327,Tmc2,TMC2
12080,ENSFALG00000012328,MIEF1,MIEF1
12081,ENSFALG00000012331,CCR6,CCR6
12082,ENSFALG00000012332,FOXN3,FOXN3
12083,ENSFALG00000012333,PAPSS1,PAPSS1
12084,ENSFALG00000012334,SMYD2,SMYD2
12085,ENSFALG00000012335,BBOX1,BBOX1
12086,ENSFALG00000012336,Gtf2h2,ENSFALG00000012336
12087,ENSFALG00000012337,OMA1,OMA1
12088,ENSFALG00000012338,Mgat3,MGAT3
12089,ENSFALG00000012339,UNC93A,UNC93A
12090,ENSFALG00000012340,CBX8,CBX8
12091,ENSFALG00000012341,Dkk2,ENSFALG00000012341
12092,ENSFALG00000012342,CCNB2,CCNB2
12093,ENSFALG00000012343,TTC8,TTC8
12094,ENSFALG00000012344,TAB1,TAB1
12095,ENSFALG00000012345,GIMD1,GIMD1
12096,ENSFALG00000012346,Marveld2,MARVELD2
12097,ENSFALG00000012347,Grk2,GRK2
12098,ENSFALG00000012348,AFDN,AFDN
12099,ENSFALG00000012349,AIMP1,AIMP1
12100,ENSFALG00000012350,MYSM1,MYSM1
12101,ENSFALG00000012351,SYNGR1,SYNGR1
12102,ENSFALG00000012352,TBC1D16,TBC1D16
12103,ENSFALG00000012353,CNTNAP4,ENSFALG00000012353
12104,ENSFALG00000012354,KIF25,KIF25
12105,ENSFALG00000012355,MYO1E,MYO1E
12106,ENSFALG00000012357,Prox1,PROX1
12107,ENSFALG00000012358,RPSA,RPSA
12108,ENSFALG00000012359,FAM81A,FAM81A
12109,ENSFALG00000012360,SYNE1,ENSFALG00000012360
12110,ENSFALG00000012361,Alkbh3,ALKBH3
12111,ENSFALG00000012362,CHRNA7,ENSFALG00000012362
12112,ENSFALG00000012363,FRMD1,ENSFALG00000012363
12113,ENSFALG00000012364,TBCK,TBCK
12114,ENSFALG00000012365,RPL3,RPL3
12115,ENSFALG00000012366,RPS6KC1,RPS6KC1
12116,ENSFALG00000012367,Ank1,ENSFALG00000012367
12117,ENSFALG00000012368,THSD4,THSD4
12118,ENSFALG00000012369,Ccdc40,CCDC40
12119,ENSFALG00000012370,FGGY,FGGY
12120,ENSFALG00000012371,EML5,EML5
12121,ENSFALG00000012372,CCR8,ENSFALG00000012372
12122,ENSFALG00000012373,ANGEL2,ANGEL2
12123,ENSFALG00000012373,ANGEL2,ANGEL2
12124,ENSFALG00000012374,DACT2,DACT2
12125,ENSFALG00000012375,Lrrc49,LRRC49
12126,ENSFALG00000012376,SLC25A38,SLC25A38
12127,ENSFALG00000012377,HSD17B12,HSD17B12
12128,ENSFALG00000012378,VASH2,VASH2
12129,ENSFALG00000012380,HOOK1,HOOK1
12130,ENSFALG00000012381,FLVCR1,FLVCR1
12131,ENSFALG00000012382,NPNT,NPNT
12132,ENSFALG00000012383,GAA,GAA
12133,ENSFALG00000012384,GLB1,GLB1
12134,ENSFALG00000012385,CBX7,PDGFB
12135,ENSFALG00000012386,TATDN3,TATDN3
12136,ENSFALG00000012387,SYNE1,ENSFALG00000012387
12137,ENSFALG00000012388,FYCO1,FYCO1
12138,ENSFALG00000012389,Larp6,LARP6
12139,ENSFALG00000012390,Ccr8,ENSFALG00000012390
12140,ENSFALG00000012391,VIP,VIP
12141,ENSFALG00000012392,KDM2A,KDM2A
12142,ENSFALG00000012393,TOPBP1,TOPBP1
12143,ENSFALG00000012394,CBX7,CBX7
12144,ENSFALG00000012395,ADAL,ADAL
12145,ENSFALG00000012396,Mfsd14b,ENSFALG00000012396
12146,ENSFALG00000012397,FBXO5,FBXO5
12147,ENSFALG00000012398,RHOD,RHOD
12148,ENSFALG00000012399,NSL1,NSL1
12149,ENSFALG00000012400,TTC17,TTC17
12150,ENSFALG00000012401,Cdv3,CDV3
12151,ENSFALG00000012402,CBX6,CBX6
12152,ENSFALG00000012403,MTRF1L,MTRF1L
12153,ENSFALG00000012404,BATF3,BATF3
12154,ENSFALG00000012405,NPTXR,NPTXR
12155,ENSFALG00000012406,SPIN1,ENSFALG00000012406
12156,ENSFALG00000012407,RGS17,RGS17
12157,ENSFALG00000012408,ATF3,ATF3
12158,ENSFALG00000012409,DTNB,ENSFALG00000012409
12159,ENSFALG00000012410,DNAL4,DNAL4
12160,ENSFALG00000012411,OPRM1,OPRM1
12161,ENSFALG00000012412,Tm2d3,TM2D3
12162,ENSFALG00000012413,BFSP2,BFSP2
12163,ENSFALG00000012414,API5,API5
12164,ENSFALG00000012415,NENF,NENF
12165,ENSFALG00000012416,IPCEF1,ENSFALG00000012416
12166,ENSFALG00000012417,NXNL2,NXNL2
12167,ENSFALG00000012419,IFNAR2,ENSFALG00000012419
12168,ENSFALG00000012420,PACC1,PACC1
12169,ENSFALG00000012421,Cnksr3,ENSFALG00000012421
12170,ENSFALG00000012422,ZC3H14,ZC3H14
12171,ENSFALG00000012423,PPP2R5A,PPP2R5A
12172,ENSFALG00000012425,SGSH,SGSH
12173,ENSFALG00000012426,SHC3,SHC3
12174,ENSFALG00000012427,CYP2J19,ENSFALG00000012427
12175,ENSFALG00000012427,CYP2J19,ENSFALG00000012427
12176,ENSFALG00000012428,TMEM108,TMEM108
12177,ENSFALG00000012429,NPHP3,ENSFALG00000012429
12178,ENSFALG00000012430,NFIA,NFIA
12179,ENSFALG00000012431,DTL,DTL
12180,ENSFALG00000012432,IFTAP,C11orf74
12181,ENSFALG00000012433,SCAF8,SCAF8
12182,ENSFALG00000012434,MMP24,MMP24
12183,ENSFALG00000012435,TRAF6,TRAF6
12184,ENSFALG00000012436,TM2D1,TM2D1
12185,ENSFALG00000012437,SLC26A11,SLC26A11
12186,ENSFALG00000012438,CKS2,CKS2
12187,ENSFALG00000012439,PRR5L,PRR5L
12188,ENSFALG00000012440,EIF6,ENSFALG00000012440
12189,ENSFALG00000012441,SECISBP2,SECISBP2
12190,ENSFALG00000012442,UBA5,UBA5
12191,ENSFALG00000012443,Commd9,COMMD9
12192,ENSFALG00000012444,Tarsl2,TARSL2
12193,ENSFALG00000012445,SPR,SPR
12194,ENSFALG00000012446,SEMA4D,SEMA4D
12195,ENSFALG00000012447,SUN2,SUN2
12196,ENSFALG00000012448,Ldlrad3,LDLRAD3
12197,ENSFALG00000012449,ASXL2,ASXL2
12198,ENSFALG00000012450,INTS7,INTS7
12199,ENSFALG00000012451,FAM83C,FAM83C
12200,ENSFALG00000012453,Emx1,EMX1
12201,ENSFALG00000012455,PTPN21,PTPN21
12202,ENSFALG00000012456,PATJ,PATJ
12203,ENSFALG00000012457,PAMR1,PAMR1
12204,ENSFALG00000012458,UQCC1,UQCC1
12205,ENSFALG00000012459,SFXN5,SFXN5
12206,ENSFALG00000012460,ACAD11,ACAD11
12207,ENSFALG00000012461,RNF213,RNF213
12208,ENSFALG00000012462,GDF5,GDF5
12209,ENSFALG00000012463,LPGAT1,LPGAT1
12210,ENSFALG00000012464,KCNK10,KCNK10
12211,ENSFALG00000012466,Kif3c,KIF3C
12212,ENSFALG00000012467,NTRK2,NTRK2
12213,ENSFALG00000012468,SLC1A2,SLC1A2
12214,ENSFALG00000012469,DNAJC13,DNAJC13
12215,ENSFALG00000012470,TIAM2,TIAM2
12216,ENSFALG00000012471,RAB11FIP5,RAB11FIP5
12217,ENSFALG00000012472,CEP250,CEP250
12218,ENSFALG00000012473,SLC28A3,SLC28A3
12219,ENSFALG00000012474,GTPBP1,GTPBP1
12220,ENSFALG00000012475,ENDOV,ENDOV
12221,ENSFALG00000012476,NOTO,ENSFALG00000012476
12222,ENSFALG00000012477,NEK2,NEK2
12223,ENSFALG00000012478,HNRNPK,HNRNPK
12224,ENSFALG00000012479,JOSD1,JOSD1
12225,ENSFALG00000012480,Acpp,ENSFALG00000012480
12226,ENSFALG00000012481,Galc,GALC
12227,ENSFALG00000012482,TJP1,TJP1
12228,ENSFALG00000012483,Kank4,KANK4
12229,ENSFALG00000012485,Acpp,ENSFALG00000012485
12230,ENSFALG00000012488,CPNE4,CPNE4
12231,ENSFALG00000012489,NPTX1,ENSFALG00000012489
12232,ENSFALG00000012490,Garem2,GAREM2
12233,ENSFALG00000012491,Tomm22,TOMM22
12234,ENSFALG00000012492,SLC30A1,SLC30A1
12235,ENSFALG00000012493,SMYD5,SMYD5
12236,ENSFALG00000012493,SMYD5,SMYD5
12237,ENSFALG00000012494,HADHA,HADHA
12238,ENSFALG00000012495,USP1,USP1
12239,ENSFALG00000012496,KIF27,KIF27
12240,ENSFALG00000012497,RD3,RD3
12241,ENSFALG00000012498,RBM39,RBM39
12242,ENSFALG00000012499,CD44,CD44
12243,ENSFALG00000012500,TFB1M,TFB1M
12244,ENSFALG00000012501,CBY1,CBY1
12245,ENSFALG00000012502,Romo1,ROMO1
12246,ENSFALG00000012503,SEL1L,SEL1L
12247,ENSFALG00000012504,NFS1,ENSFALG00000012504
12248,ENSFALG00000012506,MRPL3,MRPL3
12249,ENSFALG00000012506,MRPL3,MRPL3
12250,ENSFALG00000012507,TRAF5,TRAF5
12251,ENSFALG00000012508,NOX3,NOX3
12252,ENSFALG00000012509,DOCK7,DOCK7
12253,ENSFALG00000012510,STON2,STON2
12254,ENSFALG00000012511,CPNE1,CPNE1
12255,ENSFALG00000012512,FAM189A1,FAM189A1
12256,ENSFALG00000012513,Pradc1,PRADC1
12257,ENSFALG00000012514,GTF2A1,GTF2A1
12258,ENSFALG00000012516,RBM12,RBM12
12259,ENSFALG00000012517,Hadhb,HADHB
12260,ENSFALG00000012518,DMC1,DMC1
12261,ENSFALG00000012519,FER1L4,ENSFALG00000012519
12262,ENSFALG00000012520,APBA2,APBA2
12263,ENSFALG00000012521,ANGPTL3,ANGPTL3
12264,ENSFALG00000012522,Mcee,MCEE
12265,ENSFALG00000012524,Mphosph10,MPHOSPH10
12266,ENSFALG00000012525,PDHX,PDHX
12267,ENSFALG00000012526,ERGIC3,ERGIC3
12268,ENSFALG00000012527,TSHR,TSHR
12269,ENSFALG00000012528,FAN1,FAN1
12270,ENSFALG00000012529,ARID1B,ARID1B
12271,ENSFALG00000012530,RPTOR,RPTOR
12272,ENSFALG00000012531,NEK11,NEK11
12273,ENSFALG00000012532,RCOR3,RCOR3
12274,ENSFALG00000012533,ITCH,ITCH
12275,ENSFALG00000012534,MTMR10,MTMR10
12276,ENSFALG00000012535,ATG4C,ATG4C
12277,ENSFALG00000012536,Tmem242,TMEM242
12278,ENSFALG00000012538,DYNLRB1,DYNLRB1
12279,ENSFALG00000012539,TRPM1,TRPM1
12280,ENSFALG00000012540,MAP1LC3A,MAP1LC3A
12281,ENSFALG00000012540,MAP1LC3A,MAP1LC3A
12282,ENSFALG00000012541,OTUD7A,OTUD7A
12283,ENSFALG00000012542,SNX9,ZDHHC14
12284,ENSFALG00000012543,APIP,APIP
12285,ENSFALG00000012544,Aste1,ASTE1
12286,ENSFALG00000012545,TYSND1,ENSFALG00000012545
12287,ENSFALG00000012546,ALG6,ALG6
12288,ENSFALG00000012547,GCNT3,GCNT3
12289,ENSFALG00000012548,BNIP2,GTF2A2
12290,ENSFALG00000012549,PHF20,PHF20
12291,ENSFALG00000012550,ATP2C1,ATP2C1
12292,ENSFALG00000012551,BNIP2,BNIP2
12293,ENSFALG00000012552,CEP128,CEP128
12294,ENSFALG00000012553,EHF,EHF
12295,ENSFALG00000012554,NDRG3,NDRG3
12296,ENSFALG00000012555,Foxb1,FOXB1
12297,ENSFALG00000012556,PIK3R4,PIK3R4
12298,ENSFALG00000012557,KCNH1,ENSFALG00000012557
12299,ENSFALG00000012558,ADAMTS14,ADAMTS14
12300,ENSFALG00000012559,RALGAPB,RALGAPB
12301,ENSFALG00000012560,DDX17,DDX17
12302,ENSFALG00000012561,DIO2,DIO2
12303,ENSFALG00000012562,NRXN3,ENSFALG00000012562
12304,ENSFALG00000012563,CHD6,CHD6
12305,ENSFALG00000012564,SNX9,SNX9
12306,ENSFALG00000012565,ANXA2,ANXA2
12307,ENSFALG00000012565,ANXA2,ANXA2
12308,ENSFALG00000012567,ITGB3BP,ITGB3BP
12309,ENSFALG00000012568,NRXN3,NRXN3
12310,ENSFALG00000012568,NRXN3,NRXN3
12311,ENSFALG00000012569,Rbl1,RBL1
12312,ENSFALG00000012570,CPT1A,CPT1A
12313,ENSFALG00000012571,HHAT,HHAT
12314,ENSFALG00000012572,EFCAB7,EFCAB7
12315,ENSFALG00000012573,CHMP6,CHMP6
12316,ENSFALG00000012574,SERTAD4,SERTAD4
12317,ENSFALG00000012575,CCT7,CCT7
12318,ENSFALG00000012575,Cct7,CCT7
12319,ENSFALG00000012576,ADCK1,ADCK1
12320,ENSFALG00000012577,SYT14,SYT14
12321,ENSFALG00000012578,Kdelr3,KDELR3
12322,ENSFALG00000012579,SNW1,SNW1
12323,ENSFALG00000012580,PGM1,PGM1
12324,ENSFALG00000012581,UTP25,UTP25
12325,ENSFALG00000012582,PALD1,PALD1
12326,ENSFALG00000012583,Slirp,SLIRP
12327,ENSFALG00000012584,KCNJ4,KCNJ4
12328,ENSFALG00000012585,BAIAP2,BAIAP2
12329,ENSFALG00000012586,ICE2,ICE2
12330,ENSFALG00000012587,MRPS10,MRPS10
12331,ENSFALG00000012588,ALKBH1,ALKBH1
12332,ENSFALG00000012589,RORA,RORA
12333,ENSFALG00000012590,TRERF1,TRERF1
12334,ENSFALG00000012591,Samhd1,SAMHD1
12335,ENSFALG00000012591,SAMHD1,SAMHD1
12336,ENSFALG00000012592,AATK,AATK
12337,ENSFALG00000012593,SYNJ2,SYNJ2
12338,ENSFALG00000012594,CSNK1E,ENSFALG00000012594
12339,ENSFALG00000012595,SERAC1,SERAC1
12340,ENSFALG00000012596,Cep131,CEP131
12341,ENSFALG00000012597,UBR2,UBR2
12342,ENSFALG00000012598,GTF2H5,GTF2H5
12343,ENSFALG00000012599,GAL,GAL
12344,ENSFALG00000012599,GAL,GAL
12345,ENSFALG00000012600,Tepsin,TEPSIN
12346,ENSFALG00000012601,KLF15,KLF15
12347,ENSFALG00000012602,TULP4,TULP4
12348,ENSFALG00000012603,CFAP100,CFAP100
12349,ENSFALG00000012604,PRPH2,PRPH2
12350,ENSFALG00000012605,ROR1,ROR1
12351,ENSFALG00000012605,Ror1,ROR1
12352,ENSFALG00000012606,EIF4EBP2,EIF4EBP2
12353,ENSFALG00000012607,SLC38A10,SLC38A10
12354,ENSFALG00000012608,TMEM184B,TMEM184B
12355,ENSFALG00000012609,Zxdc,ENSFALG00000012609
12356,ENSFALG00000012610,BICRAL,BICRAL
12357,ENSFALG00000012611,MAFF,MAFF
12358,ENSFALG00000012613,PKDCC,PKDCC
12359,ENSFALG00000012614,LRRC20,LRRC20
12360,ENSFALG00000012615,TMEM181,TMEM181
12361,ENSFALG00000012617,SPTLC2,SPTLC2
12362,ENSFALG00000012617,SPTLC2,SPTLC2
12363,ENSFALG00000012618,EML4,EML4
12364,ENSFALG00000012619,UROC1,UROC1
12365,ENSFALG00000012620,TLDC2,ENSFALG00000012620
12366,ENSFALG00000012621,Dynlt1,DYNLT1
12367,ENSFALG00000012622,CACHD1,CACHD1
12368,ENSFALG00000012623,NPFFR1,NPFFR1
12369,ENSFALG00000012624,Bahcc1,ENSFALG00000012624
12370,ENSFALG00000012625,EZR,EZR
12371,ENSFALG00000012626,NTN4,ENSFALG00000012626
12372,ENSFALG00000012627,Cox7a2l,COX7A2L
12373,ENSFALG00000012628,PPP6R3,PPP6R3
12374,ENSFALG00000012629,Pigu,PIGU
12375,ENSFALG00000012630,KCNG3,KCNG3
12376,ENSFALG00000012631,CHCHD4,CHCHD4
12377,ENSFALG00000012632,PLA2G6,PLA2G6
12378,ENSFALG00000012633,MTA3,MTA3
12379,ENSFALG00000012634,Raver2,RAVER2
12380,ENSFALG00000012635,TMEM43,TMEM43
12381,ENSFALG00000012636,FBXO41,FBXO41
12382,ENSFALG00000012637,ACTB,ACTG1
12383,ENSFALG00000012638,TAGAP,TAGAP
12384,ENSFALG00000012639,Ppa1,PPA1
12385,ENSFALG00000012640,HAAO,HAAO
12386,ENSFALG00000012641,VPS13C,VPS13C
12387,ENSFALG00000012642,XPC,XPC
12388,ENSFALG00000012643,Tp53inp2,ENSFALG00000012643
12389,ENSFALG00000012644,LSM3,LSM3
12390,ENSFALG00000012645,JAK1,JAK1
12391,ENSFALG00000012647,NCOA6,NCOA6
12392,ENSFALG00000012648,ALMS1,ENSFALG00000012648
12393,ENSFALG00000012649,SLC6A6,SLC6A6
12394,ENSFALG00000012650,OSTF1,OSTF1
12395,ENSFALG00000012651,FSCN2,FSCN2
12396,ENSFALG00000012652,EGR4,EGR4
12397,ENSFALG00000012653,Rsph3,RSPH3
12398,ENSFALG00000012654,Ism2,ENSFALG00000012654
12399,ENSFALG00000012655,ALMS1,ENSFALG00000012655
12400,ENSFALG00000012656,GRIP2,GRIP2
12401,ENSFALG00000012657,AK3,AK4
12402,ENSFALG00000012658,Dnajc27,DNAJC27
12403,ENSFALG00000012659,THADA,THADA
12404,ENSFALG00000012660,ATP6AP1L,ATP6AP1L
12405,ENSFALG00000012661,Sar1a,SAR1A
12406,ENSFALG00000012662,NMRK1,NMRK1
12407,ENSFALG00000012663,Prdm15,ENSFALG00000012663
12408,ENSFALG00000012664,BAIAP2L2,BAIAP2L2
12409,ENSFALG00000012665,ALMS1,ENSFALG00000012665
12410,ENSFALG00000012666,GGT7,GGT7
12411,ENSFALG00000012667,FAAP100,FAAP100
12412,ENSFALG00000012668,Rps23,RPS23
12413,ENSFALG00000012669,Spock2,SPOCK2
12414,ENSFALG00000012670,AHSA1,AHSA1
12415,ENSFALG00000012671,PLAGL1,PLAGL1
12416,ENSFALG00000012672,SUPT3H,SUPT3H
12417,ENSFALG00000012672,SUPT3H,SUPT3H
12418,ENSFALG00000012673,CCDC174,CCDC174
12419,ENSFALG00000012674,LRP5,ENSFALG00000012674
12420,ENSFALG00000012675,ATG10,ATG10
12421,ENSFALG00000012676,ASCC1,ASCC1
12422,ENSFALG00000012677,Cyp2g1,ENSFALG00000012677
12423,ENSFALG00000012678,CCM2,CCM2
12424,ENSFALG00000012679,Gak,DNAJC6
12425,ENSFALG00000012680,Carnmt1,CARNMT1
12426,ENSFALG00000012681,LTV1,ENSFALG00000012681
12427,ENSFALG00000012682,ADAM33,ADAM33
12428,ENSFALG00000012683,Nploc4,NPLOC4
12429,ENSFALG00000012684,Anapc16,ANAPC16
12430,ENSFALG00000012685,Slc16a3,SLC16A8
12431,ENSFALG00000012685,SLC16A8,SLC16A8
12432,ENSFALG00000012687,VIPAS39,VIPAS39
12433,ENSFALG00000012688,CDC5L,CDC5L
12434,ENSFALG00000012689,SSBP2,SSBP2
12435,ENSFALG00000012689,SSBP2,SSBP2
12436,ENSFALG00000012690,PHACTR2,PHACTR2
12437,ENSFALG00000012691,DDIT4,DDIT4
12438,ENSFALG00000012692,Tma7,ENSFALG00000012692
12439,ENSFALG00000012693,TSPAN10,TSPAN10
12440,ENSFALG00000012694,RAB5IF,TGIF2-RAB5IF
12441,ENSFALG00000012695,Znf345,ENSFALG00000012695
12442,ENSFALG00000012696,SAMD15,ENSFALG00000012696
12443,ENSFALG00000012697,CCDC51,ENSFALG00000012697
12444,ENSFALG00000012698,PICK1,PICK1
12445,ENSFALG00000012699,MYL9,MYL9
12446,ENSFALG00000012700,ACOT12,ACOT12
12447,ENSFALG00000012701,Tmed8,TMED8
12448,ENSFALG00000012702,PLEKHH2,PLEKHH2
12449,ENSFALG00000012703,DNAJB12,DNAJB12
12450,ENSFALG00000012704,COL6A3,COL6A3
12451,ENSFALG00000012704,COL6A3,COL6A3
12452,ENSFALG00000012706,SOX10,SOX10
12453,ENSFALG00000012707,Pde6g,PDE6G
12454,ENSFALG00000012708,PLXNB1,PLXNB1
12455,ENSFALG00000012709,ZCCHC9,ZCCHC9
12456,ENSFALG00000012710,Gachh,ENSFALG00000012710
12457,ENSFALG00000012711,FUCA2,FUCA2
12458,ENSFALG00000012712,DYNC2LI1,DYNC2LI1
12459,ENSFALG00000012713,TRPM6,TRPM6
12460,ENSFALG00000012714,LEPROT,LEPROT
12461,ENSFALG00000012715,C5H11orf24,ENSFALG00000012715
12462,ENSFALG00000012716,MMUT,MMUT
12463,ENSFALG00000012718,DLGAP4,DLGAP4
12464,ENSFALG00000012719,Pex3,ENSFALG00000012719
12465,ENSFALG00000012720,ABCG5,ABCG5
12466,ENSFALG00000012721,KMT5B,KMT5B
12467,ENSFALG00000012722,CCDC137,CCDC137
12468,ENSFALG00000012723,MICU1,ENSFALG00000012723
12469,ENSFALG00000012724,Srpk,ENSFALG00000012724
12470,ENSFALG00000012725,CENPQ,CENPQ
12471,ENSFALG00000012726,POLR2F,MICALL1
12472,ENSFALG00000012726,MICALL1,MICALL1
12473,ENSFALG00000012727,GSTZ1,GSTZ1
12474,ENSFALG00000012728,Atrn,ATRN
12475,ENSFALG00000012729,LEPR,LEPR
12476,ENSFALG00000012730,ADAT2,ENSFALG00000012730
12477,ENSFALG00000012731,ABCG8,ABCG8
12478,ENSFALG00000012732,CHKA,CHKA
12479,ENSFALG00000012734,GPRC5C,GPRC5C
12480,ENSFALG00000012735,Cyp2k6,ENSFALG00000012735
12481,ENSFALG00000012736,AIG1,AIG1
12482,ENSFALG00000012737,Micu1,ENSFALG00000012737
12483,ENSFALG00000012738,LRPPRC,ENSFALG00000012738
12484,ENSFALG00000012739,Aar2,AAR2
12485,ENSFALG00000012740,RHAG,RHAG
12486,ENSFALG00000012741,GPR142,GPR142
12487,ENSFALG00000012742,SETD5,SETD5
12488,ENSFALG00000012743,C2cd4c,ENSFALG00000012743
12489,ENSFALG00000012744,HIVEP2,HIVEP2
12490,ENSFALG00000012745,CKMT2,CKMT2
12491,ENSFALG00000012745,CKMT2,CKMT2
12492,ENSFALG00000012746,MCU,MCU
12493,ENSFALG00000012747,C22orf23,C22orf23
12494,ENSFALG00000012748,BTBD17,BTBD17
12495,ENSFALG00000012749,AKAP8,ENSFALG00000012749
12496,ENSFALG00000012750,TLN2,TLN2
12497,ENSFALG00000012751,LHFPL4,LHFPL4
12498,ENSFALG00000012752,Crvp,ENSFALG00000012752
12499,ENSFALG00000012753,FOSL2,FOSL2
12500,ENSFALG00000012754,POMT2,POMT2
12501,ENSFALG00000012755,EPB41L1,EPB41L1
12502,ENSFALG00000012756,Akap8l,ENSFALG00000012756
12503,ENSFALG00000012757,RNH1,RNH1
12504,ENSFALG00000012758,Nog1,ENSFALG00000012758
12505,ENSFALG00000012759,CDH9,CDH9
12506,ENSFALG00000012760,Oit3,OIT3
12507,ENSFALG00000012761,NGB,NGB
12508,ENSFALG00000012762,Dnai2,ENSFALG00000012762
12509,ENSFALG00000012763,RORB,RORB
12510,ENSFALG00000012764,Mtmr14,MTMR14
12511,ENSFALG00000012765,CRISP2,ENSFALG00000012765
12512,ENSFALG00000012765,CRISP2,ENSFALG00000012765
12513,ENSFALG00000012766,PLA2G12B,PLA2G12B
12514,ENSFALG00000012767,MLPH,MLPH
12515,ENSFALG00000012768,EIF3L,EIF3L
12516,ENSFALG00000012769,ADGRG6,ADGRG6
12517,ENSFALG00000012769,ADGRG6,ADGRG6
12518,ENSFALG00000012770,Tfap2d,TFAP2D
12519,ENSFALG00000012771,TMEM63C,TMEM63C
12520,ENSFALG00000012772,TFAP2B,TFAP2B
12521,ENSFALG00000012773,P4HA1,P4HA1
12522,ENSFALG00000012774,PLB1,PLB1
12523,ENSFALG00000012775,TPM1,ENSFALG00000012775
12524,ENSFALG00000012775,TPM1,ENSFALG00000012775
12525,ENSFALG00000012776,Srsf6,SRSF6
12526,ENSFALG00000012778,PDE4B,PDE4B
12527,ENSFALG00000012779,L3MBTL1,ENSFALG00000012779
12528,ENSFALG00000012780,Igsf1,ENSFALG00000012780
12529,ENSFALG00000012781,VTA1,VTA1
12530,ENSFALG00000012782,ANKRD54,ANKRD54
12531,ENSFALG00000012783,RAB17,RAB17
12532,ENSFALG00000012784,RASGRF2,RASGRF2
12533,ENSFALG00000012785,LACTB,LACTB
12534,ENSFALG00000012786,Gje1,GJE1
12535,ENSFALG00000012787,TTYH2,TTYH2
12536,ENSFALG00000012788,GALR3,ENSFALG00000012788
12537,ENSFALG00000012789,LRRFIP1,LRRFIP1
12538,ENSFALG00000012790,GCAT,GCAT
12539,ENSFALG00000012791,CDH6,CDH6
12540,ENSFALG00000012792,NMBR,NMBR
12541,ENSFALG00000012793,ANXA1,ANXA1
12542,ENSFALG00000012793,ANXA1,ANXA1
12543,ENSFALG00000012794,Rbm44,ENSFALG00000012794
12544,ENSFALG00000012796,Ramp1,RAMP1
12545,ENSFALG00000012797,TRIOBP,ENSFALG00000012797
12546,ENSFALG00000012798,NUDT13,NUDT13
12547,ENSFALG00000012799,Rpl4,RPL4
12548,ENSFALG00000012800,TXLNB,TXLNB
12549,ENSFALG00000012801,CPNE9,CPNE9
12550,ENSFALG00000012802,ZWILCH,ZWILCH
12551,ENSFALG00000012803,RPL38,RPL38
12552,ENSFALG00000012804,UBE2F,ENSFALG00000012804
12553,ENSFALG00000012804,UBE2F,ENSFALG00000012804
12554,ENSFALG00000012805,Ecd,ECD
12555,ENSFALG00000012806,Dhps,ENSFALG00000012806
12556,ENSFALG00000012807,NOL12,ENSFALG00000012807
12557,ENSFALG00000012810,SGIP1,SGIP1
12558,ENSFALG00000012811,Hoxb5a,HOXB5
12559,ENSFALG00000012812,Ppp1cb,PPP1CB
12560,ENSFALG00000012813,DNAI4,WDR78
12561,ENSFALG00000012814,MSH3,MSH3
12562,ENSFALG00000012815,Heca,HECA
12563,ENSFALG00000012817,Ifnl3,ENSFALG00000012817
12564,ENSFALG00000012818,ABRACL,ABRACL
12565,ENSFALG00000012819,LCTL,LCTL
12566,ENSFALG00000012820,ALDH1A1,ALDH1A1
12567,ENSFALG00000012821,REPS1,REPS1
12568,ENSFALG00000012822,Dhfr,ENSFALG00000012822
12569,ENSFALG00000012823,LGALS1,LGALS1
12570,ENSFALG00000012824,FAM149B1,FAM149B1
12571,ENSFALG00000012825,MIER1,MIER1
12572,ENSFALG00000012826,Crg1,ENSFALG00000012826
12573,ENSFALG00000012827,SDK2,SDK2
12574,ENSFALG00000012828,CALM1,CALM2
12575,ENSFALG00000012829,CCDC28A,CCDC28A
12576,ENSFALG00000012830,TMC1,TMC1
12577,ENSFALG00000012831,DNAJC9,DNAJC9
12578,ENSFALG00000012832,Natt3,ENSFALG00000012832
12579,ENSFALG00000012832,Natt3,ENSFALG00000012832
12580,ENSFALG00000012833,ANKRD34B,ANKRD34B
12581,ENSFALG00000012834,MREG,MREG
12582,ENSFALG00000012835,NHSL1,NHSL1
12583,ENSFALG00000012836,SH3BP1,ENSFALG00000012836
12584,ENSFALG00000012837,FAM151B,FAM151B
12585,ENSFALG00000012838,CHMP2A,CHMP2A
12586,ENSFALG00000012839,TTC7A,TTC7A
12587,ENSFALG00000012840,ARFGEF3,ARFGEF3
12588,ENSFALG00000012841,CWF19L1,CWF19L1
12589,ENSFALG00000012842,SMAD6,SMAD6
12590,ENSFALG00000012843,DROSHA,DROSHA
12591,ENSFALG00000012844,ZFYVE16,ENSFALG00000012844
12592,ENSFALG00000012845,FN1,FN1
12593,ENSFALG00000012846,Ube2m,ENSFALG00000012846
12594,ENSFALG00000012848,DPF2,DPF2
12595,ENSFALG00000012849,SLC11A2,SLC11A2
12596,ENSFALG00000012850,CCDC125,CCDC125
12597,ENSFALG00000012851,PERP,ENSFALG00000012851
12598,ENSFALG00000012853,SLC35D1,SLC35D1
12599,ENSFALG00000012854,AK6,AK6
12600,ENSFALG00000012855,TRIM28,TRIM28
12601,ENSFALG00000012856,GGA1,GGA1
12602,ENSFALG00000012857,TNFAIP3,TNFAIP3
12603,ENSFALG00000012861,SMAD3,SMAD3
12604,ENSFALG00000012862,Olig3,OLIG3
12605,ENSFALG00000012863,RAD17,RAD17
12606,ENSFALG00000012864,CDC42EP1,CDC42EP1
12607,ENSFALG00000012865,BRPF1,ENSFALG00000012865
12608,ENSFALG00000012866,IFNGR1,IFNGR1
12609,ENSFALG00000012867,LGALS2,LGALS2
12610,ENSFALG00000012868,col2a1,ENSFALG00000012868
12611,ENSFALG00000012869,IL22RA2,IL22RA2
12612,ENSFALG00000012870,MCFD2,MCFD2
12613,ENSFALG00000012871,Edil3,EDIL3
12614,ENSFALG00000012873,CRIPT,CRIPT
12615,ENSFALG00000012874,ATIC,ATIC
12616,ENSFALG00000012875,IL20RA,IL20RA
12617,ENSFALG00000012876,CHUK,CHUK
12618,ENSFALG00000012877,CARD10,CARD10
12619,ENSFALG00000012878,PIGF,PIGF
12620,ENSFALG00000012879,C5orf22,C5orf22
12621,ENSFALG00000012880,HAPLN1,HAPLN1
12622,ENSFALG00000012881,CBX5,CBX5
12623,ENSFALG00000012882,Slc35d3,SLC35D3
12624,ENSFALG00000012883,MFNG,MFNG
12625,ENSFALG00000012884,PEX7,PEX7
12626,ENSFALG00000012885,CYTH4,CYTH4
12627,ENSFALG00000012886,Exosc5,EXOSC5
12628,ENSFALG00000012887,AAGAB,AAGAB
12629,ENSFALG00000012888,Ano8,ENSFALG00000012888
12630,ENSFALG00000012889,Fam104a,FAM104B
12631,ENSFALG00000012889,Fam104a,FAM104B
12632,ENSFALG00000012890,MAP3K5,MAP3K5
12633,ENSFALG00000012891,VCAN,VCAN
12634,ENSFALG00000012892,IL12RB2,IL12RB2
12635,ENSFALG00000012893,RHOQ,RHOQ
12636,ENSFALG00000012894,cdc42,RAC2
12637,ENSFALG00000012895,NCOA3,NCOA3
12638,ENSFALG00000012896,IQCH,IQCH
12639,ENSFALG00000012897,OGG1,OGG1
12640,ENSFALG00000012897,OGG1,OGG1
12641,ENSFALG00000012898,EMC4,EMC4
12642,ENSFALG00000012899,CTNNA3,CTNNA3
12643,ENSFALG00000012900,Cdc42ep4,CDC42EP4
12644,ENSFALG00000012901,ABCA12,ABCA12
12645,ENSFALG00000012902,MLLT6,ENSFALG00000012902
12646,ENSFALG00000012903,XRCC4,XRCC4
12647,ENSFALG00000012904,SULF2,SULF2
12648,ENSFALG00000012905,C10H15orf61,C15orf61
12649,ENSFALG00000012906,Cpsf4,ENSFALG00000012906
12650,ENSFALG00000012907,MAP7,MAP7
12651,ENSFALG00000012908,C1QTNF6,C1QTNF6
12652,ENSFALG00000012909,TOMM5,ENSFALG00000012909
12653,ENSFALG00000012910,Tmem167a,TMEM167A
12654,ENSFALG00000012912,SERBP1,SERBP1
12655,ENSFALG00000012913,CAMK1,CAMK1
12656,ENSFALG00000012914,PREX1,PREX1
12657,ENSFALG00000012915,LRRTM3,LRRTM3
12658,ENSFALG00000012915,LRRTM3,LRRTM3
12659,ENSFALG00000012916,EPAS1,EPAS1
12660,ENSFALG00000012917,CDH20,CDH20
12661,ENSFALG00000012918,IL2RB,IL2RB
12662,ENSFALG00000012919,Map2k5,MAP2K5
12663,ENSFALG00000012920,BARD1,BARD1
12664,ENSFALG00000012921,Frmpd1,FRMPD1
12665,ENSFALG00000012922,DNAJC12,DNAJC12
12666,ENSFALG00000012923,COG1,COG1
12667,ENSFALG00000012924,Arfgef2,ARFGEF2
12668,ENSFALG00000012926,Tmprss6,TMPRSS6
12669,ENSFALG00000012927,GNG12,GNG12
12670,ENSFALG00000012928,BCLAF1,BCLAF1
12671,ENSFALG00000012929,SIRT1,SIRT1
12672,ENSFALG00000012930,TRMT10B,TRMT10B
12673,ENSFALG00000012931,VWC2L,VWC2L
12674,ENSFALG00000012932,CSE1L,CSE1L
12675,ENSFALG00000012933,MTFR2,MTFR2
12676,ENSFALG00000012934,PRKCE,PRKCE
12677,ENSFALG00000012935,ERLIN1,ERLIN1
12678,ENSFALG00000012936,SPAG16,ENSFALG00000012936
12679,ENSFALG00000012937,Dcaf10,DCAF10
12680,ENSFALG00000012938,Pla2g16,ENSFALG00000012938
12681,ENSFALG00000012939,Tada3,TADA3
12682,ENSFALG00000012940,STAU1,STAU1
12683,ENSFALG00000012941,KCTD17,KCTD17
12684,ENSFALG00000012942,WLS,WLS
12685,ENSFALG00000012943,PDE7B,PDE7B
12686,ENSFALG00000012944,KCNB1,KCNB1
12687,ENSFALG00000012945,SPAG16,ENSFALG00000012945
12688,ENSFALG00000012946,HERC4,HERC4
12689,ENSFALG00000012947,ADAM8,ADAM8
12690,ENSFALG00000012948,IKZF2,IKZF2
12691,ENSFALG00000012949,B4GALT5,B4GALT5
12692,ENSFALG00000012950,POLR1E,POLR1E
12693,ENSFALG00000012951,MPST,MPST
12694,ENSFALG00000012952,MYPN,MYPN
12695,ENSFALG00000012953,ARPC4,ARPC4
12696,ENSFALG00000012953,Arpc4,ARPC4
12697,ENSFALG00000012954,SLC9A8,SLC9A8
12698,ENSFALG00000012955,PIGN,PIGN
12699,ENSFALG00000012956,TST,TST
12700,ENSFALG00000012957,RUFY2,PBLD
12701,ENSFALG00000012958,Spata2,SPATA2
12702,ENSFALG00000012959,Tex33,ENSFALG00000012959
12703,ENSFALG00000012960,TTLL3,ENSFALG00000012960
12704,ENSFALG00000012962,CSF2RB,ENSFALG00000012962
12705,ENSFALG00000012963,RNF114,RNF114
12706,ENSFALG00000012964,HNRNPH3,HNRNPH3
12707,ENSFALG00000012965,TNFRSF11A,TNFRSF11A
12708,ENSFALG00000012966,SRBD1,SRBD1
12709,ENSFALG00000012967,Zbtb5,ZBTB5
12710,ENSFALG00000012968,RPUSD3,RPUSD3
12711,ENSFALG00000012969,ERBB4,ERBB4
12712,ENSFALG00000012971,SIX2,SIX2
12713,ENSFALG00000012972,JAGN1,JAGN1
12714,ENSFALG00000012974,Snai1,ENSFALG00000012974
12715,ENSFALG00000012975,ZCCHC7,ZCCHC7
12716,ENSFALG00000012977,ZCCHC2,ZCCHC2
12717,ENSFALG00000012978,RUFY2,RUFY2
12718,ENSFALG00000012979,SIX3,SIX3
12719,ENSFALG00000012980,Il17re,ENSFALG00000012980
12720,ENSFALG00000012982,NCF4,NCF4
12721,ENSFALG00000012983,PAX5,PAX5
12722,ENSFALG00000012984,DNA2,DNA2
12723,ENSFALG00000012986,TUBGCP2,TUBGCP2
12724,ENSFALG00000012987,UBE2V1,UBE2V1
12725,ENSFALG00000012988,CAMKMT,CAMKMT
12726,ENSFALG00000012989,PHLPP1,PHLPP1
12727,ENSFALG00000012990,IL17RC,IL17RC
12728,ENSFALG00000012991,UTRN,UTRN
12729,ENSFALG00000012992,MELK,MELK
12730,ENSFALG00000012993,PREPL,PREPL
12731,ENSFALG00000012994,Tmem189,ENSFALG00000012994
12732,ENSFALG00000012995,Slc25a16,SLC25A16
12733,ENSFALG00000012996,RPE65,RPE65
12734,ENSFALG00000012997,PVALB,PVALB
12735,ENSFALG00000012998,Marveld3,ENSFALG00000012998
12736,ENSFALG00000012999,BCL2,BCL2
12737,ENSFALG00000013000,CRELD1,CRELD1
12738,ENSFALG00000013001,Kdsr,KDSR
12739,ENSFALG00000013002,IFT27,IFT27
12740,ENSFALG00000013003,SLC3A1,SLC3A1
12741,ENSFALG00000013004,Znf511,ZNF511
12742,ENSFALG00000013005,VPS4B,VPS4B
12743,ENSFALG00000013006,TET1,TET1
12744,ENSFALG00000013007,CACNG2,CACNG2
12745,ENSFALG00000013008,PTPN1,PTPN1
12746,ENSFALG00000013009,DEPDC1,DEPDC1
12747,ENSFALG00000013010,Prap1,ENSFALG00000013010
12748,ENSFALG00000013011,SERPINB5,SERPINB5
12749,ENSFALG00000013012,EIF3D,EIF3D
12750,ENSFALG00000013013,PPM1B,ENSFALG00000013013
12751,ENSFALG00000013014,SERPINB11,SERPINB11
12752,ENSFALG00000013015,CCAR1,CCAR1
12753,ENSFALG00000013016,FOXRED2,FOXRED2
12754,ENSFALG00000013017,ECHS1,ECHS1
12755,ENSFALG00000013018,Serpinb4,ENSFALG00000013018
12756,ENSFALG00000013019,STOX1,ENSFALG00000013019
12757,ENSFALG00000013020,IHO1,ENSFALG00000013020
12758,ENSFALG00000013021,TXN2,TXN2
12759,ENSFALG00000013023,KLHDC8B,KLHDC8B
12760,ENSFALG00000013024,RIPOR3,RIPOR3
12761,ENSFALG00000013027,SERPINB14B,ENSFALG00000013027
12762,ENSFALG00000013028,CPS1,CPS1
12763,ENSFALG00000013029,LAMB2,LAMB2
12764,ENSFALG00000013030,PARD6B,PARD6B
12765,ENSFALG00000013031,MTG1,MTG1
12766,ENSFALG00000013032,ADNP,ADNP
12767,ENSFALG00000013033,Serpinb14,ENSFALG00000013033
12768,ENSFALG00000013034,Cth,CTH
12769,ENSFALG00000013035,DPM1,DPM1
12770,ENSFALG00000013036,MOCS3,MOCS3
12771,ENSFALG00000013037,SERPINB10,SERPINB10
12772,ENSFALG00000013038,KCNG1,KCNG1
12773,ENSFALG00000013039,USP19,USP19
12774,ENSFALG00000013040,Cilp2,CILP2
12775,ENSFALG00000013042,NFATC2,NFATC2
12776,ENSFALG00000013045,PAOX,ENSFALG00000013045
12777,ENSFALG00000013046,Serpinb6,ENSFALG00000013046
12778,ENSFALG00000013047,Serpinb6,ENSFALG00000013047
12779,ENSFALG00000013048,MYH9,MYH9
12780,ENSFALG00000013050,Serpinb1,SERPINB1
12781,ENSFALG00000013052,WRNIP1,WRNIP1
12782,ENSFALG00000013053,KIFBP,KIF1BP
12783,ENSFALG00000013054,Epm2a,EPM2A
12784,ENSFALG00000013055,Mylk4,ENSFALG00000013055
12785,ENSFALG00000013056,SLC6A8,ENSFALG00000013056
12786,ENSFALG00000013057,FBXO30,FBXO30
12787,ENSFALG00000013058,FBXW7,FBXW7
12788,ENSFALG00000013059,GMDS,GMDS
12789,ENSFALG00000013061,SHPRH,SHPRH
12790,ENSFALG00000013062,Srgn,ENSFALG00000013062
12791,ENSFALG00000013063,TMEM154,TMEM154
12792,ENSFALG00000013064,EXOC2,EXOC2
12793,ENSFALG00000013066,Qars,QARS
12794,ENSFALG00000013067,ARFIP1,ARFIP1
12795,ENSFALG00000013068,VPS26A,VPS26A
12796,ENSFALG00000013069,FHDC1,FHDC1
12797,ENSFALG00000013070,CDK5,CDK5
12798,ENSFALG00000013071,Irf4,IRF4
12799,ENSFALG00000013072,TRIM2,TRIM2
12800,ENSFALG00000013074,QRICH1,QRICH1
12801,ENSFALG00000013075,MND1,MND1
12802,ENSFALG00000013076,LANCL1,LANCL1
12803,ENSFALG00000013077,GOLGA4,GOLGA4
12804,ENSFALG00000013078,Atp9a,ATP9A
12805,ENSFALG00000013079,IMPDH,IMPDH2
12806,ENSFALG00000013080,DUSP22,DUSP22
12807,ENSFALG00000013081,TMEM131L,TMEM131L
12808,ENSFALG00000013082,GRM1,GRM1
12809,ENSFALG00000013082,GRM1,GRM1
12810,ENSFALG00000013083,MYL1,MYL1
12811,ENSFALG00000013084,SLC4A2,SLC4A2
12812,ENSFALG00000013085,NDUFAF3,NDUFAF3
12813,ENSFALG00000013086,Nqo2,ENSFALG00000013086
12814,ENSFALG00000013087,TMEM131L,ENSFALG00000013087
12815,ENSFALG00000013088,Nqo2,ENSFALG00000013088
12816,ENSFALG00000013089,Dalrd3,DALRD3
12817,ENSFALG00000013090,SFRP2,SFRP2
12818,ENSFALG00000013091,Itga9,ITGA9
12819,ENSFALG00000013092,Wdr6,WDR6
12820,ENSFALG00000013092,Wdr6,WDR6
12821,ENSFALG00000013093,RIPK1,RIPK1
12822,ENSFALG00000013094,SUPV3L1,SUPV3L1
12823,ENSFALG00000013094,SUPV3L1,SUPV3L1
12824,ENSFALG00000013095,ACADL,ACADL
12825,ENSFALG00000013095,ACADL,ACADL
12826,ENSFALG00000013096,RAB32,RAB32
12827,ENSFALG00000013097,P4HTM,P4HTM
12828,ENSFALG00000013098,DCHS2,ENSFALG00000013098
12829,ENSFALG00000013099,ADGB,ADGB
12830,ENSFALG00000013100,Lipk,ENSFALG00000013100
12831,ENSFALG00000013101,STXBP5,STXBP5
12832,ENSFALG00000013103,Rnls,RNLS
12833,ENSFALG00000013104,BPHL,BPHL
12834,ENSFALG00000013105,PLRG1,PLRG1
12835,ENSFALG00000013106,SASH1,SASH1
12836,ENSFALG00000013107,KANSL1L,KANSL1L
12837,ENSFALG00000013108,PTEN,ENSFALG00000013108
12838,ENSFALG00000013109,FGB,FGB
12839,ENSFALG00000013110,ATAD1,ATAD1
12840,ENSFALG00000013111,RBFOX2,RBFOX2
12841,ENSFALG00000013112,Rpe,ENSFALG00000013112
12842,ENSFALG00000013113,PPP1R17,PPP1R17
12843,ENSFALG00000013114,Arih2,ARIH2
12844,ENSFALG00000013115,UST,UST
12845,ENSFALG00000013116,HKDC1,HKDC1
12846,ENSFALG00000013117,PAPSS2,PAPSS2
12847,ENSFALG00000013118,Fastk,FASTK
12848,ENSFALG00000013119,TUBB2B,ENSFALG00000013119
12849,ENSFALG00000013120,PDE1C,PDE1C
12850,ENSFALG00000013121,MB,MB
12851,ENSFALG00000013122,UNC80,UNC80
12852,ENSFALG00000013123,SLC25A20,SLC25A20
12853,ENSFALG00000013124,TAB2,TAB2
12854,ENSFALG00000013125,FGA,FGA
12855,ENSFALG00000013125,FGA,FGA
12856,ENSFALG00000013126,MINPP1,MINPP1
12857,ENSFALG00000013127,Zc3h12d,ZC3H12D
12858,ENSFALG00000013128,Slc12a7,ENSFALG00000013128
12859,ENSFALG00000013129,Rasd2,RASD2
12860,ENSFALG00000013130,PPIL4,PPIL4
12861,ENSFALG00000013131,TUBB2B,ENSFALG00000013131
12862,ENSFALG00000013132,PRKAR2A,PRKAR2A
12863,ENSFALG00000013133,SGMS1,SGMS1
12864,ENSFALG00000013134,MAP1LC3C,MAP1LC3C
12865,ENSFALG00000013135,FGG,FGG
12866,ENSFALG00000013136,EXO1,EXO1
12867,ENSFALG00000013137,HK1,HK1
12868,ENSFALG00000013139,Slc22a23,SLC22A23
12869,ENSFALG00000013140,MAP2,MAP2
12870,ENSFALG00000013141,WDR64,WDR64
12871,ENSFALG00000013142,TACR2,TACR2
12872,ENSFALG00000013143,NFX1,NFX1
12873,ENSFALG00000013144,OPN3,OPN3
12874,ENSFALG00000013145,PXDC1,PXDC1
12875,ENSFALG00000013147,TSPAN15,TSPAN15
12876,ENSFALG00000013148,RPP14,RPP14
12877,ENSFALG00000013149,SALL4,SALL4
12878,ENSFALG00000013150,PRPF4B,PRPF4B
12879,ENSFALG00000013151,FRZB,FRZB
12880,ENSFALG00000013152,Lrat,LRAT
12881,ENSFALG00000013153,MCM5,MCM5
12882,ENSFALG00000013154,AGAP3,AGAP3
12883,ENSFALG00000013155,Asah2,ENSFALG00000013155
12884,ENSFALG00000013156,ECI2,ECI2
12885,ENSFALG00000013157,RBM46,RBM46
12886,ENSFALG00000013158,RGS7,RGS7
12887,ENSFALG00000013159,PXK,PXK
12888,ENSFALG00000013160,CDYL,ENSFALG00000013160
12889,ENSFALG00000013161,MAP9,ENSFALG00000013161
12890,ENSFALG00000013162,ZFP64,ZFP64
12891,ENSFALG00000013163,GUCY1A1,GUCY1A1
12892,ENSFALG00000013164,NCKAP1,NCKAP1
12893,ENSFALG00000013165,Ice1,ENSFALG00000013165
12894,ENSFALG00000013166,RPP40,RPP40
12895,ENSFALG00000013167,ICE1,ENSFALG00000013167
12896,ENSFALG00000013168,LYRM4,ENSFALG00000013168
12897,ENSFALG00000013169,Pdhb,PDHB
12898,ENSFALG00000013170,ICE1,ENSFALG00000013170
12899,ENSFALG00000013171,FARS2,FARS2
12900,ENSFALG00000013172,DUSP19,DUSP19
12901,ENSFALG00000013173,TSHZ2,TSHZ2
12902,ENSFALG00000013174,NRN1,NRN1
12903,ENSFALG00000013175,NUP35,NUP35
12904,ENSFALG00000013176,HUS1,ENSFALG00000013176
12905,ENSFALG00000013177,ZNF217,ZNF217
12906,ENSFALG00000013179,TNS3,TNS3
12907,ENSFALG00000013180,Bcas1,ENSFALG00000013180
12908,ENSFALG00000013180,BCAS1,ENSFALG00000013180
12909,ENSFALG00000013181,FMN2,ENSFALG00000013181
12910,ENSFALG00000013182,Col13a1,COL13A1
12911,ENSFALG00000013183,A1CF,A1CF
12912,ENSFALG00000013184,Igfbp3,IGFBP3
12913,ENSFALG00000013185,CYP24A1,CYP24A1
12914,ENSFALG00000013186,PRKG1,PRKG1
12915,ENSFALG00000013187,CNTNAP5,CNTNAP5
12916,ENSFALG00000013188,KCTD6,KCTD6
12917,ENSFALG00000013189,Igfbp1,IGFBP1
12918,ENSFALG00000013190,GBX1,GBX1
12919,ENSFALG00000013191,Dkk1,DKK1
12920,ENSFALG00000013192,ACOX2,ACOX2
12921,ENSFALG00000013193,Pfdn4,PFDN4
12922,ENSFALG00000013195,HMOX1,HMOX1
12923,ENSFALG00000013196,MRAS,MRAS
12924,ENSFALG00000013197,ASB10,ASB10
12925,ENSFALG00000013198,F13A1,F13A1
12926,ENSFALG00000013199,FAM107A,FAM107A
12927,ENSFALG00000013200,FAM3D,FAM3D
12928,ENSFALG00000013201,ABCF2,ENSFALG00000013201
12929,ENSFALG00000013202,PTPN4,PTPN4
12930,ENSFALG00000013203,CHPF2,CHPF2
12931,ENSFALG00000013204,ADCY1,ADCY1
12932,ENSFALG00000013205,CFAP20DC,C3orf67
12933,ENSFALG00000013206,SMARCD3,ENSFALG00000013206
12934,ENSFALG00000013207,EPB41L5,EPB41L5
12935,ENSFALG00000013208,PCDH15,PCDH15
12936,ENSFALG00000013209,Ralb,RALB
12937,ENSFALG00000013210,FHIT,FHIT
12938,ENSFALG00000013211,INHBB,INHBB
12939,ENSFALG00000013212,MACROH2A2,H2AFY2
12940,ENSFALG00000013213,AIFM2,AIFM2
12941,ENSFALG00000013214,PTPRG,PTPRG
12942,ENSFALG00000013215,LSS,LSS
12943,ENSFALG00000013216,CHST3,CHST3
12944,ENSFALG00000013217,GLI2,GLI2
12945,ENSFALG00000013218,TOM1,TOM1
12946,ENSFALG00000013218,TOM1,TOM1
12947,ENSFALG00000013219,PSAP,ENSFALG00000013219
12948,ENSFALG00000013220,CEP15,C3orf14
12949,ENSFALG00000013222,Ramp3,RAMP3
12950,ENSFALG00000013223,Fezf2,FEZF2
12951,ENSFALG00000013224,LRRC14B,LRRC14B
12952,ENSFALG00000013226,SLC9A3,SLC9A3
12953,ENSFALG00000013227,CADPS,ENSFALG00000013227
12954,ENSFALG00000013228,LY86,LY86
12955,ENSFALG00000013229,TPPP,TPPP
12956,ENSFALG00000013230,TFCP2L1,TFCP2L1
12957,ENSFALG00000013231,RREB1,RREB1
12958,ENSFALG00000013233,CLASP1,CLASP1
12959,ENSFALG00000013234,BRD9,BRD9
12960,ENSFALG00000013235,SYNPR,SYNPR
12961,ENSFALG00000013235,SYNPR,SYNPR
12962,ENSFALG00000013236,AKTIP,AKTIP
12963,ENSFALG00000013237,SSR1,SSR1
12964,ENSFALG00000013238,NIFK,NIFK
12965,ENSFALG00000013239,MINAR1,MINAR1
12966,ENSFALG00000013240,Hmgxb4,HMGXB4
12967,ENSFALG00000013241,SYNPR,SNTN
12968,ENSFALG00000013242,TRIP13,TRIP13
12969,ENSFALG00000013243,ISX,ISX
12970,ENSFALG00000013243,Isx,ISX
12971,ENSFALG00000013244,Riok1,RIOK1
12972,ENSFALG00000013245,Thoc7,THOC7
12973,ENSFALG00000013246,IPMK,IPMK
12974,ENSFALG00000013247,TSN,TSN
12975,ENSFALG00000013248,Krf1,ENSFALG00000013248
12976,ENSFALG00000013249,DSP,DSP
12977,ENSFALG00000013250,Cisd1,CISD1
12978,ENSFALG00000013250,Cisd1,CISD1
12979,ENSFALG00000013251,RBL2,RBL2
12980,ENSFALG00000013252,LARGE1,LARGE1
12981,ENSFALG00000013254,ATXN7,ENSFALG00000013254
12982,ENSFALG00000013255,BMP6,BMP6
12983,ENSFALG00000013256,COL15A1,ENSFALG00000013256
12984,ENSFALG00000013257,Tfam,TFAM
12985,ENSFALG00000013258,CDKN2B,ENSFALG00000013258
12986,ENSFALG00000013259,MLLT6,ENSFALG00000013259
12987,ENSFALG00000013261,Psmd6,PSMD6
12988,ENSFALG00000013262,IQCB1,IQCB1
12989,ENSFALG00000013263,PRICKLE2,PRICKLE2
12990,ENSFALG00000013264,REEP3,REEP3
12991,ENSFALG00000013265,ADAMTS9,ADAMTS9
12992,ENSFALG00000013266,TXNDC5,TXNDC5
12993,ENSFALG00000013267,JMJD1C,JMJD1C
12994,ENSFALG00000013268,EAF2,EAF2
12995,ENSFALG00000013269,PCGF2,PCGF2
12996,ENSFALG00000013270,RYR2,RYR2
12997,ENSFALG00000013271,NRBF2,NRBF2
12998,ENSFALG00000013272,SRPRB,ENSFALG00000013272
12999,ENSFALG00000013273,SYN3,SYN3
13000,ENSFALG00000013274,SLC15A2,SLC15A2
13001,ENSFALG00000013275,CDH23,CDH23
13002,ENSFALG00000013276,CHD9,CHD9
13003,ENSFALG00000013277,EGR2,EGR2
13004,ENSFALG00000013278,EEF1E1,ENSFALG00000013278
13005,ENSFALG00000013279,PSMB3,PSMB3
13006,ENSFALG00000013280,Ado,ADO
13007,ENSFALG00000013281,HSPBAP1,HSPBAP1
13008,ENSFALG00000013282,TIMP3,TIMP3
13009,ENSFALG00000013283,MAGI1,MAGI1
13010,ENSFALG00000013284,ZNF365,ZNF365
13011,ENSFALG00000013285,TGFBR1,TGFBR1
13012,ENSFALG00000013286,Eef1e1,ENSFALG00000013286
13013,ENSFALG00000013287,PIP4K2B,PIP4K2B
13014,ENSFALG00000013288,SLC49A4,SLC49A4
13015,ENSFALG00000013289,SLCO2A1,SLCO2A1
13016,ENSFALG00000013291,SLC35B3,SLC35B3
13017,ENSFALG00000013292,Reck,ENSFALG00000013292
13018,ENSFALG00000013293,CWC25,CWC25
13019,ENSFALG00000013294,RTKN2,RTKN2
13020,ENSFALG00000013295,Ofcc1,ENSFALG00000013295
13021,ENSFALG00000013296,FBXO7,FBXO7
13022,ENSFALG00000013297,Reck,ENSFALG00000013297
13023,ENSFALG00000013298,S100B,S100B
13024,ENSFALG00000013299,ADNP2,ADNP2
13025,ENSFALG00000013300,SEMA5B,SEMA5B
13026,ENSFALG00000013301,DIP2A,DIP2A
13027,ENSFALG00000013302,Rpl23,RPL23
13028,ENSFALG00000013303,RBFA,RBFA
13029,ENSFALG00000013304,ARID5B,ARID5B
13030,ENSFALG00000013306,TFAP2A,TFAP2A
13031,ENSFALG00000013307,Cabcoco1,ENSFALG00000013307
13032,ENSFALG00000013309,TMEM26,TMEM26
13033,ENSFALG00000013310,RYK,RYK
13034,ENSFALG00000013311,Pdia5,PDIA5
13035,ENSFALG00000013313,BPIFC,BPIFC
13036,ENSFALG00000013314,PCNT,ENSFALG00000013314
13037,ENSFALG00000013315,SLC25A26,SLC25A26
13038,ENSFALG00000013316,RHOBTB1,RHOBTB1
13039,ENSFALG00000013320,CDK1,CDK1
13040,ENSFALG00000013321,TXNL4A,TXNL4A
13041,ENSFALG00000013322,C21orf58,C21orf58
13042,ENSFALG00000013323,HSBP1L1,HSBP1L1
13043,ENSFALG00000013324,Lrig1,LRIG1
13044,ENSFALG00000013325,SLC66A2,SLC66A2
13045,ENSFALG00000013326,KCNG2,KCNG2
13046,ENSFALG00000013327,Mak,MAK
13047,ENSFALG00000013328,KMO,KMO
13048,ENSFALG00000013329,Senp2,SENP2
13049,ENSFALG00000013329,SENP2,SENP2
13050,ENSFALG00000013330,CTDP1,CTDP1
13051,ENSFALG00000013331,ITGB2,ITGB2
13052,ENSFALG00000013332,KBTBD8,KBTBD8
13053,ENSFALG00000013333,NFATC1,NFATC1
13054,ENSFALG00000013334,RTCB,RTCB
13055,ENSFALG00000013335,AMOTL2,AMOTL2
13056,ENSFALG00000013336,FAM207A,FAM207A
13057,ENSFALG00000013337,SEC22A,SEC22A
13058,ENSFALG00000013338,ATP9B,ATP9B
13059,ENSFALG00000013339,ASCL4,ASCL4
13060,ENSFALG00000013340,ADARB1,ADARB1
13061,ENSFALG00000013341,Slc16a7,ENSFALG00000013341
13062,ENSFALG00000013341,Slc16a7,ENSFALG00000013341
13063,ENSFALG00000013342,PRDM4,PRDM4
13064,ENSFALG00000013343,SALL3,SALL3
13065,ENSFALG00000013344,GCM2,GCM2
13066,ENSFALG00000013346,IGF2BP2,IGF2BP2
13067,ENSFALG00000013347,TRA2B,TRA2B
13068,ENSFALG00000013348,PWP1,PWP1
13069,ENSFALG00000013349,SUCLG2,SUCLG2
13070,ENSFALG00000013350,ADCY5,ADCY5
13071,ENSFALG00000013351,SYCP2L,SYCP2L
13072,ENSFALG00000013352,ANK3,ANK3
13073,ENSFALG00000013353,CFAP410,CFAP410
13074,ENSFALG00000013354,ELOVL2,ELOVL2
13075,ENSFALG00000013355,TAFA1,TAFA1
13076,ENSFALG00000013356,TAFA4,TAFA4
13077,ENSFALG00000013357,PFKL,PFKL
13078,ENSFALG00000013358,EOGT,EOGT
13079,ENSFALG00000013359,NEDD9,NEDD9
13080,ENSFALG00000013360,HACD2,HACD2
13081,ENSFALG00000013361,TMF1,TMF1
13082,ENSFALG00000013362,Tmem170b,TMEM170B
13083,ENSFALG00000013363,BTBD11,BTBD11
13084,ENSFALG00000013364,ADTRP,ADTRP
13085,ENSFALG00000013365,UBA3,UBA3
13086,ENSFALG00000013366,HIVEP1,ENSFALG00000013366
13087,ENSFALG00000013367,ARL6IP5,ARL6IP5
13088,ENSFALG00000013368,EDN1,EDN1
13089,ENSFALG00000013369,VSIR,ENSFALG00000013369
13090,ENSFALG00000013370,LMOD3,LMOD3
13091,ENSFALG00000013371,PHACTR1,ENSFALG00000013371
13092,ENSFALG00000013372,FRMD4B,FRMD4B
13093,ENSFALG00000013373,MYLK,MYLK
13094,ENSFALG00000013374,SLC29A3,SLC29A3
13095,ENSFALG00000013375,PHACTR1,PHACTR1
13096,ENSFALG00000013376,TBC1D7,TBC1D7
13097,ENSFALG00000013377,PROCR,ENSFALG00000013377
13098,ENSFALG00000013378,GFOD1,GFOD1
13099,ENSFALG00000013379,DNAJB11,ENSFALG00000013379
13100,ENSFALG00000013380,UNC5B,UNC5B
13101,ENSFALG00000013381,Tmem14c,ENSFALG00000013381
13102,ENSFALG00000013382,TBCCD1,TBCCD1
13103,ENSFALG00000013383,MITF,MITF
13104,ENSFALG00000013383,Mitf,MITF
13105,ENSFALG00000013384,PAK1IP1,PAK1IP1
13106,ENSFALG00000013384,PAK1IP1,PAK1IP1
13107,ENSFALG00000013385,CRY1,CRY1
13108,ENSFALG00000013386,CRYGS,CRYGS
13109,ENSFALG00000013387,CLDN18,CLDN18
13110,ENSFALG00000013388,NUP153,NUP153
13111,ENSFALG00000013389,A4gnt,A4GNT
13112,ENSFALG00000013390,EPHB1,EPHB1
13113,ENSFALG00000013391,CCDC14,CCDC14
13114,ENSFALG00000013392,ACBC,ENSFALG00000013392
13115,ENSFALG00000013393,Fam8a1,FAM8A1
13116,ENSFALG00000013394,KY,KY
13117,ENSFALG00000013395,CAP2,CAP2
13118,ENSFALG00000013396,Sou2,ENSFALG00000013396
13119,ENSFALG00000013397,Mdfic2,MDFIC2
13120,ENSFALG00000013398,RBM24,RBM24
13121,ENSFALG00000013399,CEP63,CEP63
13122,ENSFALG00000013400,ATXN1,ATXN1
13123,ENSFALG00000013401,TMEM263,TMEM263
13124,ENSFALG00000013402,GMPR,GMPR
13125,ENSFALG00000013403,RIC8B,RIC8B
13126,ENSFALG00000013404,FOXP1,ENSFALG00000013404
13127,ENSFALG00000013405,Mylip,MYLIP
13128,ENSFALG00000013406,Dedd,DEDD
13129,ENSFALG00000013407,RFX4,RFX4
13130,ENSFALG00000013408,Slitrk5,SLITRK5
13131,ENSFALG00000013409,KALRN,KALRN
13132,ENSFALG00000013410,CHERP,CHERP
13133,ENSFALG00000013411,LIPH,LIPH
13134,ENSFALG00000013412,C19orf44,ENSFALG00000013412
13135,ENSFALG00000013413,EPS15L1,EPS15L1
13136,ENSFALG00000013414,DTNBP1,DTNBP1
13137,ENSFALG00000013414,DTNBP1,DTNBP1
13138,ENSFALG00000013415,LRRC14,ENSFALG00000013415
13139,ENSFALG00000013416,POLR3B,POLR3B
13140,ENSFALG00000013417,KLF2,ENSFALG00000013417
13141,ENSFALG00000013418,LRRC14,ENSFALG00000013418
13142,ENSFALG00000013419,Tmem41a,TMEM41A
13143,ENSFALG00000013420,EIF4E3,EIF4E3
13144,ENSFALG00000013421,LRRC14,ENSFALG00000013421
13145,ENSFALG00000013422,TCP11L2,TCP11L2
13146,ENSFALG00000013423,PROK2,PROK2
13147,ENSFALG00000013424,AP1M1,AP1M1
13148,ENSFALG00000013425,RYBP,RYBP
13149,ENSFALG00000013426,Map3k13,MAP3K13
13150,ENSFALG00000013427,JARID2,JARID2
13151,ENSFALG00000013428,SHQ1,SHQ1
13152,ENSFALG00000013429,GPT,GPT
13153,ENSFALG00000013430,GXYLT2,GXYLT2
13154,ENSFALG00000013431,MTR,MTR
13155,ENSFALG00000013432,NUAK1,NUAK1
13156,ENSFALG00000013433,Occ1,C12orf75
13157,ENSFALG00000013435,APPL2,APPL2
13158,ENSFALG00000013436,PPP4R2,PPP4R2
13159,ENSFALG00000013437,CD83,CD83
13160,ENSFALG00000013438,Fam32a,FAM32A
13161,ENSFALG00000013439,WASHC4,WASHC4
13162,ENSFALG00000013440,EHHADH,EHHADH
13163,ENSFALG00000013442,IRF1,IRF1
13164,ENSFALG00000013443,CIB3,CIB3
13165,ENSFALG00000013444,ALDH1L2,ALDH1L2
13166,ENSFALG00000013445,PDZRN3,PDZRN3
13167,ENSFALG00000013446,RAB8A,RAB8A
13168,ENSFALG00000013447,UMPS,UMPS
13169,ENSFALG00000013448,Hbrh,ENSFALG00000013448
13170,ENSFALG00000013449,MCUR1,MCUR1
13171,ENSFALG00000013450,NOPCHAP1,ENSFALG00000013450
13172,ENSFALG00000013451,ACTN2,ACTN2
13173,ENSFALG00000013451,ACTN2,ACTN2
13174,ENSFALG00000013452,C3orf70,C3orf70
13175,ENSFALG00000013454,Il5,ENSFALG00000013454
13176,ENSFALG00000013455,Vps8,VPS8
13177,ENSFALG00000013456,RAD50,ENSFALG00000013456
13178,ENSFALG00000013457,CNTN3,CNTN3
13179,ENSFALG00000013459,NME9,ENSFALG00000013459
13180,ENSFALG00000013460,ARMC8,ARMC8
13181,ENSFALG00000013461,Ranbp9,RANBP9
13182,ENSFALG00000013462,KIF3A,KIF3A
13183,ENSFALG00000013463,CHL1,CHL1
13184,ENSFALG00000013464,TPM4,TPM4
13185,ENSFALG00000013465,Ccni,CCNI2
13186,ENSFALG00000013465,Ccni2,CCNI2
13187,ENSFALG00000013466,SLC41A2,SLC41A2
13188,ENSFALG00000013467,Dbr1,DBR1
13189,ENSFALG00000013468,SEPTIN8,SEPTIN8
13190,ENSFALG00000013469,Sowaha,ENSFALG00000013469
13191,ENSFALG00000013470,ITGB5,ITGB5
13192,ENSFALG00000013471,SHROOM1,ENSFALG00000013471
13193,ENSFALG00000013472,CNTN6,CNTN6
13194,ENSFALG00000013473,SLU7,ENSFALG00000013473
13195,ENSFALG00000013474,PPP2R3A,PPP2R3A
13196,ENSFALG00000013475,HEATR1,HEATR1
13197,ENSFALG00000013476,PTPRS,PTPRS
13198,ENSFALG00000013477,Pttg1,ENSFALG00000013477
13199,ENSFALG00000013478,MSL2,MSL2
13200,ENSFALG00000013479,PCCB,PCCB
13201,ENSFALG00000013480,NOL7,ENSFALG00000013480
13202,ENSFALG00000013481,SIRT5,SIRT5
13203,ENSFALG00000013482,CHST11,CHST11
13204,ENSFALG00000013483,STAG1,STAG1
13205,ENSFALG00000013484,TXNRD1,TXNRD1
13206,ENSFALG00000013485,KIF13A,KIF13A
13207,ENSFALG00000013486,LGALS8,LGALS8
13208,ENSFALG00000013486,LGALS8,LGALS8
13209,ENSFALG00000013487,SCLY,SCLY
13210,ENSFALG00000013488,ATP10B,ATP10B
13211,ENSFALG00000013489,NFYB,NFYB
13212,ENSFALG00000013490,AIRE,ENSFALG00000013490
13213,ENSFALG00000013491,Nhlrc1,ENSFALG00000013491
13214,ENSFALG00000013492,TPMT,TPMT
13215,ENSFALG00000013493,Edaradd,ENSFALG00000013493
13216,ENSFALG00000013494,KDM1B,KDM1B
13217,ENSFALG00000013495,GIGYF2,GIGYF2
13218,ENSFALG00000013496,ERO1B,ERO1B
13219,ENSFALG00000013497,DEK,DEK
13220,ENSFALG00000013498,GPR137B,GPR137B
13221,ENSFALG00000013499,KCNJ13,KCNJ13
13222,ENSFALG00000013500,RNF144B,RNF144B
13223,ENSFALG00000013501,SNORC,SNORC
13224,ENSFALG00000013502,NID1,NID1
13225,ENSFALG00000013503,Id4,ID4
13226,ENSFALG00000013504,Cntn4,CNTN4
13227,ENSFALG00000013505,Mboat1,MBOAT1
13228,ENSFALG00000013506,LYST,LYST
13229,ENSFALG00000013507,NGEF,NGEF
13230,ENSFALG00000013508,E2F3,E2F3
13231,ENSFALG00000013509,HEG1,HEG1
13232,ENSFALG00000013510,GNG4,GNG4
13233,ENSFALG00000013510,GNG4,GNG4
13234,ENSFALG00000013510,GNG4,GNG4
13235,ENSFALG00000013511,GABRB2,GABRB2
13236,ENSFALG00000013512,CT027,C20orf27
13237,ENSFALG00000013513,INPP5D,NEU2
13238,ENSFALG00000013514,CDKAL1,CDKAL1
13239,ENSFALG00000013515,B3GALNT2,B3GALNT2
13240,ENSFALG00000013516,SLC12A8,SLC12A8
13241,ENSFALG00000013517,INPP5D,INPP5D
13242,ENSFALG00000013518,Sox4,SOX4
13243,ENSFALG00000013519,HSPA12B,HSPA12B
13244,ENSFALG00000013520,ZNF148,ZNF148
13245,ENSFALG00000013521,GABRA6,GABRA6
13246,ENSFALG00000013522,PRL,PRL
13247,ENSFALG00000013524,ATG16L1,ATG16L1
13248,ENSFALG00000013525,SNX4,SNX4
13249,ENSFALG00000013527,NRSN1,NRSN1
13250,ENSFALG00000013528,DCDC2,DCDC2
13251,ENSFALG00000013529,OSBPL11,OSBPL11
13252,ENSFALG00000013530,Mrs2,MRS2
13253,ENSFALG00000013531,Gpd1l,ENSFALG00000013531
13254,ENSFALG00000013532,TBCE,ENSFALG00000013532
13255,ENSFALG00000013533,GPLD1,GPLD1
13256,ENSFALG00000013534,IL5RA,IL5RA
13257,ENSFALG00000013535,Sag,SAG
13258,ENSFALG00000013536,GABRA1,GABRA1
13259,ENSFALG00000013537,Lmln,LMLN
13260,ENSFALG00000013538,Aldh5a1,ALDH5A1
13261,ENSFALG00000013539,TRNT1,TRNT1
13262,ENSFALG00000013540,CRBN,CRBN
13263,ENSFALG00000013541,PARP14,ENSFALG00000013541
13264,ENSFALG00000013542,GGPS1,GGPS1
13265,ENSFALG00000013543,GABRG2,GABRG2
13266,ENSFALG00000013544,KIAA0319,KIAA0319
13267,ENSFALG00000013546,CCNG1,CCNG1
13268,ENSFALG00000013547,Setmar,ENSFALG00000013547
13269,ENSFALG00000013548,ARID4B,ARID4B
13270,ENSFALG00000013549,NUDCD2,NUDCD2
13271,ENSFALG00000013550,DTX3L,DTX3L
13272,ENSFALG00000013551,HMMR,HMMR
13273,ENSFALG00000013552,Rbm34,RBM34
13274,ENSFALG00000013553,PARP9,PARP9
13275,ENSFALG00000013554,NPEPPS,NPEPPS
13276,ENSFALG00000013555,SUMF1,SUMF1
13277,ENSFALG00000013556,MAT2B,MAT2B
13278,ENSFALG00000013557,Spef1,ENSFALG00000013557
13279,ENSFALG00000013558,TOMM20,TOMM20
13280,ENSFALG00000013559,FAIM,FAIM
13281,ENSFALG00000013560,DGKD,DGKD
13282,ENSFALG00000013561,CEP70,CEP70
13283,ENSFALG00000013562,Irf2bp2,IRF2BP2
13284,ENSFALG00000013563,GPCPD1,GPCPD1
13285,ENSFALG00000013564,PROC,ENSFALG00000013564
13286,ENSFALG00000013565,TARBP1,TARBP1
13287,ENSFALG00000013565,TARBP1,TARBP1
13288,ENSFALG00000013566,ITPR1,ITPR1
13289,ENSFALG00000013567,Esyt3,ESYT3
13290,ENSFALG00000013568,CHGB,SHLD1
13291,ENSFALG00000013569,CHGB,CHGB
13292,ENSFALG00000013571,COA6,COA6
13293,ENSFALG00000013572,Bhlhe40,BHLHE40
13294,ENSFALG00000013573,SLC35F3,SLC35F3
13295,ENSFALG00000013574,IWS1,IWS1
13296,ENSFALG00000013575,Trmt6,TRMT6
13297,ENSFALG00000013576,KCNK1,KCNK1
13298,ENSFALG00000013578,ARL8B,ARL8B
13299,ENSFALG00000013579,MYO7B,MYO7B
13300,ENSFALG00000013580,MAP3K21,MAP3K21
13301,ENSFALG00000013581,Mcm8,ENSFALG00000013581
13302,ENSFALG00000013582,CFAP221,CFAP221
13303,ENSFALG00000013583,CRLS1,CRLS1
13304,ENSFALG00000013584,LIMS2,LIMS2
13305,ENSFALG00000013585,COMMD1,COMMD1
13306,ENSFALG00000013586,Adgre2,ENSFALG00000013586
13307,ENSFALG00000013587,ABHD8,ABHD8
13308,ENSFALG00000013588,EDEM1,EDEM1
13309,ENSFALG00000013589,TMEM17,TMEM17
13310,ENSFALG00000013590,Dda1,DDA1
13311,ENSFALG00000013591,EHBP1,EHBP1
13312,ENSFALG00000013592,PCNX2,PCNX2
13313,ENSFALG00000013593,OTX1,OTX1
13314,ENSFALG00000013594,SCTR,SCTR
13315,ENSFALG00000013596,WDPCP,WDPCP
13316,ENSFALG00000013597,MDH1,MDH1
13317,ENSFALG00000013598,Ugp2,UGP2
13318,ENSFALG00000013599,VPS54,VPS54
13319,ENSFALG00000013600,NTPCR,NTPCR
13320,ENSFALG00000013601,ELAC1,ELAC1
13321,ENSFALG00000013602,GRM7,ENSFALG00000013602
13322,ENSFALG00000013604,ASIC2,ENSFALG00000013604
13323,ENSFALG00000013604,ASIC2,ENSFALG00000013604
13324,ENSFALG00000013605,PELI1,PELI1
13325,ENSFALG00000013606,MEF2D,MEF2D
13326,ENSFALG00000013607,Map10,ENSFALG00000013607
13327,ENSFALG00000013609,SMARCD2,SMARCD2
13328,ENSFALG00000013610,SIPA1L2,SIPA1L2
13329,ENSFALG00000013611,Lgalsl,LGALSL
13330,ENSFALG00000013612,Lmcd1,LMCD1
13331,ENSFALG00000013613,Disc1,ENSFALG00000013613
13332,ENSFALG00000013615,Me2,ME2
13333,ENSFALG00000013616,AFTPH,AFTPH
13334,ENSFALG00000013617,Disc1,ENSFALG00000013617
13335,ENSFALG00000013618,PSMC5,PSMC5
13336,ENSFALG00000013619,SLC1A4,SLC1A4
13337,ENSFALG00000013620,CAV3,CAV3
13338,ENSFALG00000013621,CEP68,ENSFALG00000013621
13339,ENSFALG00000013622,OXTR,OXTR
13340,ENSFALG00000013623,TMEM37,TMEM37
13341,ENSFALG00000013624,Rab1a,RAB1A
13342,ENSFALG00000013624,RAB1A,RAB1A
13343,ENSFALG00000013625,RAD18,RAD18
13344,ENSFALG00000013625,RAD18,RAD18
13345,ENSFALG00000013626,DBI,DBI
13346,ENSFALG00000013627,C7H2orf76,C2orf76
13347,ENSFALG00000013628,Srgap3,SRGAP3
13348,ENSFALG00000013629,STEAP3,STEAP3
13349,ENSFALG00000013630,Actr2,ACTR2
13350,ENSFALG00000013630,ACTR2,ACTR2
13351,ENSFALG00000013631,THUMPD3,THUMPD3
13352,ENSFALG00000013632,Vhl,ENSFALG00000013632
13353,ENSFALG00000013633,C1QL2,C1QL2
13354,ENSFALG00000013634,SPRED2,SPRED2
13355,ENSFALG00000013635,FTSJ3,FTSJ3
13356,ENSFALG00000013636,MEIS1,MEIS1
13357,ENSFALG00000013637,MARCO,MARCO
13358,ENSFALG00000013638,Etaa1,ETAA1
13359,ENSFALG00000013639,IRAK2,IRAK2
13360,ENSFALG00000013639,IRAK2,IRAK2
13361,ENSFALG00000013640,C1D,C1D
13362,ENSFALG00000013641,MAPK4,MAPK4
13363,ENSFALG00000013642,WDR92,WDR92
13364,ENSFALG00000013643,Or14a16,ENSFALG00000013643
13365,ENSFALG00000013644,EN1,EN1
13366,ENSFALG00000013645,Pno1,PNO1
13367,ENSFALG00000013646,INSIG2,INSIG2
13368,ENSFALG00000013647,SEC13,SEC13
13369,ENSFALG00000013648,PPP3R1,ENSFALG00000013648
13370,ENSFALG00000013649,CNRIP1,CNRIP1
13371,ENSFALG00000013650,PLEK,PLEK
13372,ENSFALG00000013651,FBXO48,FBXO48
13373,ENSFALG00000013652,APLF,ENSFALG00000013652
13374,ENSFALG00000013653,Cand1,CAND2
13375,ENSFALG00000013654,PROKR1,ENSFALG00000013654
13376,ENSFALG00000013655,CCDC93,CCDC93
13377,ENSFALG00000013656,Lmf1,ENSFALG00000013656
13378,ENSFALG00000013657,Sox8,SOX8
13379,ENSFALG00000013658,Ppp4r3b,ENSFALG00000013658
13380,ENSFALG00000013659,C1qtnf1,C1QTNF8
13381,ENSFALG00000013660,Tekt4,ENSFALG00000013660
13382,ENSFALG00000013661,BFSP1,BFSP1
13383,ENSFALG00000013661,BFSP1,BFSP1
13384,ENSFALG00000013662,RPL32,ENSFALG00000013662
13385,ENSFALG00000013663,MBD4,MBD4
13386,ENSFALG00000013664,PCSK2,PCSK2
13387,ENSFALG00000013666,Otor,OTOR
13388,ENSFALG00000013668,SNRPB2,SNRPB2
13389,ENSFALG00000013669,ALOXE3,ALOXE3
13390,ENSFALG00000013670,IFT122,IFT122
13391,ENSFALG00000013672,DDX18,DDX18
13392,ENSFALG00000013673,RHO,RHO
13393,ENSFALG00000013674,KIRREL,ENSFALG00000013674
13394,ENSFALG00000013675,B4,ENSFALG00000013675
13395,ENSFALG00000013676,Kirrel1,ENSFALG00000013676
13396,ENSFALG00000013677,Hb2l,ENSFALG00000013677
13397,ENSFALG00000013678,PLXND1,PLXND1
13398,ENSFALG00000013679,Cacna1h,CACNA1H
13399,ENSFALG00000013680,TMCC1,TMCC1
13400,ENSFALG00000013681,Trh,TRH
13401,ENSFALG00000013682,CFAP45,ENSFALG00000013682
13402,ENSFALG00000013683,RBSN,RBSN
13403,ENSFALG00000013684,MRPS25,MRPS25
13404,ENSFALG00000013685,NR2C2,NR2C2
13405,ENSFALG00000013686,BCL7B,BCL7B
13406,ENSFALG00000013687,FGD5,FGD5
13407,ENSFALG00000013688,TBL2,TBL2
13408,ENSFALG00000013689,Dpp10,DPP10
13409,ENSFALG00000013690,MLXIPL,MLXIPL
13410,ENSFALG00000013691,Fgl1l,ENSFALG00000013691
13411,ENSFALG00000013692,BAZ1B,BAZ1B
13412,ENSFALG00000013693,FKBP6,FKBP6
13413,ENSFALG00000013694,AGPAT1,ENSFALG00000013694
13414,ENSFALG00000013695,ILF3,ILF3
13415,ENSFALG00000013697,NSUN5,NSUN5
13416,ENSFALG00000013698,B9D1,B9D1
13417,ENSFALG00000013699,EPN2,EPN2
13418,ENSFALG00000013700,SCN4A,SCN4A
13419,ENSFALG00000013701,GRAP,ENSFALG00000013701
13420,ENSFALG00000013702,PRPSAP2,PRPSAP2
13421,ENSFALG00000013703,Pom121c,ENSFALG00000013703
13422,ENSFALG00000013704,Actr3,ACTR3
13423,ENSFALG00000013705,Cd79b,CD79B
13424,ENSFALG00000013706,SHMT1,SHMT1
13425,ENSFALG00000013707,Hip1,HIP1
13426,ENSFALG00000013708,Slc44a2,SLC44A2
13427,ENSFALG00000013709,SMCR8,SMCR8
13428,ENSFALG00000013710,Ccl5,ENSFALG00000013710
13429,ENSFALG00000013711,GH1B,ENSFALG00000013711
13430,ENSFALG00000013712,Trim39,TRIM39
13431,ENSFALG00000013713,TOP3A,TOP3A
13432,ENSFALG00000013716,SLC35F5,SLC35F5
13433,ENSFALG00000013717,GPR39,GPR39
13434,ENSFALG00000013718,LYPD1,LYPD1
13435,ENSFALG00000013719,NCKAP5,NCKAP5
13436,ENSFALG00000013720,MIEF2,MIEF2
13437,ENSFALG00000013721,LPO,ENSFALG00000013721
13438,ENSFALG00000013722,MGAT5,MGAT5
13439,ENSFALG00000013723,TMEM163,TMEM163
13440,ENSFALG00000013724,ACMSD,ACMSD
13441,ENSFALG00000013725,CCNT2,CCNT2
13442,ENSFALG00000013726,MAP3K19,ENSFALG00000013726
13443,ENSFALG00000013727,RAB3GAP1,RAB3GAP1
13444,ENSFALG00000013728,Zranb3,ENSFALG00000013728
13445,ENSFALG00000013729,ZRANB3,ENSFALG00000013729
13446,ENSFALG00000013730,Flii,FLII
13447,ENSFALG00000013730,FLII,FLII
13448,ENSFALG00000013731,R3HDM1,R3HDM1
13449,ENSFALG00000013732,Agpat1,ENSFALG00000013732
13450,ENSFALG00000013733,UBXN4,UBXN4
13451,ENSFALG00000013734,ATP8B3,ATP8B3
13452,ENSFALG00000013735,LCT,LCT
13453,ENSFALG00000013736,Epx,EPX
13454,ENSFALG00000013737,REXO1,REXO1
13455,ENSFALG00000013738,ABHD17A,ABHD17A
13456,ENSFALG00000013739,ZFAND5,ENSFALG00000013739
13457,ENSFALG00000013740,LLGL1,LLGL1
13458,ENSFALG00000013743,MCM6,MCM6
13459,ENSFALG00000013743,MCM6,MCM6
13460,ENSFALG00000013744,SCAMP4,SCAMP4
13461,ENSFALG00000013745,CSNK1G2,CSNK1G2
13462,ENSFALG00000013746,Alkbh5,ALKBH5
13463,ENSFALG00000013747,Btbd2,BTBD2
13464,ENSFALG00000013748,MYO15A,MYO15A
13465,ENSFALG00000013749,TSPOAP1,ENSFALG00000013749
13466,ENSFALG00000013750,MKNK2,MKNK2
13467,ENSFALG00000013751,Drg2,DRG2
13468,ENSFALG00000013752,DARS1,DARS
13469,ENSFALG00000013754,MOB3A,MOB3A
13470,ENSFALG00000013755,GID4,GID4
13471,ENSFALG00000013756,ATPAF2,ATPAF2
13472,ENSFALG00000013757,Supt4h1,SUPT4H1
13473,ENSFALG00000013758,DRC3,DRC3
13474,ENSFALG00000013759,TOM1L2,TOM1L2
13475,ENSFALG00000013760,Ap3d1,AP3D1
13476,ENSFALG00000013761,RNF43,ENSFALG00000013761
13477,ENSFALG00000013762,SREBF1,SREBF1
13478,ENSFALG00000013763,CXCR4,CXCR4
13479,ENSFALG00000013764,MTMR4,MTMR4
13480,ENSFALG00000013765,ABHD11,ABHD11
13481,ENSFALG00000013767,Cldn4,CLDN4
13482,ENSFALG00000013768,THSD7B,THSD7B
13483,ENSFALG00000013769,Mettl27,METTL27
13484,ENSFALG00000013770,Rai1,RAI1
13485,ENSFALG00000013771,ELN,ELN
13486,ENSFALG00000013773,PEMT,PEMT
13487,ENSFALG00000013775,DOT1L,DOT1L
13488,ENSFALG00000013776,RASD1,RASD1
13489,ENSFALG00000013777,HNMT,ENSFALG00000013777
13490,ENSFALG00000013778,LIMK1,LIMK1
13491,ENSFALG00000013779,NT5M,NT5M
13492,ENSFALG00000013780,Plekhj1,PLEKHJ1
13493,ENSFALG00000013781,COPS3,COPS3
13494,ENSFALG00000013782,HNMT,HNMT
13495,ENSFALG00000013783,FLCN,ENSFALG00000013783
13496,ENSFALG00000013784,SPOPL,SPOPL
13497,ENSFALG00000013785,Sf3a2,ENSFALG00000013785
13498,ENSFALG00000013788,Pld6,PLD6
13499,ENSFALG00000013789,AMH,AMH
13500,ENSFALG00000013790,MPRIP,MPRIP
13501,ENSFALG00000013791,TNFRSF13B,TNFRSF13B
13502,ENSFALG00000013792,USP22,USP22
13503,ENSFALG00000013793,DHRS7B,DHRS7B
13504,ENSFALG00000013794,OAZ1,OAZ1
13505,ENSFALG00000013794,OAZ1,OAZ1
13506,ENSFALG00000013795,Natd1,NATD1
13507,ENSFALG00000013796,MAP2K3,MAP2K3
13508,ENSFALG00000013797,SEPT4,ENSFALG00000013797
13509,ENSFALG00000013798,KCNJ12,ENSFALG00000013798
13510,ENSFALG00000013799,CPSF4,CPSF4
13511,ENSFALG00000013800,Prag1,ENSFALG00000013800
13512,ENSFALG00000013802,MUC16,ENSFALG00000013802
13513,ENSFALG00000013803,PTCD1,ENSFALG00000013803
13514,ENSFALG00000013804,Bud31,BUD31
13515,ENSFALG00000013805,CCDC183,ENSFALG00000013805
13516,ENSFALG00000013806,Pdap1,PDAP1
13517,ENSFALG00000013807,Zap70,ZAP70
13518,ENSFALG00000013808,SBDS,SBDS
13519,ENSFALG00000013809,LRP1B,LRP1B
13520,ENSFALG00000013810,Tyw1,ENSFALG00000013810
13521,ENSFALG00000013811,ARPC1A,ARPC1B
13522,ENSFALG00000013812,Caln1,CALN1
13523,ENSFALG00000013813,ADAMTS10,ADAMTS10
13524,ENSFALG00000013814,Myo1f,MYO1F
13525,ENSFALG00000013815,ARPC1A,ENSFALG00000013815
13526,ENSFALG00000013816,ZNF414,ENSFALG00000013816
13527,ENSFALG00000013817,Galnt17,GALNT17
13528,ENSFALG00000013818,Znf414,ENSFALG00000013818
13529,ENSFALG00000013819,Anp32b,ENSFALG00000013819
13530,ENSFALG00000013820,KPNA7,KPNA7
13531,ENSFALG00000013821,ACER1,ACER1
13532,ENSFALG00000013822,AUTS2,AUTS2
13533,ENSFALG00000013823,MLLT1,MLLT1
13534,ENSFALG00000013824,Smurf1,SMURF1
13535,ENSFALG00000013825,RNF216,RNF216
13536,ENSFALG00000013826,ACSBG2,ACSBG2
13537,ENSFALG00000013827,FSCN1,FSCN1
13538,ENSFALG00000013828,ACTB,ACTB
13539,ENSFALG00000013828,ACTB,ACTB
13540,ENSFALG00000013829,FBXL18,FBXL18
13541,ENSFALG00000013829,FBXL18,FBXL18
13542,ENSFALG00000013830,TNRC18,TNRC18
13543,ENSFALG00000013831,SLC29A4,SLC29A4
13544,ENSFALG00000013832,RFX2,RFX2
13545,ENSFALG00000013833,WIPI2,WIPI2
13546,ENSFALG00000013833,WIPI2,WIPI2
13547,ENSFALG00000013835,KYNU,KYNU
13548,ENSFALG00000013836,MMD2,MMD2
13549,ENSFALG00000013837,IFI30,ENSFALG00000013837
13550,ENSFALG00000013838,RADIL,RADIL
13551,ENSFALG00000013839,PIK3R2,ENSFALG00000013839
13552,ENSFALG00000013840,AP5Z1,AP5Z1
13553,ENSFALG00000013841,FOXK1,FOXK1
13554,ENSFALG00000013842,MAST3,MAST3
13555,ENSFALG00000013843,ARHGAP15,ARHGAP15
13556,ENSFALG00000013844,Cyp3a24,ENSFALG00000013844
13557,ENSFALG00000013845,Gtdc1,GTDC1
13558,ENSFALG00000013846,ZEB2,ZEB2
13559,ENSFALG00000013847,Cyp3a12,ENSFALG00000013847
13560,ENSFALG00000013848,Il12rb1,ENSFALG00000013848
13561,ENSFALG00000013849,ARRDC2,ARRDC2
13562,ENSFALG00000013851,ACVR2A,ACVR2A
13563,ENSFALG00000013851,ACVR2A,ACVR2A
13564,ENSFALG00000013852,ARHGEF18,ENSFALG00000013852
13565,ENSFALG00000013853,INSR,INSR
13566,ENSFALG00000013854,USE1,USE1
13567,ENSFALG00000013855,MYO9B,MYO9B
13568,ENSFALG00000013856,ORC4,ORC4
13569,ENSFALG00000013857,HAUS8,HAUS8
13570,ENSFALG00000013858,Mbd5,MBD5
13571,ENSFALG00000013859,SDK1,SDK1
13572,ENSFALG00000013860,CPAMD8,CPAMD8
13573,ENSFALG00000013861,KIF5C,EPC2
13574,ENSFALG00000013862,KIF5C,KIF5C
13575,ENSFALG00000013863,LYPD6B,LYPD6B
13576,ENSFALG00000013864,LYPD6,LYPD6
13577,ENSFALG00000013865,MMADHC,MMADHC
13578,ENSFALG00000013866,RND3,RND3
13579,ENSFALG00000013867,RBM43,RBM43
13580,ENSFALG00000013868,F2RL3,F2RL3
13581,ENSFALG00000013869,SIN3B,SIN3B
13582,ENSFALG00000013870,NMI,NMI
13583,ENSFALG00000013871,CARD11,CARD11
13584,ENSFALG00000013872,TMEM38A,TMEM38A
13585,ENSFALG00000013873,TNFAIP6,TNFAIP6
13586,ENSFALG00000013874,RIF1,RIF1
13587,ENSFALG00000013876,MED26,ENSFALG00000013876
13588,ENSFALG00000013877,Gna12,GNA12
13589,ENSFALG00000013878,NEB,ENSFALG00000013878
13590,ENSFALG00000013879,SLC35E1,SLC35E1
13591,ENSFALG00000013880,Amz1,AMZ1
13592,ENSFALG00000013881,Safb,ENSFALG00000013881
13593,ENSFALG00000013882,Safb,ENSFALG00000013882
13594,ENSFALG00000013883,BRAT1,BRAT1
13595,ENSFALG00000013885,HSD11B1L,HSD11B1L
13596,ENSFALG00000013886,CELF5,CELF5
13597,ENSFALG00000013887,NCLN,NCLN
13598,ENSFALG00000013888,IQCE,ENSFALG00000013888
13599,ENSFALG00000013889,S1PR4,S1PR4
13600,ENSFALG00000013890,Ctsg,ENSFALG00000013890
13601,ENSFALG00000013891,Gzme,ENSFALG00000013891
13602,ENSFALG00000013892,Gna11,GNA11
13603,ENSFALG00000013893,TLE2,TLE2
13604,ENSFALG00000013894,NEB,ENSFALG00000013894
13605,ENSFALG00000013895,ESG1,ENSFALG00000013895
13606,ENSFALG00000013896,Ttyh3,TTYH3
13607,ENSFALG00000013897,PLPP2,PLPP2
13608,ENSFALG00000013898,MIER2,MIER2
13609,ENSFALG00000013899,C2CD4C,C2CD4C
13610,ENSFALG00000013900,Shc2,ENSFALG00000013900
13611,ENSFALG00000013901,LFNG,LFNG
13612,ENSFALG00000013903,Grifin,GRIFIN
13613,ENSFALG00000013904,CHST12,CHST12
13614,ENSFALG00000013905,Arl5a,ARL5A
13615,ENSFALG00000013906,CDC34,CDC34
13616,ENSFALG00000013907,EIF3B,EIF3B
13617,ENSFALG00000013908,Bsg,BSG
13618,ENSFALG00000013909,CACNB4,ENSFALG00000013909
13619,ENSFALG00000013909,CACNB4,ENSFALG00000013909
13620,ENSFALG00000013910,POLRMT,POLRMT
13621,ENSFALG00000013911,SNX8,SNX8
13622,ENSFALG00000013912,FGF22,FGF22
13623,ENSFALG00000013913,RNF126,RNF126
13624,ENSFALG00000013914,NUDT1,NUDT1
13625,ENSFALG00000013915,MRM2,ENSFALG00000013915
13626,ENSFALG00000013916,FSTL3,FSTL3
13627,ENSFALG00000013917,MAD1L1,MAD1L1
13628,ENSFALG00000013918,TMEM184A,TMEM184A
13629,ENSFALG00000013919,MAFK,MAFK
13630,ENSFALG00000013920,STAM2,STAM2
13631,ENSFALG00000013921,Prss57,PRSS57
13632,ENSFALG00000013922,Gaa,ENSFALG00000013922
13633,ENSFALG00000013923,FMNL2,FMNL2
13634,ENSFALG00000013924,PALM,PALM
13635,ENSFALG00000013925,INTS1,INTS1
13636,ENSFALG00000013926,MISP,ENSFALG00000013926
13637,ENSFALG00000013928,PTBP1,PTBP1
13638,ENSFALG00000013929,Micall2,MICALL2
13639,ENSFALG00000013930,PRPF40A,PRPF40A
13640,ENSFALG00000013931,PLPPR3,PLPPR3
13641,ENSFALG00000013932,UNCX,UNCX
13642,ENSFALG00000013933,ZFAND2A,ZFAND2A
13643,ENSFALG00000013934,C7orf50,C7orf50
13644,ENSFALG00000013935,CYP2W1,ENSFALG00000013935
13645,ENSFALG00000013936,CFD,CFD
13646,ENSFALG00000013937,MED16,MED16
13647,ENSFALG00000013938,R3hdm4,R3HDM4
13648,ENSFALG00000013939,CYP2W1,ENSFALG00000013939
13649,ENSFALG00000013942,ARID3A,ARID3A
13650,ENSFALG00000013943,Wdr18,WDR18
13651,ENSFALG00000013944,GALNT13,GALNT13
13652,ENSFALG00000013944,GALNT13,GALNT13
13653,ENSFALG00000013945,GRIN3B,GRIN3B
13654,ENSFALG00000013946,COX19,COX19
13655,ENSFALG00000013946,Cox19,COX19
13656,ENSFALG00000013947,ADAP1,ADAP1
13657,ENSFALG00000013949,GET4,GET4
13658,ENSFALG00000013950,Tmem259,TMEM259
13659,ENSFALG00000013951,SUN1,SUN1
13660,ENSFALG00000013952,KCNJ3,ENSFALG00000013952
13661,ENSFALG00000013954,NR4A2,NR4A2
13662,ENSFALG00000013955,DNAAF5,DNAAF5
13663,ENSFALG00000013958,PRKAR1B,PRKAR1B
13664,ENSFALG00000013959,PDGFA,PDGFA
13665,ENSFALG00000013960,Foxl1,ENSFALG00000013960
13666,ENSFALG00000013961,FAM20C,FAM20C
13667,ENSFALG00000013962,ABCA7,ENSFALG00000013962
13668,ENSFALG00000013962,ABCA7,ENSFALG00000013962
13669,ENSFALG00000013964,TRRAP,TRRAP
13670,ENSFALG00000013965,TMEM130,TMEM130
13671,ENSFALG00000013966,NPTX2,NPTX2
13672,ENSFALG00000013967,BAIAP2L1,BAIAP2L1
13673,ENSFALG00000013968,Bri3,BRI3
13674,ENSFALG00000013969,TECPR1,TECPR1
13675,ENSFALG00000013970,LMTK2,LMTK2
13676,ENSFALG00000013971,Prvt,ENSFALG00000013971
13677,ENSFALG00000013972,Prvb,ENSFALG00000013972
13678,ENSFALG00000013973,Prvu,ENSFALG00000013973
13679,ENSFALG00000013974,CCZ1,ENSFALG00000013974
13680,ENSFALG00000013975,Rsph10b2,ENSFALG00000013975
13681,ENSFALG00000013976,Pms2,PMS2
13682,ENSFALG00000013977,AIMP2,AIMP2
13683,ENSFALG00000013977,AIMP2,AIMP2
13684,ENSFALG00000013977,AIMP2,AIMP2
13685,ENSFALG00000013978,EIF2AK1,EIF2AK1
13686,ENSFALG00000013979,CNN2,CNN2
13687,ENSFALG00000013980,USP42,ENSFALG00000013980
13688,ENSFALG00000013981,CYTH3,CYTH3
13689,ENSFALG00000013982,SMIM10L1,ENSFALG00000013982
13690,ENSFALG00000013983,RAC1,RAC1
13691,ENSFALG00000013984,ARHGAP45,ARHGAP45
13692,ENSFALG00000013985,DAGLB,DAGLB
13693,ENSFALG00000013986,Polr2e,POLR2E
13694,ENSFALG00000013987,GPX4,ENSFALG00000013987
13695,ENSFALG00000013988,SBNO2,SBNO2
13696,ENSFALG00000013989,KDELR2,KDELR2
13697,ENSFALG00000013990,STK11,STK11
13698,ENSFALG00000013991,Otoa,OTOA
13699,ENSFALG00000013992,ATP5F1D,ATP5F1D
13700,ENSFALG00000013993,METTL9,METTL9
13701,ENSFALG00000013994,IGSF6,IGSF6
13702,ENSFALG00000013995,MFSD13B,ENSFALG00000013995
13703,ENSFALG00000013996,CDR2,CDR2
13704,ENSFALG00000013997,POLR3E,POLR3E
13705,ENSFALG00000013998,MIDN,MIDN
13706,ENSFALG00000013999,EEF2K,EEF2K
13707,ENSFALG00000014000,CIRBP,CIRBP
13708,ENSFALG00000014002,FAM174C,FAM174C
13709,ENSFALG00000014004,Efna2,EFNA2
13710,ENSFALG00000014005,VWA3A,VWA3A
13711,ENSFALG00000014005,Vwa3a,VWA3A
13712,ENSFALG00000014006,MOSMO,MOSMO
13713,ENSFALG00000014007,NDUFS7,NDUFS7
13714,ENSFALG00000014008,UQCRC2,UQCRC2
13715,ENSFALG00000014009,GAMT,GAMT
13716,ENSFALG00000014010,DAZAP1,DAZAP1
13717,ENSFALG00000014011,CRYM,CRYM
13718,ENSFALG00000014012,ANKS4B,ANKS4B
13719,ENSFALG00000014013,RPS15,RPS15
13720,ENSFALG00000014014,ZP2,ZP2
13721,ENSFALG00000014014,ZP2,ZP2
13722,ENSFALG00000014016,APC2,APC2
13723,ENSFALG00000014018,GZMM,GZMM
13724,ENSFALG00000014019,LDAF1,TMEM159
13725,ENSFALG00000014020,C28H19orf25,C19orf25
13726,ENSFALG00000014021,DNAH3,DNAH3
13727,ENSFALG00000014022,REEP6,REEP6
13728,ENSFALG00000014023,LYRM1,LYRM1
13729,ENSFALG00000014024,DCUN1D3,DCUN1D3
13730,ENSFALG00000014025,PCSK4,PCSK4
13731,ENSFALG00000014026,REXO5,REXO5
13732,ENSFALG00000014028,Eri2,ERI2
13733,ENSFALG00000014029,THUMPD1,THUMPD1
13734,ENSFALG00000014030,Adamtsl5,ADAMTSL5
13735,ENSFALG00000014031,ACSM5,ENSFALG00000014031
13736,ENSFALG00000014032,ACSM5,ENSFALG00000014032
13737,ENSFALG00000014033,PDILT,PDILT
13738,ENSFALG00000014034,GPRC5B,GPRC5B
13739,ENSFALG00000014035,IQCK,IQCK
13740,ENSFALG00000014036,Knop1,KNOP1
13741,ENSFALG00000014037,VPS35L,VPS35L
13742,ENSFALG00000014038,CCP110,CCP110
13743,ENSFALG00000014039,GDE1,GDE1
13744,ENSFALG00000014040,Tmc5,TMC5
13745,ENSFALG00000014041,TMC5,ENSFALG00000014041
13746,ENSFALG00000014042,TMC7,TMC7
13747,ENSFALG00000014043,COQ7,COQ7
13748,ENSFALG00000014044,Itpripl2,ITPRIPL2
13749,ENSFALG00000014045,SYT17,SYT17
13750,ENSFALG00000014046,Clec19a,CLEC19A
13751,ENSFALG00000014047,SMG1,ENSFALG00000014047
13752,ENSFALG00000014048,SMG1,ENSFALG00000014048
13753,ENSFALG00000014049,SMG1,ENSFALG00000014049
13754,ENSFALG00000014050,rps15a.S,RPS15A
13755,ENSFALG00000014051,XYLT1,XYLT1
13756,ENSFALG00000014052,Nomo2,ENSFALG00000014052
13757,ENSFALG00000014053,ABCC6,ABCC6
13758,ENSFALG00000014054,ABCC1,ABCC1
13759,ENSFALG00000014055,Fopnl,FOPNL
13760,ENSFALG00000014056,MYH11,MYH11
13761,ENSFALG00000014056,MYH11,MYH11
13762,ENSFALG00000014057,NDE1,NDE1
13763,ENSFALG00000014058,MARF1,MARF1
13764,ENSFALG00000014059,BMERB1,BMERB1
13765,ENSFALG00000014060,COG7,COG7
13766,ENSFALG00000014061,Scnn1b,SCNN1B
13767,ENSFALG00000014062,SCNN1G,SCNN1G
13768,ENSFALG00000014063,USP31,USP31
13769,ENSFALG00000014064,Hs3st2,HS3ST2
13770,ENSFALG00000014065,Hs3st4,HS3ST4
13771,ENSFALG00000014066,KDM8,KDM8
13772,ENSFALG00000014067,NSMCE1,NSMCE1
13773,ENSFALG00000014067,NSMCE1,NSMCE1
13774,ENSFALG00000014068,IL4R,ENSFALG00000014068
13775,ENSFALG00000014069,IL21R,IL21R
13776,ENSFALG00000014070,PDPK1,ENSFALG00000014070
13777,ENSFALG00000014071,Pdpk1,PDPK1
13778,ENSFALG00000014071,Pdpk1,PDPK1
13779,ENSFALG00000014073,Kctd5,KCTD5
13780,ENSFALG00000014074,Ube2i,UBE2I
13781,ENSFALG00000014075,Tsr3,TSR3
13782,ENSFALG00000014076,GNPTG,GNPTG
13783,ENSFALG00000014077,Snrnp200,ENSFALG00000014077
13784,ENSFALG00000014078,Nrt2,ENSFALG00000014078
13785,ENSFALG00000014079,Smug1,ENSFALG00000014079
13786,ENSFALG00000014081,Cebpb,CEBPB
13787,ENSFALG00000014082,Atoh7,ATOH7
13788,ENSFALG00000014083,Ppan,ENSFALG00000014083
13789,ENSFALG00000014085,TLR2,ENSFALG00000014085
13790,ENSFALG00000014086,NPY2R,NPY2R
13791,ENSFALG00000014087,Tmub1,TMUB1
13792,ENSFALG00000014089,NEUROD6,NEUROD6
13793,ENSFALG00000014091,TMEM177,TMEM177
13794,ENSFALG00000014092,Rfxank,ENSFALG00000014092
13795,ENSFALG00000014094,Plvap,ENSFALG00000014094
13796,ENSFALG00000014095,MUC13,ENSFALG00000014095
13797,ENSFALG00000014096,SMKR1,ENSFALG00000014096
13798,ENSFALG00000014098,NXPH2,NXPH2
13799,ENSFALG00000014101,Or6f1,ENSFALG00000014101
13800,ENSFALG00000014109,Hoxb9,ENSFALG00000014109
13801,ENSFALG00000014114,C7orf25,C7orf25
13802,ENSFALG00000014116,MPLKIP,MPLKIP
13803,ENSFALG00000014120,KCNJ15,KCNJ15
13804,ENSFALG00000014123,Cisd3,ENSFALG00000014123
13805,ENSFALG00000014126,DYNLT4,TCTEX1D4
13806,ENSFALG00000014128,TMEM125,TMEM125
13807,ENSFALG00000014129,SLC35G2,SLC35G2
13808,ENSFALG00000014130,Gng5,GNG5
13809,ENSFALG00000014132,GPR17,GPR17
13810,ENSFALG00000014136,KCNE2,KCNE2
13811,ENSFALG00000014138,Il4,ENSFALG00000014138
13812,ENSFALG00000014140,SHROOM1,ENSFALG00000014140
13813,ENSFALG00000014142,Tenm2,ENSFALG00000014142
13814,ENSFALG00000014145,B3gnt2,B3GNT2
13815,ENSFALG00000014146,Krf4,ENSFALG00000014146
13816,ENSFALG00000014149,SERTAD2,SERTAD2
13817,ENSFALG00000014152,HRH1,HRH1
13818,ENSFALG00000014153,Vxn,ENSFALG00000014153
13819,ENSFALG00000014154,Gp9,ENSFALG00000014154
13820,ENSFALG00000014155,Trav4,ENSFALG00000014155
13821,ENSFALG00000014156,Mylk2,ENSFALG00000014156
13822,ENSFALG00000014158,Ervk19,ENSFALG00000014158
13823,ENSFALG00000014162,Arid5a,ENSFALG00000014162
13824,ENSFALG00000014163,SOX12,SOX12
13825,ENSFALG00000014164,SSTR5,SSTR5
13826,ENSFALG00000014166,BOP1,ENSFALG00000014166
13827,ENSFALG00000014167,Znf24,ENSFALG00000014167
13828,ENSFALG00000014168,Fam110a,FAM110A
13829,ENSFALG00000014169,NKD1,ENSFALG00000014169
13830,ENSFALG00000014174,Wdr13,ENSFALG00000014174
13831,ENSFALG00000014175,UQCRFS1,UQCRFS1
13832,ENSFALG00000014176,Fam166a,ENSFALG00000014176
13833,ENSFALG00000014178,TOR4A,TOR4A
13834,ENSFALG00000014180,PLEKHF1,PLEKHF1
13835,ENSFALG00000014181,RIOX1,RIOX1
13836,ENSFALG00000014182,GPR15,GPR15
13837,ENSFALG00000014184,CEBPD,CEBPD
13838,ENSFALG00000014186,TSHZ3,TSHZ3
13839,ENSFALG00000014191,TMEM200C,TMEM200C
13840,ENSFALG00000014193,LRRC30,LRRC30
13841,ENSFALG00000014194,Tmem151b,ENSFALG00000014194
13842,ENSFALG00000014195,NETO2,ENSFALG00000014195
13843,ENSFALG00000014196,MC5R,MC5R
13844,ENSFALG00000014197,RGS9BP,RGS9BP
13845,ENSFALG00000014199,Sox14,ENSFALG00000014199
13846,ENSFALG00000014200,CHST1,CHST1
13847,ENSFALG00000014201,Sox14,ENSFALG00000014201
13848,ENSFALG00000014203,Prph,ENSFALG00000014203
13849,ENSFALG00000014204,CHRM4,CHRM4
13850,ENSFALG00000014205,GPR182,GPR182
13851,ENSFALG00000014206,Fam180b,ENSFALG00000014206
13852,ENSFALG00000014207,MC2R,MC2R
13853,ENSFALG00000014209,Hoxc6,HOXC6
13854,ENSFALG00000014211,Tmem215,TMEM215
13855,ENSFALG00000014213,TLNRD1,TLNRD1
13856,ENSFALG00000014214,Pnpo,ENSFALG00000014214
13857,ENSFALG00000014217,LRRTM1,LRRTM1
13858,ENSFALG00000014218,Klhdc7a,ENSFALG00000014218
13859,ENSFALG00000014220,Hsf5,ENSFALG00000014220
13860,ENSFALG00000014221,Fam50a,ENSFALG00000014221
13861,ENSFALG00000014222,Btn2a1,ENSFALG00000014222
13862,ENSFALG00000014223,Atp2a1,ENSFALG00000014223
13863,ENSFALG00000014224,Hoxb6,HOXB6
13864,ENSFALG00000014225,Ervk7,ENSFALG00000014225
13865,ENSFALG00000014226,SMCO4,SMCO4
13866,ENSFALG00000014228,CEP295,ENSFALG00000014228
13867,ENSFALG00000014231,FUT4,FUT4
13868,ENSFALG00000014236,TRMT10C,TRMT10C
13869,ENSFALG00000014237,Cmlkr1,ENSFALG00000014237
13870,ENSFALG00000014238,Sars2,ENSFALG00000014238
13871,ENSFALG00000014240,TMEM11,TMEM11
13872,ENSFALG00000014243,LRRC3C,ENSFALG00000014243
13873,ENSFALG00000014244,ZMAT2,ENSFALG00000014244
13874,ENSFALG00000014245,MROH1,ENSFALG00000014245
13875,ENSFALG00000014247,SFN,SFN
13876,ENSFALG00000014248,ELFN1,ELFN1
13877,ENSFALG00000014249,Amp1,ENSFALG00000014249
13878,ENSFALG00000014250,Pnrc2,PNRC2
13879,ENSFALG00000014251,GPER1,GPER1
13880,ENSFALG00000014252,Lurap1l,LURAP1L
13881,ENSFALG00000014253,Rho,ENSFALG00000014253
13882,ENSFALG00000014254,CNR2,CNR2
13883,ENSFALG00000014255,Ppp1r3cb,ENSFALG00000014255
13884,ENSFALG00000014256,GPR146,ENSFALG00000014256
13885,ENSFALG00000014259,GJB3,GJB3
13886,ENSFALG00000014261,TCIM,TCIM
13887,ENSFALG00000014263,BAG4,ENSFALG00000014263
13888,ENSFALG00000014264,GPR139,GPR139
13889,ENSFALG00000014265,BAG4,ENSFALG00000014265
13890,ENSFALG00000014266,Np,ENSFALG00000014266
13891,ENSFALG00000014269,GJA4,GJA4
13892,ENSFALG00000014270,FZD9,FZD9
13893,ENSFALG00000014271,Smim12,SMIM12
13894,ENSFALG00000014272,AP5S1,AP5S1
13895,ENSFALG00000014273,Ca216,C1orf216
13896,ENSFALG00000014274,CLDN3,CLDN3
13897,ENSFALG00000014275,Spink1l,ENSFALG00000014275
13898,ENSFALG00000014276,GJA9,GJA9
13899,ENSFALG00000014277,Cldn23,CLDN23
13900,ENSFALG00000014278,RNL2,ENSFALG00000014278
13901,ENSFALG00000014279,Ky,ENSFALG00000014279
13902,ENSFALG00000014280,FOXL1,FOXL1
13903,ENSFALG00000014281,HTR1D,ENSFALG00000014281
13904,ENSFALG00000014283,Ary1,ENSFALG00000014283
13905,ENSFALG00000014284,PTAFR,PTAFR
13906,ENSFALG00000014285,Cldnd,ENSFALG00000014285
13907,ENSFALG00000014286,Aryl,ENSFALG00000014286
13908,ENSFALG00000014287,CITED4,CITED4
13909,ENSFALG00000014290,Ary2,ENSFALG00000014290
13910,ENSFALG00000014291,AUTS2,ENSFALG00000014291
13911,ENSFALG00000014292,ZNF319,ZNF319
13912,ENSFALG00000014294,TPPP3,ENSFALG00000014294
13913,ENSFALG00000014298,Slamf8,ENSFALG00000014298
13914,ENSFALG00000014299,BASP1,BASP1
13915,ENSFALG00000014300,B3GNT9,B3GNT9
13916,ENSFALG00000014303,CD84,ENSFALG00000014303
13917,ENSFALG00000014304,Pgls,ENSFALG00000014304
13918,ENSFALG00000014305,LINGO3,LINGO3
13919,ENSFALG00000014309,Trav12,ENSFALG00000014309
13920,ENSFALG00000014310,INSL5,ENSFALG00000014310
13921,ENSFALG00000014313,DIRAS3,ENSFALG00000014313
13922,ENSFALG00000014315,GJC1,GJC1
13923,ENSFALG00000014316,Trim41,ENSFALG00000014316
13924,ENSFALG00000014318,HOXC11,ENSFALG00000014318
13925,ENSFALG00000014320,Islr,ISLR
13926,ENSFALG00000014323,Islr2,ISLR2
13927,ENSFALG00000014324,Tpgs1,TPGS1
13928,ENSFALG00000014325,Adamtsl5,ENSFALG00000014325
13929,ENSFALG00000014326,Syndig1,SYNDIG1
13930,ENSFALG00000014328,Cd69,ENSFALG00000014328
13931,ENSFALG00000014329,CX3CR1,CX3CR1
13932,ENSFALG00000014330,Ppp1r27,PPP1R27
13933,ENSFALG00000014333,CCR4,CCR4
13934,ENSFALG00000014337,TMPPE,TMPPE
13935,ENSFALG00000014340,LBX2,LBX2
13936,ENSFALG00000014341,ZBTB26,ZBTB26
13937,ENSFALG00000014342,CCR9,CCR9
13938,ENSFALG00000014344,Zbtb43,ZBTB43
13939,ENSFALG00000014345,XCR1,XCR1
13940,ENSFALG00000014346,RBM15B,RBM15B
13941,ENSFALG00000014347,PDP2,PDP2
13942,ENSFALG00000014348,ZBTB34,ZBTB34
13943,ENSFALG00000014349,Ccr2,ENSFALG00000014349
13944,ENSFALG00000014350,AMIGO3,AMIGO3
13945,ENSFALG00000014351,Ccr5,ENSFALG00000014351
13946,ENSFALG00000014352,CEBPG,CEBPG
13947,ENSFALG00000014353,RALGPS1,ENSFALG00000014353
13948,ENSFALG00000014354,Btg1,ENSFALG00000014354
13949,ENSFALG00000014355,ACKR4,ACKR4
13950,ENSFALG00000014356,H4C7,ENSFALG00000014356
13951,ENSFALG00000014357,LRRC4C,LRRC4C
13952,ENSFALG00000014359,NPY6R,ENSFALG00000014359
13953,ENSFALG00000014360,B4gat1,ENSFALG00000014360
13954,ENSFALG00000014361,Bin3,ENSFALG00000014361
13955,ENSFALG00000014363,Thap7,ENSFALG00000014363
13956,ENSFALG00000014364,Sgf29,ENSFALG00000014364
13957,ENSFALG00000014365,RAG2,RAG2
13958,ENSFALG00000014367,Znf628,ENSFALG00000014367
13959,ENSFALG00000014368,Wiz,ENSFALG00000014368
13960,ENSFALG00000014369,Smim3,SMIM3
13961,ENSFALG00000014371,Brd4,ENSFALG00000014371
13962,ENSFALG00000014372,RAG1,RAG1
13963,ENSFALG00000014375,ZHX2,ZHX2
13964,ENSFALG00000014378,Elf5,ENSFALG00000014378
13965,ENSFALG00000014379,MED7,MED7
13966,ENSFALG00000014380,ZHX1,ZHX1
13967,ENSFALG00000014382,Trim59,ENSFALG00000014382
13968,ENSFALG00000014383,SOX2,SOX2
13969,ENSFALG00000014384,POMGNT2,POMGNT2
13970,ENSFALG00000014385,C5H11orf24,ENSFALG00000014385
13971,ENSFALG00000014386,FNDC9,ENSFALG00000014386
13972,ENSFALG00000014388,RNF139,RNF139
13973,ENSFALG00000014389,GPR160,GPR160
13974,ENSFALG00000014390,LRRC3B,LRRC3B
13975,ENSFALG00000014391,Arl14,ARL14
13976,ENSFALG00000014393,Mettl15,ENSFALG00000014393
13977,ENSFALG00000014395,Hnrnpa0,HNRNPA0
13978,ENSFALG00000014396,LRATD2,LRATD2
13979,ENSFALG00000014398,Ighv39,ENSFALG00000014398
13980,ENSFALG00000014400,Ptrhd1,ENSFALG00000014400
13981,ENSFALG00000014401,Tlr5,ENSFALG00000014401
13982,ENSFALG00000014406,Hv03,ENSFALG00000014406
13983,ENSFALG00000014407,DRD1,DRD1
13984,ENSFALG00000014408,Cenpo,ENSFALG00000014408
13985,ENSFALG00000014411,PCDH20,ENSFALG00000014411
13986,ENSFALG00000014414,Or5g3,ENSFALG00000014414
13987,ENSFALG00000014415,MSX2,MSX2
13988,ENSFALG00000014417,S1PR3,S1PR3
13989,ENSFALG00000014420,KCTD4,KCTD4
13990,ENSFALG00000014423,Tril,TRIL
13991,ENSFALG00000014426,Topors,ENSFALG00000014426
13992,ENSFALG00000014428,Pirl2,ENSFALG00000014428
13993,ENSFALG00000014430,Sptssb,ENSFALG00000014430
13994,ENSFALG00000014433,ADRB2,ADRB2
13995,ENSFALG00000014436,SOCS5,SOCS5
13996,ENSFALG00000014437,Spert,ENSFALG00000014437
13997,ENSFALG00000014438,Gpr88,GPR88
13998,ENSFALG00000014439,RTN4R,RTN4R
13999,ENSFALG00000014441,Hsd17b10,ENSFALG00000014441
14000,ENSFALG00000014442,SPRY4,SPRY4
14001,ENSFALG00000014444,ALMS1,ENSFALG00000014444
14002,ENSFALG00000014445,PHLDA2,PHLDA2
14003,ENSFALG00000014446,S1PR1,S1PR1
14004,ENSFALG00000014448,Gas2l1,ENSFALG00000014448
14005,ENSFALG00000014454,TSSC4,TSSC4
14006,ENSFALG00000014456,CYSLTR2,CYSLTR2
14007,ENSFALG00000014457,ALMS1,ENSFALG00000014457
14008,ENSFALG00000014458,Chchd10,ENSFALG00000014458
14009,ENSFALG00000014459,Metrn,ENSFALG00000014459
14010,ENSFALG00000014461,FAM237B,FAM237B
14011,ENSFALG00000014462,STK31,ENSFALG00000014462
14012,ENSFALG00000014465,DCTN3,RPP25L
14013,ENSFALG00000014466,Ascl1,ASCL2
14014,ENSFALG00000014467,Znf281,ZNF281
14015,ENSFALG00000014468,Arl11,ARL11
14016,ENSFALG00000014469,RMI1,RMI1
14017,ENSFALG00000014470,Etv3,ENSFALG00000014470
14018,ENSFALG00000014471,Zbtb45,ENSFALG00000014471
14019,ENSFALG00000014474,CLDN12,CLDN12
14020,ENSFALG00000014476,Myorg,ENSFALG00000014476
14021,ENSFALG00000014477,ARF6,ARF6
14022,ENSFALG00000014478,RAP2B,RAP2B
14023,ENSFALG00000014479,GPR68,GPR68
14024,ENSFALG00000014480,B3GALT2,B3GALT2
14025,ENSFALG00000014481,TRIM13,TRIM13
14026,ENSFALG00000014482,Po24,ENSFALG00000014482
14027,ENSFALG00000014483,Gpr82,GPR82
14028,ENSFALG00000014485,ACTL10,ACTL10
14029,ENSFALG00000014487,FERD3L,FERD3L
14030,ENSFALG00000014488,FZD1,FZD1
14031,ENSFALG00000014489,Eys,ENSFALG00000014489
14032,ENSFALG00000014491,Dmrtb1,ENSFALG00000014491
14033,ENSFALG00000014492,CCDC71,CCDC71
14034,ENSFALG00000014494,P2RY1,P2RY1
14035,ENSFALG00000014495,HIC2,HIC2
14036,ENSFALG00000014496,Ermn,ENSFALG00000014496
14037,ENSFALG00000014497,Dhdh,ENSFALG00000014497
14038,ENSFALG00000014498,Arl4a,ARL4A
14039,ENSFALG00000014499,Ifn,ENSFALG00000014499
14040,ENSFALG00000014501,GPR34,GPR34
14041,ENSFALG00000014502,Tvb4,ENSFALG00000014502
14042,ENSFALG00000014503,GPR20,GPR20
14043,ENSFALG00000014504,Spata46,ENSFALG00000014504
14044,ENSFALG00000014506,Gpr173,GPR27
14045,ENSFALG00000014507,CLDN5,CLDN5
14046,ENSFALG00000014508,GPR65,GPR65
14047,ENSFALG00000014509,SUCNR1,SUCNR1
14048,ENSFALG00000014510,Mcoln1,ENSFALG00000014510
14049,ENSFALG00000014511,TRIM32,TRIM32
14050,ENSFALG00000014512,Htr1a,HTR1A
14051,ENSFALG00000014513,Lrrc3,LRRC3
14052,ENSFALG00000014514,Tas2r40,ENSFALG00000014514
14053,ENSFALG00000014515,NYX,NYX
14054,ENSFALG00000014517,TMEM121,TMEM121
14055,ENSFALG00000014519,TENT5B,TENT5B
14056,ENSFALG00000014521,P2RY2,P2RY2
14057,ENSFALG00000014522,Strn4,ENSFALG00000014522
14058,ENSFALG00000014523,GP1BB,GP1BB
14059,ENSFALG00000014524,P2RY12,P2RY12
14060,ENSFALG00000014525,LRRN1,LRRN1
14061,ENSFALG00000014527,Or10ac1,ENSFALG00000014527
14062,ENSFALG00000014528,FLRT2,FLRT2
14063,ENSFALG00000014529,AMER3,AMER3
14064,ENSFALG00000014530,MED9,ENSFALG00000014530
14065,ENSFALG00000014532,MID1IP1,MID1IP1
14066,ENSFALG00000014536,P2ry14,P2RY14
14067,ENSFALG00000014540,LPAR5,LPAR5
14068,ENSFALG00000014541,F2RL1,F2RL1
14069,ENSFALG00000014543,Nrxn3,ENSFALG00000014543
14070,ENSFALG00000014545,PIGC,PIGC
14071,ENSFALG00000014546,TNFSF4,ENSFALG00000014546
14072,ENSFALG00000014547,GPR148,ENSFALG00000014547
14073,ENSFALG00000014548,Hervk,ENSFALG00000014548
14074,ENSFALG00000014549,Coa4,ENSFALG00000014549
14075,ENSFALG00000014550,Gpr171,GPR171
14076,ENSFALG00000014551,Lrrn2,LRRN2
14077,ENSFALG00000014552,CMKLR1,CMKLR1
14078,ENSFALG00000014553,MED18,MED18
14079,ENSFALG00000014554,SOX11,SOX11
14080,ENSFALG00000014556,Gng11,ENSFALG00000014556
14081,ENSFALG00000014557,Ctxn2,CTXN2
14082,ENSFALG00000014558,TENT5C,TENT5C
14083,ENSFALG00000014560,UTP3,UTP3
14084,ENSFALG00000014561,B3galt1,B3GALT1
14085,ENSFALG00000014562,C1GALT1C1,ENSFALG00000014562
14086,ENSFALG00000014564,GCNT4,GCNT4
14087,ENSFALG00000014565,Klf13,KLF13
14088,ENSFALG00000014566,DIRAS2,DIRAS2
14089,ENSFALG00000014568,GCNT1,GCNT1
14090,ENSFALG00000014573,METTL18,METTL18
14091,ENSFALG00000014576,PHOSPHO2,PHOSPHO2
14092,ENSFALG00000014578,Art1,ENSFALG00000014578
14093,ENSFALG00000014580,CUNH1orf159,ENSFALG00000014580
14094,ENSFALG00000014581,ZBTB33,ZBTB33
14095,ENSFALG00000014583,ENC1,ENC1
14096,ENSFALG00000014585,ZNF648,ENSFALG00000014585
14097,ENSFALG00000014587,DSEL,DSEL
14098,ENSFALG00000014589,Ca074,ENSFALG00000014589
14099,ENSFALG00000014590,Mip,ENSFALG00000014590
14100,ENSFALG00000014592,FUT7,FUT7
14101,ENSFALG00000014593,B3GALT6,B3GALT6
14102,ENSFALG00000014595,Ddx28,ENSFALG00000014595
14103,ENSFALG00000014596,Stbd1,STBD1
14104,ENSFALG00000014597,Btn2a2,ENSFALG00000014597
14105,ENSFALG00000014598,SOCS6,SOCS6
14106,ENSFALG00000014599,Tor1aip1,ENSFALG00000014599
14107,ENSFALG00000014600,Sowahd,ENSFALG00000014600
14108,ENSFALG00000014603,G0S2,G0S2
14109,ENSFALG00000014604,SAE1,ENSFALG00000014604
14110,ENSFALG00000014605,KCNJ11,KCNJ11
14111,ENSFALG00000014607,ZNF91,ENSFALG00000014607
14112,ENSFALG00000014609,Flot1,ENSFALG00000014609
14113,ENSFALG00000014611,PHLDA3,PHLDA3
14114,ENSFALG00000014613,Nfil3,NFIL3
14115,ENSFALG00000014615,KIAA0040,KIAA0040
14116,ENSFALG00000014616,B3GNT4,B3GNT4
14117,ENSFALG00000014617,Mslnl,ENSFALG00000014617
14118,ENSFALG00000014618,Pifo,ENSFALG00000014618
14119,ENSFALG00000014619,Nelfe,ENSFALG00000014619
14120,ENSFALG00000014620,ASCL3,ASCL3
14121,ENSFALG00000014622,ING2,ING2
14122,ENSFALG00000014624,Spag4,ENSFALG00000014624
14123,ENSFALG00000014627,KCNF1,KCNF1
14124,ENSFALG00000014630,CXCR5,CXCR5
14125,ENSFALG00000014631,Knstrn,ENSFALG00000014631
14126,ENSFALG00000014632,RPRML,RPRML
14127,ENSFALG00000014634,NRARP,NRARP
14128,ENSFALG00000014635,Yod1,YOD1
14129,ENSFALG00000014636,Kcna2,KCNA2
14130,ENSFALG00000014637,CKAP4,CKAP4
14131,ENSFALG00000014640,FAHD1,FAHD1
14132,ENSFALG00000014642,Amer1,ENSFALG00000014642
14133,ENSFALG00000014643,AGTR2,AGTR2
14134,ENSFALG00000014644,Ap2s1,ENSFALG00000014644
14135,ENSFALG00000014645,Rergl,ENSFALG00000014645
14136,ENSFALG00000014646,Bcl2l14,ENSFALG00000014646
14137,ENSFALG00000014647,Hervk,ENSFALG00000014647
14138,ENSFALG00000014649,Slc25a51,ENSFALG00000014649
14139,ENSFALG00000014650,SNRNP35,SNRNP35
14140,ENSFALG00000014651,Dnajb8,DNAJB8
14141,ENSFALG00000014652,CLDN25,ENSFALG00000014652
14142,ENSFALG00000014653,Sf3b2,SF3B2
14143,ENSFALG00000014656,Ube2z,ENSFALG00000014656
14144,ENSFALG00000014657,HAGH,ENSFALG00000014657
14145,ENSFALG00000014659,HTR1B,HTR1B
14146,ENSFALG00000014661,NGF,NGF
14147,ENSFALG00000014662,SOD3,SOD3
14148,ENSFALG00000014663,Tlr13,ENSFALG00000014663
14149,ENSFALG00000014664,Hdhd3,HDHD3
14150,ENSFALG00000014665,HTR1F,HTR1F
14151,ENSFALG00000014666,FZD10,FZD10
14152,ENSFALG00000014669,Kctd12,ENSFALG00000014669
14153,ENSFALG00000014670,GPR22,GPR22
14154,ENSFALG00000014671,H1fx,H1FX
14155,ENSFALG00000014672,RASSF3,ENSFALG00000014672
14156,ENSFALG00000014674,PRSS35,PRSS35
14157,ENSFALG00000014675,HS3ST6,HS3ST6
14158,ENSFALG00000014676,RMDN3,ENSFALG00000014676
14159,ENSFALG00000014679,DIRAS1,DIRAS1
14160,ENSFALG00000014680,Cathl3,ENSFALG00000014680
14161,ENSFALG00000014681,Cela1,ENSFALG00000014681
14162,ENSFALG00000014683,Tmem271,ENSFALG00000014683
14163,ENSFALG00000014684,SLITRK6,SLITRK6
14164,ENSFALG00000014685,Smim29,ENSFALG00000014685
14165,ENSFALG00000014686,FGFBP2,FGFBP2
14166,ENSFALG00000014687,Dyrk2,DYRK2
14167,ENSFALG00000014693,Reln,ENSFALG00000014693
14168,ENSFALG00000014696,Kcne3,KCNE3
14169,ENSFALG00000014697,Hist2h2ab,ENSFALG00000014697
14170,ENSFALG00000014698,Klk14,ENSFALG00000014698
14171,ENSFALG00000014699,Sdhc,ENSFALG00000014699
14172,ENSFALG00000014700,Cdc26,ENSFALG00000014700
14173,ENSFALG00000014703,GPR63,GPR63
14174,ENSFALG00000014704,DNAJC28,DNAJC28
14175,ENSFALG00000014705,SLITRK1,SLITRK1
14176,ENSFALG00000014706,ACKR2,ACKR2
14177,ENSFALG00000014708,FGFBP1,FGFBP1
14178,ENSFALG00000014709,Pgp,ENSFALG00000014709
14179,ENSFALG00000014710,HTR1E,HTR1E
14180,ENSFALG00000014711,TMEM60,TMEM60
14181,ENSFALG00000014712,Pml,ENSFALG00000014712
14182,ENSFALG00000014714,Lrrc10,LRRC10
14183,ENSFALG00000014715,POU4F3-2,ENSFALG00000014715
14184,ENSFALG00000014716,GJA8,GJA8
14185,ENSFALG00000014717,FBXL14,FBXL14
14186,ENSFALG00000014719,Cdc26,ENSFALG00000014719
14187,ENSFALG00000014720,Cyp8b1,CYP8B1
14188,ENSFALG00000014722,Lip2,ENSFALG00000014722
14189,ENSFALG00000014723,Ssna1,ENSFALG00000014723
14190,ENSFALG00000014724,TASL,CXorf21
14191,ENSFALG00000014725,HS3ST1,HS3ST1
14192,ENSFALG00000014726,H110,ENSFALG00000014726
14193,ENSFALG00000014728,Pirt,PIRT
14194,ENSFALG00000014729,Hoxb3,ENSFALG00000014729
14195,ENSFALG00000014730,Mc4r,MC4R
14196,ENSFALG00000014731,PIFO,ENSFALG00000014731
14197,ENSFALG00000014732,GJA5,GJA5
14198,ENSFALG00000014733,SPRY2,SPRY2
14199,ENSFALG00000014734,Naa10,ENSFALG00000014734
14200,ENSFALG00000014735,MRPL41,MRPL41
14201,ENSFALG00000014737,PAQR5,ENSFALG00000014737
14202,ENSFALG00000014738,Neu3,ENSFALG00000014738
14203,ENSFALG00000014739,GJC2,GJC2
14204,ENSFALG00000014741,ZNF518B,ZNF518B
14205,ENSFALG00000014743,Gjb7,GJB7
14206,ENSFALG00000014745,PHLDA1,PHLDA1
14207,ENSFALG00000014746,Togaram2,ENSFALG00000014746
14208,ENSFALG00000014747,pol,ENSFALG00000014747
14209,ENSFALG00000014749,Gnl1,ENSFALG00000014749
14210,ENSFALG00000014750,SNN,SNN
14211,ENSFALG00000014751,RNF152,RNF152
14212,ENSFALG00000014754,Nop9,ENSFALG00000014754
14213,ENSFALG00000014760,Mrpl17,ENSFALG00000014760
14214,ENSFALG00000014763,Abcf1,ENSFALG00000014763
14215,ENSFALG00000014764,THNSL1,THNSL1
14216,ENSFALG00000014768,Bbs10,ENSFALG00000014768
14217,ENSFALG00000014771,Sertm1,SERTM1
14218,ENSFALG00000014772,SOCS1,SOCS1
14219,ENSFALG00000014774,TNRC4,ENSFALG00000014774
14220,ENSFALG00000014775,C4H4orf50,ENSFALG00000014775
14221,ENSFALG00000014776,Gcc1,ENSFALG00000014776
14222,ENSFALG00000014778,STX19,STX19
14223,ENSFALG00000014779,Hsh2d,ENSFALG00000014779
14224,ENSFALG00000014780,Topors,ENSFALG00000014780
14225,ENSFALG00000014781,Mab21l2,MAB21L2
14226,ENSFALG00000014784,gag,ENSFALG00000014784
14227,ENSFALG00000014785,MAB21L1,MAB21L1
14228,ENSFALG00000014786,BDKRB2,BDKRB2
14229,ENSFALG00000014789,Psmg4,ENSFALG00000014789
14230,ENSFALG00000014791,NPBWR1,NPBWR1
14231,ENSFALG00000014792,Borcs6,ENSFALG00000014792
14232,ENSFALG00000014795,CGGBP1,CGGBP1
14233,ENSFALG00000014798,Hmx3b,ENSFALG00000014798
14234,ENSFALG00000014799,Cdx2,ENSFALG00000014799
14235,ENSFALG00000014800,Tmem186,TMEM186
14236,ENSFALG00000014801,BDKRB1,BDKRB1
14237,ENSFALG00000014803,PHOSPHO1,PHOSPHO1
14238,ENSFALG00000014804,Rpp38,RPP38
14239,ENSFALG00000014805,Pou4f2,POU4F2
14240,ENSFALG00000014807,RASSF9,RASSF9
14241,ENSFALG00000014811,Imp3,IMP3
14242,ENSFALG00000014816,MOS,MOS
14243,ENSFALG00000014819,Gip,ENSFALG00000014819
14244,ENSFALG00000014820,GALNT4,ENSFALG00000014820
14245,ENSFALG00000014821,Fam43b,FAM43B
14246,ENSFALG00000014822,Btn2a1,ENSFALG00000014822
14247,ENSFALG00000014823,Ighv364d,ENSFALG00000014823
14248,ENSFALG00000014826,Shisa2,SHISA2
14249,ENSFALG00000014827,Tas2r7,ENSFALG00000014827
14250,ENSFALG00000014828,RNF182,RNF182
14251,ENSFALG00000014829,Snx11,ENSFALG00000014829
14252,ENSFALG00000014830,Tmem140,ENSFALG00000014830
14253,ENSFALG00000014832,ADRA2C,ADRA2C
14254,ENSFALG00000014834,CTXN1,CTXN1
14255,ENSFALG00000014835,Topors,ENSFALG00000014835
14256,ENSFALG00000014836,FAM110B,FAM110B
14257,ENSFALG00000014840,MRPL57,MRPL57
14258,ENSFALG00000014841,Chst5,ENSFALG00000014841
14259,ENSFALG00000014842,UBXN10,UBXN10
14260,ENSFALG00000014843,Ccdc85c,ENSFALG00000014843
14261,ENSFALG00000014845,Ighv320,ENSFALG00000014845
14262,ENSFALG00000014847,GPRIN3,GPRIN3
14263,ENSFALG00000014848,GDF7,GDF7
14264,ENSFALG00000014849,S1pr2,S1PR2
14265,ENSFALG00000014850,PAQR8,PAQR8
14266,ENSFALG00000014851,Gjb6,ENSFALG00000014851
14267,ENSFALG00000014853,Gpr19,ENSFALG00000014853
14268,ENSFALG00000014854,Tnfaip8l1,TNFAIP8L1
14269,ENSFALG00000014856,SMCO3,SMCO3
14270,ENSFALG00000014858,Mrpl9,ENSFALG00000014858
14271,ENSFALG00000014859,Chst4,ENSFALG00000014859
14272,ENSFALG00000014860,Slu7,ENSFALG00000014860
14273,ENSFALG00000014861,Nkx11,ENSFALG00000014861
14274,ENSFALG00000014862,Or14a2,ENSFALG00000014862
14275,ENSFALG00000014863,Dio3,ENSFALG00000014863
14276,ENSFALG00000014864,Rhob,RHOB
14277,ENSFALG00000014865,RNF186,RNF186
14278,ENSFALG00000014866,GJA3,GJA3
14279,ENSFALG00000014867,Grid2,ENSFALG00000014867
14280,ENSFALG00000014868,Gal4,ENSFALG00000014868
14281,ENSFALG00000014869,Fem1a,FEM1A
14282,ENSFALG00000014870,NHLRC4,ENSFALG00000014870
14283,ENSFALG00000014871,H2a,ENSFALG00000014871
14284,ENSFALG00000014872,TENT5D,TENT5D
14285,ENSFALG00000014873,Atoh8,ENSFALG00000014873
14286,ENSFALG00000014874,Pld3,ENSFALG00000014874
14287,ENSFALG00000014875,KCNA1,KCNA1
14288,ENSFALG00000014876,Atxn1l,ATXN1L
14289,ENSFALG00000014878,Zpbp1,ENSFALG00000014878
14290,ENSFALG00000014879,C8orf88,ENSFALG00000014879
14291,ENSFALG00000014880,GPR19,ENSFALG00000014880
14292,ENSFALG00000014882,Tlr1,ENSFALG00000014882
14293,ENSFALG00000014883,ANKRD9,ANKRD9
14294,ENSFALG00000014885,Cker1,ENSFALG00000014885
14295,ENSFALG00000014886,Tifa,TIFA
14296,ENSFALG00000014887,GPR174,ENSFALG00000014887
14297,ENSFALG00000014888,SUPT5H,ENSFALG00000014888
14298,ENSFALG00000014889,FIGN,FIGN
14299,ENSFALG00000014891,MC1R,MC1R
14300,ENSFALG00000014892,Etfb,ENSFALG00000014892
14301,ENSFALG00000014893,RBM12B,RBM12B
14302,ENSFALG00000014894,H2B-I,ENSFALG00000014894
14303,ENSFALG00000014896,Hoxc13a,ENSFALG00000014896
14304,ENSFALG00000014897,FIGNL1,FIGNL1
14305,ENSFALG00000014898,Zbtb18.2,ENSFALG00000014898
14306,ENSFALG00000014900,Znf606,ENSFALG00000014900
14307,ENSFALG00000014902,Tlr6,ENSFALG00000014902
14308,ENSFALG00000014904,Btnl3,ENSFALG00000014904
14309,ENSFALG00000014906,Mpz,ENSFALG00000014906
14310,ENSFALG00000014907,PLEKHF2,PLEKHF2
14311,ENSFALG00000014908,RDH14,RDH14
14312,ENSFALG00000014910,H4-I,HIST1H4I
14313,ENSFALG00000014912,Rpl13a,ENSFALG00000014912
14314,ENSFALG00000014916,A33,ENSFALG00000014916
14315,ENSFALG00000014922,Lsr,ENSFALG00000014922
14316,ENSFALG00000014923,LPAR4,LPAR4
14317,ENSFALG00000014925,GPR132,ENSFALG00000014925
14318,ENSFALG00000014926,Hervk,ENSFALG00000014926
14319,ENSFALG00000014927,Psmb6,ENSFALG00000014927
14320,ENSFALG00000014928,Rps5,ENSFALG00000014928
14321,ENSFALG00000014929,KCNS3,KCNS3
14322,ENSFALG00000014930,Fam136a,ENSFALG00000014930
14323,ENSFALG00000014931,KCNS2,KCNS2
14324,ENSFALG00000014932,Atp13a1,ENSFALG00000014932
14325,ENSFALG00000014933,Tf29,ENSFALG00000014933
14326,ENSFALG00000014935,Ccm1,CALML3
14327,ENSFALG00000014936,Topors,ENSFALG00000014936
14328,ENSFALG00000014937,Rps26,RPS26
14329,ENSFALG00000014938,Prr15l,PRR15L
14330,ENSFALG00000014939,H3-I,ENSFALG00000014939
14331,ENSFALG00000014940,ADPRHL1,ENSFALG00000014940
14332,ENSFALG00000014941,CLDN20,CLDN20
14333,ENSFALG00000014942,Retsat,ENSFALG00000014942
14334,ENSFALG00000014944,CYSLTR1,CYSLTR1
14335,ENSFALG00000014945,Fbf1,ENSFALG00000014945
14336,ENSFALG00000014947,KLHL26,KLHL26
14337,ENSFALG00000014948,C3AR1,C3AR1
14338,ENSFALG00000014949,Tmem74,TMEM74
14339,ENSFALG00000014951,Bloc1s3,ENSFALG00000014951
14340,ENSFALG00000014953,CHAMP1,CHAMP1
14341,ENSFALG00000014954,Ce030,C5orf30
14342,ENSFALG00000014955,Cox14,ENSFALG00000014955
14343,ENSFALG00000014956,NPBWR2,NPBWR2
14344,ENSFALG00000014957,UCN3,ENSFALG00000014957
14345,ENSFALG00000014958,PEX2,PEX2
14346,ENSFALG00000014959,ZC2HC1B,ENSFALG00000014959
14347,ENSFALG00000014960,P2RY4,P2RY4
14348,ENSFALG00000014961,H2B-I,ENSFALG00000014961
14349,ENSFALG00000014964,LRRC8D,LRRC8D
14350,ENSFALG00000014966,Xaf1,ENSFALG00000014966
14351,ENSFALG00000014967,KCNJ1,KCNJ1
14352,ENSFALG00000014969,TSKU,TSKU
14353,ENSFALG00000014970,Hsp70,HSPA2
14354,ENSFALG00000014971,Sowahc,ENSFALG00000014971
14355,ENSFALG00000014974,Psmd8,ENSFALG00000014974
14356,ENSFALG00000014977,H2B-I,ENSFALG00000014977
14357,ENSFALG00000014981,OMG,OMG
14358,ENSFALG00000014982,MEX3A,MEX3A
14359,ENSFALG00000014984,WDR89,WDR89
14360,ENSFALG00000014985,Ccdc57,ENSFALG00000014985
14361,ENSFALG00000014989,Ets1,ENSFALG00000014989
14362,ENSFALG00000014990,Twist2,TWIST2
14363,ENSFALG00000014992,Mid1ip1b,ENSFALG00000014992
14364,ENSFALG00000014993,Hist2h2ab,ENSFALG00000014993
14365,ENSFALG00000014997,Mrpl34,MRPL34
14366,ENSFALG00000014998,ISY1,ENSFALG00000014998
14367,ENSFALG00000015000,MYADML2,MYADML2
14368,ENSFALG00000015001,CITED2,CITED2
14369,ENSFALG00000015004,Npy4r,ENSFALG00000015004
14370,ENSFALG00000015005,HYLS1,ENSFALG00000015005
14371,ENSFALG00000015006,Fndc9,ENSFALG00000015006
14372,ENSFALG00000015008,THRSP,ENSFALG00000015008
14373,ENSFALG00000015009,H3-I,ENSFALG00000015009
14374,ENSFALG00000015012,SF3B5,SF3B5
14375,ENSFALG00000015013,ARC,ARC
14376,ENSFALG00000015015,Ppp1r3d,PPP1R3D
14377,ENSFALG00000015016,Oxld1,ENSFALG00000015016
14378,ENSFALG00000015018,UTS2R,UTS2R
14379,ENSFALG00000015019,P2RY8,P2RY8
14380,ENSFALG00000015020,LRRC18,LRRC18
14381,ENSFALG00000015022,Ndufc2,ENSFALG00000015022
14382,ENSFALG00000015025,PURA,PURA
14383,ENSFALG00000015031,Atp5f1e,ENSFALG00000015031
14384,ENSFALG00000015032,SSTR2,SSTR2
14385,ENSFALG00000015033,Zbed1,ZBED1
14386,ENSFALG00000015034,Stx11,STX11
14387,ENSFALG00000015035,Cefip,ENSFALG00000015035
14388,ENSFALG00000015036,Uts2r,ENSFALG00000015036
14389,ENSFALG00000015038,Tlr2,ENSFALG00000015038
14390,ENSFALG00000015039,Prlhr,ENSFALG00000015039
14391,ENSFALG00000015040,LRATD1,LRATD1
14392,ENSFALG00000015043,SOCS4,SOCS4
14393,ENSFALG00000015044,Clec2l,ENSFALG00000015044
14394,ENSFALG00000015045,ENSRNOG00000062927,ENSFALG00000015045
14395,ENSFALG00000015047,Kctd21,KCTD21
14396,ENSFALG00000015050,Fam155a,ENSFALG00000015050
14397,ENSFALG00000015051,PPP1R3C,PPP1R3C
14398,ENSFALG00000015053,Samd5,ENSFALG00000015053
14399,ENSFALG00000015054,Cd7,ENSFALG00000015054
14400,ENSFALG00000015057,ITGAM,ENSFALG00000015057
14401,ENSFALG00000015058,NRIP1,NRIP1
14402,ENSFALG00000015060,Cartpt,ENSFALG00000015060
14403,ENSFALG00000015061,PRSS23,PRSS23
14404,ENSFALG00000015063,H3-I,ENSFALG00000015063
14405,ENSFALG00000015064,Fam155a,ENSFALG00000015064
14406,ENSFALG00000015065,DUSP14,DUSP14
14407,ENSFALG00000015068,Pigm,PIGM
14408,ENSFALG00000015069,Dl,ENSFALG00000015069
14409,ENSFALG00000015070,MC3R,MC3R
14410,ENSFALG00000015072,Rep15,REP15
14411,ENSFALG00000015075,Mcl1,ENSFALG00000015075
14412,ENSFALG00000015076,Rbm11,ENSFALG00000015076
14413,ENSFALG00000015077,PIGW,PIGW
14414,ENSFALG00000015079,Grem2,GREM2
14415,ENSFALG00000015080,ADRA2A,ADRA2A
14416,ENSFALG00000015083,H2B-I,ENSFALG00000015083
14417,ENSFALG00000015086,AMIGO2,AMIGO2
14418,ENSFALG00000015088,Pcdhga10,ENSFALG00000015088
14419,ENSFALG00000015089,LRRN3,LRRN3
14420,ENSFALG00000015090,A4galt,ENSFALG00000015090
14421,ENSFALG00000015091,MYO15B,ENSFALG00000015091
14422,ENSFALG00000015092,Nrtn,ENSFALG00000015092
14423,ENSFALG00000015093,Lpar1,ENSFALG00000015093
14424,ENSFALG00000015094,H2B-I,ENSFALG00000015094
14425,ENSFALG00000015095,CHRM3,CHRM3
14426,ENSFALG00000015096,CCDC153,ENSFALG00000015096
14427,ENSFALG00000015097,TACSTD2,TACSTD2
14428,ENSFALG00000015098,Arl4c,ARL4C
14429,ENSFALG00000015099,NEUROD4,NEUROD4
14430,ENSFALG00000015101,Gpr85,GPR85
14431,ENSFALG00000015103,Upk3a,ENSFALG00000015103
14432,ENSFALG00000015105,Foxe1,ENSFALG00000015105
14433,ENSFALG00000015106,MCHR1,MCHR1
14434,ENSFALG00000015107,OTOS,OTOS
14435,ENSFALG00000015108,H3-I,ENSFALG00000015108
14436,ENSFALG00000015110,Ptrh2,PTRH2
14437,ENSFALG00000015111,Ugt1a6,ENSFALG00000015111
14438,ENSFALG00000015112,Hspb3,HSPB3
14439,ENSFALG00000015113,JUN,JUN
14440,ENSFALG00000015114,TOPORS,TOPORS
14441,ENSFALG00000015115,Pkdrej,ENSFALG00000015115
14442,ENSFALG00000015116,FZD2,FZD2
14443,ENSFALG00000015117,Ncoa1,ENSFALG00000015117
14444,ENSFALG00000015118,TMTC4,GGACT
14445,ENSFALG00000015119,Tob1,TOB1
14446,ENSFALG00000015120,GPR55,GPR55
14447,ENSFALG00000015122,Smim15,ENSFALG00000015122
14448,ENSFALG00000015123,TNFAIP8,TNFAIP8
14449,ENSFALG00000015127,PKDREJ,ENSFALG00000015127
14450,ENSFALG00000015128,HEMGN,ENSFALG00000015128
14451,ENSFALG00000015130,Tmem211,ENSFALG00000015130
14452,ENSFALG00000015131,LPAR1,ENSFALG00000015131
14453,ENSFALG00000015133,Taz,ENSFALG00000015133
14454,ENSFALG00000015134,MIS12,MIS12
14455,ENSFALG00000015136,Pogz,ENSFALG00000015136
14456,ENSFALG00000015137,Smim15,ENSFALG00000015137
14457,ENSFALG00000015139,Rhoh,RHOH
14458,ENSFALG00000015140,Marveld1,MARVELD1
14459,ENSFALG00000015141,Tspan3,ENSFALG00000015141
14460,ENSFALG00000015142,APOLD1,APOLD1
14461,ENSFALG00000015143,GBX2,GBX2
14462,ENSFALG00000015144,Emc6,EMC6
14463,ENSFALG00000015145,FOXL2,FOXL2
14464,ENSFALG00000015146,ZFP36L1,ZFP36L1
14465,ENSFALG00000015147,Frem1,ENSFALG00000015147
14466,ENSFALG00000015149,GPR183,GPR183
14467,ENSFALG00000015152,LINGO2,LINGO2
14468,ENSFALG00000015153,RAB9B,RAB9B
14469,ENSFALG00000015154,Hps6,HPS6
14470,ENSFALG00000015156,ACKR3,ACKR3
14471,ENSFALG00000015157,NOG,NOG
14472,ENSFALG00000015158,FAM222B,FAM222B
14473,ENSFALG00000015159,RAB9A,RAB9A
14474,ENSFALG00000015160,Tmem229b,TMEM229B
14475,ENSFALG00000015164,Tlr1,ENSFALG00000015164
14476,ENSFALG00000015166,CUNH10orf95,ENSFALG00000015166
14477,ENSFALG00000015167,GPR18,GPR18
14478,ENSFALG00000015168,NFAM1,ENSFALG00000015168
14479,ENSFALG00000015171,TCEANC,TCEANC
14480,ENSFALG00000015173,Shisa3,SHISA3
14481,ENSFALG00000015176,Topors,ENSFALG00000015176
14482,ENSFALG00000015177,ITPRIP,ITPRIP
14483,ENSFALG00000015178,Pheta2,PHETA2
14484,ENSFALG00000015179,OXGR1,OXGR1
14485,ENSFALG00000015180,OVCA2,OVCA2
14486,ENSFALG00000015181,Gjb1,GJB1
14487,ENSFALG00000015183,KCNJ16,KCNJ16
14488,ENSFALG00000015184,CHRM5,CHRM5
14489,ENSFALG00000015193,Kcnj2,KCNJ2
14490,ENSFALG00000015194,HS6ST3,ENSFALG00000015194
14491,ENSFALG00000015195,Odf3,ENSFALG00000015195
14492,ENSFALG00000015199,Zscan20,ENSFALG00000015199
14493,ENSFALG00000015201,CLDN34,CLDN34
14494,ENSFALG00000015202,H1-0,H1F0
14495,ENSFALG00000015204,SLITRK4,SLITRK4
14496,ENSFALG00000015205,SOX21,SOX21
14497,ENSFALG00000015209,Lingo1,LINGO1
14498,ENSFALG00000015211,KCNE4,KCNE4
14499,ENSFALG00000015212,ELFN2,ELFN2
14500,ENSFALG00000015214,Ccl5,ENSFALG00000015214
14501,ENSFALG00000015215,FMO3,ENSFALG00000015215
14502,ENSFALG00000015217,SLITRK2,SLITRK2
14503,ENSFALG00000015219,SSTR1,SSTR1
14504,ENSFALG00000015220,PROB1,ENSFALG00000015220
14505,ENSFALG00000015221,RPP25,RPP25
14506,ENSFALG00000015222,SSTR3,SSTR3
14507,ENSFALG00000015223,AGTR1,AGTR1
14508,ENSFALG00000015224,GPR6,GPR6
14509,ENSFALG00000015225,Ackr1,ENSFALG00000015225
14510,ENSFALG00000015226,Hsp30c,ENSFALG00000015226
14511,ENSFALG00000015227,Pygo2,PYGO2
14512,ENSFALG00000015228,TSSK2,TSSK2
14513,ENSFALG00000015230,VRTN,VRTN
14514,ENSFALG00000015233,Ptx2,ENSFALG00000015233
14515,ENSFALG00000015234,MTERF2,MTERF2
14516,ENSFALG00000015236,Sptbn1,ENSFALG00000015236
14517,ENSFALG00000015238,Hb2l,ENSFALG00000015238
14518,ENSFALG00000015242,ASAP3,ENSFALG00000015242
14519,ENSFALG00000015243,TAL2,TAL2
14520,ENSFALG00000015245,Inka2,ENSFALG00000015245
14521,ENSFALG00000015248,Fam43a,FAM43A
14522,ENSFALG00000015249,Klf9,KLF9
14523,ENSFALG00000015250,Gas1,GAS1
14524,ENSFALG00000015252,TTC30A,ENSFALG00000015252
14525,ENSFALG00000015254,Zc3h10,ENSFALG00000015254
14526,ENSFALG00000015255,HCRT,HCRT
14527,ENSFALG00000015256,Mafa,MAFA
14528,ENSFALG00000015259,ATP13A3,GP5
14529,ENSFALG00000015260,Rnf151,ENSFALG00000015260
14530,ENSFALG00000015263,TTN,ENSFALG00000015263
14531,ENSFALG00000015264,Ervk10,ENSFALG00000015264
14532,ENSFALG00000015265,Bcdin3d,ENSFALG00000015265
14533,ENSFALG00000015266,Ghdc,ENSFALG00000015266
14534,ENSFALG00000015267,Nanp,NANP
14535,ENSFALG00000015268,DOLK,DOLK
14536,ENSFALG00000015269,LRRC15,LRRC15
14537,ENSFALG00000015270,Hmx3,HMX3
14538,ENSFALG00000015273,NEUROD1,NEUROD1
14539,ENSFALG00000015274,DAZAP2,ENSFALG00000015274
14540,ENSFALG00000015275,Or10c1,ENSFALG00000015275
14541,ENSFALG00000015276,MRPS12,MRPS12
14542,ENSFALG00000015279,CDC42EP3,CDC42EP3
14543,ENSFALG00000015280,ZBED4,ZBED4
14544,ENSFALG00000015281,Hmx2,HMX2
14545,ENSFALG00000015282,Rarres2,ENSFALG00000015282
14546,ENSFALG00000015283,Or5v1,ENSFALG00000015283
14547,ENSFALG00000015284,PLN,PLN
14548,ENSFALG00000015287,CMKLR2,GPR1
14549,ENSFALG00000015289,Or6y1,OR6P1
14550,ENSFALG00000015291,B3GNT7,B3GNT7
14551,ENSFALG00000015292,Or4d5,ENSFALG00000015292
14552,ENSFALG00000015296,CEND1,ENSFALG00000015296
14553,ENSFALG00000015297,FZD5,ENSFALG00000015297
14554,ENSFALG00000015298,B3GNT5,B3GNT5
14555,ENSFALG00000015301,GJA1,GJA1
14556,ENSFALG00000015304,Olfr12,OR9H1P
14557,ENSFALG00000015305,FZD7,FZD7
14558,ENSFALG00000015307,Abra,ENSFALG00000015307
14559,ENSFALG00000015308,Pml,ENSFALG00000015308
14560,ENSFALG00000015309,Or4d9,ENSFALG00000015309
14561,ENSFALG00000015310,Prg3,ENSFALG00000015310
14562,ENSFALG00000015311,SGO2,ENSFALG00000015311
14563,ENSFALG00000015312,RNF146,RNF146
14564,ENSFALG00000015313,Fign,ENSFALG00000015313
14565,ENSFALG00000015314,Or10a7,ENSFALG00000015314
14566,ENSFALG00000015315,Aplnr,APLNR
14567,ENSFALG00000015316,KBTBD13,KBTBD13
14568,ENSFALG00000015317,Tssk6,TSSK6
14569,ENSFALG00000015318,TMEM200A,TMEM200A
14570,ENSFALG00000015320,Olfr49,ENSFALG00000015320
14571,ENSFALG00000015321,COX8B,ENSFALG00000015321
14572,ENSFALG00000015323,Znf638,ENSFALG00000015323
14573,ENSFALG00000015324,MSH5,ENSFALG00000015324
14574,ENSFALG00000015326,KLHL25,KLHL25
14575,ENSFALG00000015327,C15orf62,C15orf62
14576,ENSFALG00000015328,Tarbp2,ENSFALG00000015328
14577,ENSFALG00000015329,Pkig,ENSFALG00000015329
14578,ENSFALG00000015336,FLRT3,FLRT3
14579,ENSFALG00000015337,C6orf120,C6orf120
14580,ENSFALG00000015338,MAS1,MAS1
14581,ENSFALG00000015339,Blcap,BLCAP
14582,ENSFALG00000015340,Krf3,ENSFALG00000015340
14583,ENSFALG00000015341,Fam89a,FAM89A
14584,ENSFALG00000015342,Nkx26,ENSFALG00000015342
14585,ENSFALG00000015345,Tgfa,ENSFALG00000015345
14586,ENSFALG00000015346,MYCT1,MYCT1
14587,ENSFALG00000015347,TLR2-1,ENSFALG00000015347
14588,ENSFALG00000015350,Gdpgp1,ENSFALG00000015350
14589,ENSFALG00000015352,Efna1,ENSFALG00000015352
14590,ENSFALG00000015354,PCARE,ENSFALG00000015354
14591,ENSFALG00000016235,nad1,ND1
14592,ENSFALG00000016239,nad2,ND2
14593,ENSFALG00000016245,cox1,COX1
14594,ENSFALG00000016248,cox2,COX2
14595,ENSFALG00000016250,atp8,ATP8
14596,ENSFALG00000016251,atp6,ATP6
14597,ENSFALG00000016252,cox3,COX3
14598,ENSFALG00000016254,nad3,ND3
14599,ENSFALG00000016256,nad4l,ND4L
14600,ENSFALG00000016257,nad4,ND4
14601,ENSFALG00000016261,nad5,ND5
14602,ENSFALG00000016262,cytb,CYTB
14603,ENSFALG00000016265,nad6,ND6